	NQ	E_COAST	N_AUS	alecto_alecto	INDO	WETTROPICS	PNG
NQ		0.0170296	0.0228447	0.136307	0.0654645	0.0622931	0.0732819
E_COAST			0.0250249	0.121105	0.0630244	0.0609571	0.0685861
N_AUS				0.147966	0.0525475	0.0798733	0.0930649
alecto_alecto					0.269284	0.143909	0.187067
INDO						0.119483	0.145651
WETTROPICS							0.0177842
