#FID1	IID1	FID2	IID2	NSNP	HETHET	IBS0	KINSHIP
0	1304004_SFF	0	1304001_SFF	15753	0.0784612	0.0315495	0.0326342
0	1304006_SFF	0	1304001_SFF	16054	0.0778622	0.0350691	0.00891541
0	1304006_SFF	0	1304004_SFF	16475	0.0755083	0.0355083	0.00331795
0	1304010_SFF	0	1304001_SFF	9982	0.0851533	0.0242436	0.0648579
0	1304010_SFF	0	1304004_SFF	10188	0.0852964	0.0238516	0.0644719
0	1304010_SFF	0	1304006_SFF	10355	0.0858522	0.0261709	0.0460588
0	1304011_SFF	0	1304001_SFF	15805	0.0774438	0.0311294	0.0317635
0	1304011_SFF	0	1304004_SFF	16229	0.075667	0.0336435	0.0194787
0	1304011_SFF	0	1304006_SFF	16557	0.0751344	0.0349701	0.00744772
0	1304011_SFF	0	1304010_SFF	10233	0.0866803	0.0229649	0.0693346
0	1306009_SFF	0	1304001_SFF	16097	0.0761633	0.0339815	0.0166714
0	1306009_SFF	0	1304004_SFF	16533	0.0759693	0.0344765	0.0153943
0	1306009_SFF	0	1304006_SFF	16880	0.0796801	0.0375	0.00230318
0	1306009_SFF	0	1304010_SFF	10375	0.0809639	0.0244819	0.0462195
0	1306009_SFF	0	1304011_SFF	16621	0.0765297	0.0344745	0.0139821
0	1306011_SFF	0	1304001_SFF	16179	0.0778169	0.0357871	0.0126842
0	1306011_SFF	0	1304004_SFF	16604	0.0782944	0.0354734	0.0137301
0	1306011_SFF	0	1304006_SFF	16955	0.0735476	0.0379239	-0.0146321
0	1306011_SFF	0	1304010_SFF	10404	0.0847751	0.0244137	0.0593848
0	1306011_SFF	0	1304011_SFF	16695	0.0791255	0.0370171	0.00703539
0	1306011_SFF	0	1306009_SFF	17026	0.0767649	0.0388817	-0.00323015
0	1306014_SFF	0	1304001_SFF	14872	0.0828402	0.0367805	-0.0377315
0	1306014_SFF	0	1304004_SFF	15233	0.0802862	0.0354494	-0.0387656
0	1306014_SFF	0	1304006_SFF	15541	0.078309	0.0406023	-0.0733424
0	1306014_SFF	0	1304010_SFF	9738	0.08893	0.0241323	0.0567532
0	1306014_SFF	0	1304011_SFF	15302	0.0786172	0.0366619	-0.0489346
0	1306014_SFF	0	1306009_SFF	15603	0.0797923	0.0393514	-0.0525007
0	1306014_SFF	0	1306011_SFF	15651	0.078142	0.0387835	-0.0550626
0	1306015_BFF	0	1304001_SFF	16035	0.069473	0.0614905	-0.161665
0	1306015_BFF	0	1304004_SFF	16469	0.0678851	0.0639383	-0.183039
0	1306015_BFF	0	1304006_SFF	16816	0.0633325	0.0636893	-0.201457
0	1306015_BFF	0	1304010_SFF	10327	0.0740777	0.0423163	-0.0409465
0	1306015_BFF	0	1304011_SFF	16562	0.0651491	0.0604999	-0.174226
0	1306015_BFF	0	1306009_SFF	16874	0.0648927	0.0635297	-0.180331
0	1306015_BFF	0	1306011_SFF	16950	0.0653687	0.0642478	-0.18363
0	1306015_BFF	0	1306014_SFF	15530	0.0882807	0.0422408	-0.00565753
0	1307003_SFF	0	1304001_SFF	16151	0.0758467	0.0350443	0.00882353
0	1307003_SFF	0	1304004_SFF	16584	0.0750121	0.0361192	0.00578478
0	1307003_SFF	0	1304006_SFF	16932	0.0754193	0.0384479	-0.00959133
0	1307003_SFF	0	1304010_SFF	10402	0.0849837	0.0258604	0.0504556
0	1307003_SFF	0	1304011_SFF	16670	0.0760048	0.034913	0.0142519
0	1307003_SFF	0	1306009_SFF	17002	0.0754617	0.0384072	-0.00741698
0	1307003_SFF	0	1306011_SFF	17077	0.075306	0.0398196	-0.0139002
0	1307003_SFF	0	1306014_SFF	15630	0.0800384	0.040755	-0.0673134
0	1307003_SFF	0	1306015_BFF	16930	0.0644418	0.0625517	-0.183397
0	1307004_SFF	0	1304001_SFF	15968	0.0783442	0.0363226	0.0106782
0	1307004_SFF	0	1304004_SFF	16375	0.0756641	0.0351145	0.00912306
0	1307004_SFF	0	1304006_SFF	16719	0.0774568	0.0382798	-0.00656409
0	1307004_SFF	0	1304010_SFF	10334	0.0843817	0.0253532	0.0534169
0	1307004_SFF	0	1304011_SFF	16462	0.0764792	0.0360224	0.00631206
0	1307004_SFF	0	1306009_SFF	16794	0.0775277	0.0354889	0.0135246
0	1307004_SFF	0	1306011_SFF	16857	0.0757549	0.0379071	-0.000818107
0	1307004_SFF	0	1306014_SFF	15474	0.0809745	0.0365775	-0.0369444
0	1307004_SFF	0	1306015_BFF	16729	0.0644988	0.0646781	-0.188812
0	1307004_SFF	0	1307003_SFF	16842	0.0746942	0.0387127	-0.00947542
0	1611011_BFF	0	1304001_SFF	16218	0.0666543	0.0604267	-0.160929
0	1611011_BFF	0	1304004_SFF	16648	0.0651129	0.0604277	-0.173237
0	1611011_BFF	0	1304006_SFF	16997	0.0629523	0.0657175	-0.212801
0	1611011_BFF	0	1304010_SFF	10447	0.0727482	0.0433617	-0.0430929
0	1611011_BFF	0	1304011_SFF	16737	0.0663201	0.0629145	-0.183315
0	1611011_BFF	0	1306009_SFF	17064	0.0656939	0.0657525	-0.189795
0	1611011_BFF	0	1306011_SFF	17139	0.065348	0.065173	-0.188047
0	1611011_BFF	0	1306014_SFF	15694	0.0867848	0.0453039	-0.0214
0	1611011_BFF	0	1306015_BFF	17004	0.0868619	0.0508116	-0.0294694
0	1611011_BFF	0	1307003_SFF	17120	0.0660631	0.0624416	-0.179772
0	1611011_BFF	0	1307004_SFF	16912	0.0633278	0.0623817	-0.181818
0	1409002_SFF	0	1304001_SFF	15455	0.0750566	0.0326108	0.0185913
0	1409002_SFF	0	1304004_SFF	15814	0.0768307	0.0342102	0.0163813
0	1409002_SFF	0	1304006_SFF	16147	0.0754939	0.0366632	-0.00162003
0	1409002_SFF	0	1304010_SFF	10020	0.0837325	0.0247505	0.0560958
0	1409002_SFF	0	1304011_SFF	15906	0.0772036	0.0340752	0.0185431
0	1409002_SFF	0	1306009_SFF	16187	0.0767282	0.0377463	0.00214715
0	1409002_SFF	0	1306011_SFF	16271	0.0728904	0.0369983	-0.00448846
0	1409002_SFF	0	1306014_SFF	14955	0.0781678	0.035774	-0.0440081
0	1409002_SFF	0	1306015_BFF	16140	0.0663569	0.0605948	-0.169974
0	1409002_SFF	0	1307003_SFF	16249	0.0774817	0.0356945	0.0133648
0	1409002_SFF	0	1307004_SFF	16062	0.0725314	0.0346159	0.00492326
0	1409002_SFF	0	1611011_BFF	16313	0.0658371	0.0640593	-0.18945
0	1409007_SFF	0	1304001_SFF	15767	0.0778842	0.0320923	0.0310873
0	1409007_SFF	0	1304004_SFF	16206	0.0779958	0.0344317	0.0155537
0	1409007_SFF	0	1304006_SFF	16534	0.0760856	0.0367727	-0.0039818
0	1409007_SFF	0	1304010_SFF	10235	0.0869565	0.0273571	0.0505282
0	1409007_SFF	0	1304011_SFF	16268	0.0749939	0.0344234	0.0100974
0	1409007_SFF	0	1306009_SFF	16574	0.0798238	0.0387354	0.0035124
0	1409007_SFF	0	1306011_SFF	16647	0.0786929	0.0374242	0.00702093
0	1409007_SFF	0	1306014_SFF	15284	0.0830934	0.038079	-0.0381832
0	1409007_SFF	0	1306015_BFF	16519	0.0667111	0.0637448	-0.176926
0	1409007_SFF	0	1307003_SFF	16626	0.0757248	0.0374714	-0.00396605
0	1409007_SFF	0	1307004_SFF	16434	0.0768529	0.0374224	0.00409381
0	1409007_SFF	0	1611011_BFF	16699	0.0670699	0.0626984	-0.171224
0	1409007_SFF	0	1409002_SFF	15870	0.0750473	0.0337744	0.0148905
0	1409008_SFF	0	1304001_SFF	16040	0.0740648	0.0364713	-0.00740083
0	1409008_SFF	0	1304004_SFF	16453	0.0758524	0.0348265	0.00818966
0	1409008_SFF	0	1304006_SFF	16790	0.0747469	0.0384753	-0.00626408
0	1409008_SFF	0	1304010_SFF	10354	0.0827699	0.02627	0.0415506
0	1409008_SFF	0	1304011_SFF	16515	0.0726612	0.0340297	0.00494128
0	1409008_SFF	0	1306009_SFF	16853	0.0751202	0.0377974	-0.00987118
0	1409008_SFF	0	1306011_SFF	16931	0.0734747	0.0385092	-0.0180319
0	1409008_SFF	0	1306014_SFF	15527	0.0797321	0.0378695	-0.0593027
0	1409008_SFF	0	1306015_BFF	16787	0.0636802	0.0642759	-0.203353
0	1409008_SFF	0	1307003_SFF	16904	0.0745386	0.0401088	-0.0189352
0	1409008_SFF	0	1307004_SFF	16720	0.0727871	0.0371411	-0.0121469
0	1409008_SFF	0	1611011_BFF	16971	0.0642272	0.0632844	-0.198218
0	1409008_SFF	0	1409002_SFF	16118	0.0738925	0.0375977	-0.0106038
0	1409008_SFF	0	1409007_SFF	16503	0.0747137	0.0367812	-0.00707143
0	1409009_SFF	0	1304001_SFF	15632	0.0786847	0.0370394	0.00322242
0	1409009_SFF	0	1304004_SFF	16040	0.0735661	0.0354115	0.0022754
0	1409009_SFF	0	1304006_SFF	16338	0.0733872	0.036969	-0.00512561
0	1409009_SFF	0	1304010_SFF	10170	0.0831858	0.0267453	0.0401133
0	1409009_SFF	0	1304011_SFF	16076	0.0758273	0.033466	0.0176952
0	1409009_SFF	0	1306009_SFF	16383	0.0774583	0.0383935	-0.0044808
0	1409009_SFF	0	1306011_SFF	16458	0.0757686	0.0387653	-0.00833804
0	1409009_SFF	0	1306014_SFF	15142	0.0802404	0.0383701	-0.0545455
0	1409009_SFF	0	1306015_BFF	16329	0.0646702	0.0608733	-0.179912
0	1409009_SFF	0	1307003_SFF	16437	0.0746487	0.0380848	-0.00516997
0	1409009_SFF	0	1307004_SFF	16250	0.0760615	0.0376	-0.00338129
0	1409009_SFF	0	1611011_BFF	16513	0.0655847	0.0628596	-0.18488
0	1409009_SFF	0	1409002_SFF	15713	0.0717241	0.0347483	0.00150015
0	1409009_SFF	0	1409007_SFF	16074	0.0739082	0.0370785	-0.00720524
0	1409009_SFF	0	1409008_SFF	16320	0.074326	0.039277	-0.011891
0	1409012_SFF	0	1304001_SFF	15206	0.0772064	0.0339997	0.0154949
0	1409012_SFF	0	1304004_SFF	15568	0.0749615	0.0327595	0.0208082
0	1409012_SFF	0	1304006_SFF	15851	0.0748849	0.0356444	0.00576865
0	1409012_SFF	0	1304010_SFF	9932	0.0835683	0.0253725	0.0521845
0	1409012_SFF	0	1304011_SFF	15632	0.0756141	0.031154	0.0300633
0	1409012_SFF	0	1306009_SFF	15905	0.0746306	0.0348318	0.00860547
0	1409012_SFF	0	1306011_SFF	15989	0.0761148	0.0378385	-0.00315805
0	1409012_SFF	0	1306014_SFF	14694	0.0807132	0.0370219	-0.0451344
0	1409012_SFF	0	1306015_BFF	15847	0.0648072	0.0602007	-0.179938
0	1409012_SFF	0	1307003_SFF	15973	0.075878	0.0334314	0.0194843
0	1409012_SFF	0	1307004_SFF	15791	0.0771959	0.0343233	0.0167308
0	1409012_SFF	0	1611011_BFF	16029	0.0630732	0.0583942	-0.17265
0	1409012_SFF	0	1409002_SFF	15277	0.0754075	0.0331217	0.0202744
0	1409012_SFF	0	1409007_SFF	15616	0.076396	0.0345799	0.0115315
0	1409012_SFF	0	1409008_SFF	15863	0.0739457	0.0355544	0.00381508
0	1409012_SFF	0	1409009_SFF	15440	0.0763601	0.0347798	0.0133874
0	1409013_SFF	0	1304001_SFF	15505	0.0761045	0.0316672	0.0269623
0	1409013_SFF	0	1304004_SFF	15906	0.0780837	0.0327549	0.0276558
0	1409013_SFF	0	1304006_SFF	16226	0.0753112	0.0367312	-0.00470588
0	1409013_SFF	0	1304010_SFF	10090	0.0813677	0.0225966	0.0595182
0	1409013_SFF	0	1304011_SFF	15983	0.0762685	0.0331602	0.0194738
0	1409013_SFF	0	1306009_SFF	16289	0.0764319	0.0349315	0.0150535
0	1409013_SFF	0	1306011_SFF	16347	0.0767113	0.0354193	0.0120355
0	1409013_SFF	0	1306014_SFF	15020	0.0802264	0.0347537	-0.0339022
0	1409013_SFF	0	1306015_BFF	16191	0.0659626	0.0592304	-0.161329
0	1409013_SFF	0	1307003_SFF	16330	0.0768524	0.0360686	0.00975679
0	1409013_SFF	0	1307004_SFF	16132	0.0777957	0.0353955	0.0144575
0	1409013_SFF	0	1611011_BFF	16378	0.0653926	0.0600806	-0.167132
0	1409013_SFF	0	1409002_SFF	15585	0.0752647	0.0333013	0.0190412
0	1409013_SFF	0	1409007_SFF	15934	0.0789507	0.0365257	0.00907112
0	1409013_SFF	0	1409008_SFF	16205	0.0733724	0.0353595	-0.00153824
0	1409013_SFF	0	1409009_SFF	15760	0.0762056	0.0361041	0.00453464
0	1409013_SFF	0	1409012_SFF	15328	0.0775705	0.0343163	0.0194012
0	1409026_SFF	0	1304001_SFF	12102	0.0829615	0.0249546	0.0602687
0	1409026_SFF	0	1304004_SFF	12365	0.0839466	0.024909	0.0573254
0	1409026_SFF	0	1304006_SFF	12551	0.0815871	0.0249383	0.0493282
0	1409026_SFF	0	1304010_SFF	8233	0.0909753	0.014697	0.134469
0	1409026_SFF	0	1304011_SFF	12362	0.0822682	0.0228927	0.0673004
0	1409026_SFF	0	1306009_SFF	12571	0.0819346	0.0253759	0.0550535
0	1409026_SFF	0	1306011_SFF	12620	0.0801902	0.0290808	0.031808
0	1409026_SFF	0	1306014_SFF	11754	0.0866088	0.0267994	0.0351432
0	1409026_SFF	0	1306015_BFF	12530	0.0701516	0.0474062	-0.0740041
0	1409026_SFF	0	1307003_SFF	12620	0.0815372	0.0288431	0.0302281
0	1409026_SFF	0	1307004_SFF	12510	0.0821743	0.026299	0.0474624
0	1409026_SFF	0	1611011_BFF	12659	0.0712537	0.049293	-0.0778423
0	1409026_SFF	0	1409002_SFF	12106	0.0799604	0.0248637	0.0476661
0	1409026_SFF	0	1409007_SFF	12370	0.0796281	0.0261924	0.0445554
0	1409026_SFF	0	1409008_SFF	12569	0.081709	0.0267324	0.0413976
0	1409026_SFF	0	1409009_SFF	12310	0.0778229	0.0253452	0.0391508
0	1409026_SFF	0	1409012_SFF	11974	0.0804243	0.023551	0.0526477
0	1409026_SFF	0	1409013_SFF	12213	0.0815524	0.0269385	0.0421217
0	1409027_SFF	0	1304001_SFF	14776	0.0772875	0.0332296	0.0237062
0	1409027_SFF	0	1304004_SFF	15138	0.0771568	0.032567	0.0238315
0	1409027_SFF	0	1304006_SFF	15438	0.0766939	0.0356912	-0.000155424
0	1409027_SFF	0	1304010_SFF	9683	0.0847878	0.0238562	0.0645752
0	1409027_SFF	0	1304011_SFF	15193	0.0787863	0.0316593	0.0304127
0	1409027_SFF	0	1306009_SFF	15479	0.0780412	0.0353382	0.0128263
0	1409027_SFF	0	1306011_SFF	15529	0.076824	0.0374783	0.000819184
0	1409027_SFF	0	1306014_SFF	14321	0.0813491	0.0349836	-0.0303297
0	1409027_SFF	0	1306015_BFF	15389	0.0671259	0.0573137	-0.149306
0	1409027_SFF	0	1307003_SFF	15519	0.0759714	0.0335073	0.0146705
0	1409027_SFF	0	1307004_SFF	15346	0.0771537	0.0331683	0.0235004
0	1409027_SFF	0	1611011_BFF	15567	0.0660371	0.0592921	-0.159449
0	1409027_SFF	0	1409002_SFF	14842	0.0766743	0.0345641	0.0153557
0	1409027_SFF	0	1409007_SFF	15215	0.0777522	0.0337167	0.0234844
0	1409027_SFF	0	1409008_SFF	15422	0.0724938	0.0360524	-0.0113319
0	1409027_SFF	0	1409009_SFF	15055	0.0773829	0.0340086	0.0172253
0	1409027_SFF	0	1409012_SFF	14620	0.077223	0.0333105	0.0200292
0	1409027_SFF	0	1409013_SFF	14944	0.0780246	0.0332575	0.0230109
0	1409027_SFF	0	1409026_SFF	11718	0.0825226	0.0241509	0.0649622
0	1409030_SFF	0	1304001_SFF	15527	0.0792168	0.0337477	0.0265007
0	1409030_SFF	0	1304004_SFF	15934	0.0764403	0.0334505	0.0171789
0	1409030_SFF	0	1304006_SFF	16266	0.0764171	0.0381778	-0.0114265
0	1409030_SFF	0	1304010_SFF	10096	0.0864699	0.0258518	0.0561129
0	1409030_SFF	0	1304011_SFF	16004	0.0788553	0.032117	0.0291156
0	1409030_SFF	0	1306009_SFF	16313	0.0781585	0.0354319	0.0146687
0	1409030_SFF	0	1306011_SFF	16391	0.0791288	0.0344091	0.0223363
0	1409030_SFF	0	1306014_SFF	15042	0.0794442	0.0369632	-0.0412519
0	1409030_SFF	0	1306015_BFF	16248	0.0659158	0.0595766	-0.15573
0	1409030_SFF	0	1307003_SFF	16365	0.0757715	0.0353804	0.0044757
0	1409030_SFF	0	1307004_SFF	16188	0.0772795	0.0351495	0.0134811
0	1409030_SFF	0	1611011_BFF	16426	0.0650189	0.0606356	-0.164032
0	1409030_SFF	0	1409002_SFF	15631	0.0772823	0.033907	0.016771
0	1409030_SFF	0	1409007_SFF	15983	0.077645	0.0365388	0.00895159
0	1409030_SFF	0	1409008_SFF	16232	0.0779941	0.034623	0.00771605
0	1409030_SFF	0	1409009_SFF	15814	0.0761351	0.0347793	0.00656924
0	1409030_SFF	0	1409012_SFF	15363	0.0750504	0.034173	0.00952966
0	1409030_SFF	0	1409013_SFF	15702	0.0755955	0.0326073	0.0186005
0	1409030_SFF	0	1409026_SFF	12215	0.0857962	0.02456	0.0682079
0	1409030_SFF	0	1409027_SFF	14952	0.0789192	0.034176	0.0233752
0	1409031_SFF	0	1304001_SFF	15017	0.0808417	0.0322967	0.0354403
0	1409031_SFF	0	1304004_SFF	15378	0.0795942	0.0344648	0.0200515
0	1409031_SFF	0	1304006_SFF	15674	0.0784739	0.036047	0.00220767
0	1409031_SFF	0	1304010_SFF	9793	0.0886347	0.0220566	0.077213
0	1409031_SFF	0	1304011_SFF	15458	0.0796351	0.0320869	0.0286254
0	1409031_SFF	0	1306009_SFF	15775	0.0789223	0.0337876	0.0226476
0	1409031_SFF	0	1306011_SFF	15803	0.0778333	0.036955	0.00617912
0	1409031_SFF	0	1306014_SFF	14528	0.0848706	0.0346916	-0.0165836
0	1409031_SFF	0	1306015_BFF	15700	0.0679618	0.0609554	-0.160935
0	1409031_SFF	0	1307003_SFF	15795	0.0769864	0.0342513	0.0123338
0	1409031_SFF	0	1307004_SFF	15615	0.0790266	0.0339417	0.0240159
0	1409031_SFF	0	1611011_BFF	15851	0.0703426	0.062709	-0.162443
0	1409031_SFF	0	1409002_SFF	15060	0.0773572	0.0335325	0.0175452
0	1409031_SFF	0	1409007_SFF	15409	0.0743721	0.0336167	0.0140006
0	1409031_SFF	0	1409008_SFF	15655	0.0758863	0.0337272	0.0107121
0	1409031_SFF	0	1409009_SFF	15255	0.079056	0.0352016	0.0109298
0	1409031_SFF	0	1409012_SFF	14829	0.0790343	0.0309529	0.0318007
0	1409031_SFF	0	1409013_SFF	15164	0.0770245	0.032709	0.0232824
0	1409031_SFF	0	1409026_SFF	11841	0.0828477	0.0239	0.0617506
0	1409031_SFF	0	1409027_SFF	14447	0.0799474	0.0328788	0.03096
0	1409031_SFF	0	1409030_SFF	15170	0.0765326	0.033619	0.0204573
0	1409032_SFF	0	1304001_SFF	15883	0.0734118	0.035006	0.00757794
0	1409032_SFF	0	1304004_SFF	16309	0.0748053	0.03495	0.00915153
0	1409032_SFF	0	1304006_SFF	16616	0.0763722	0.0374338	-0.00296778
0	1409032_SFF	0	1304010_SFF	10318	0.0820896	0.025974	0.0406895
0	1409032_SFF	0	1304011_SFF	16368	0.0758798	0.0342131	0.0152335
0	1409032_SFF	0	1306009_SFF	16684	0.0798969	0.0377008	0.0102279
0	1409032_SFF	0	1306011_SFF	16746	0.0778693	0.0391138	-0.000891388
0	1409032_SFF	0	1306014_SFF	15403	0.079465	0.0359021	-0.0389908
0	1409032_SFF	0	1306015_BFF	16611	0.0665824	0.0629703	-0.178276
0	1409032_SFF	0	1307003_SFF	16740	0.0761051	0.0376344	0.000757993
0	1409032_SFF	0	1307004_SFF	16540	0.0756953	0.0353083	0.00968776
0	1409032_SFF	0	1611011_BFF	16803	0.0663572	0.0643933	-0.184286
0	1409032_SFF	0	1409002_SFF	15971	0.0774529	0.0356897	0.0128242
0	1409032_SFF	0	1409007_SFF	16355	0.0752675	0.0356466	0.00708076
0	1409032_SFF	0	1409008_SFF	16610	0.0729079	0.0378085	-0.012642
0	1409032_SFF	0	1409009_SFF	16194	0.0749043	0.0363715	0.00216513
0	1409032_SFF	0	1409012_SFF	15690	0.0766093	0.0338432	0.0176014
0	1409032_SFF	0	1409013_SFF	16038	0.0782517	0.0354782	0.0161917
0	1409032_SFF	0	1409026_SFF	12476	0.0791119	0.0262103	0.0393731
0	1409032_SFF	0	1409027_SFF	15269	0.0762984	0.033663	0.0167678
0	1409032_SFF	0	1409030_SFF	16082	0.0758612	0.035319	0.00678211
0	1409032_SFF	0	1409031_SFF	15519	0.0801598	0.0340872	0.0222172
0	1410001_SFF	0	1304001_SFF	14574	0.0760258	0.0309455	0.0288803
0	1410001_SFF	0	1304004_SFF	14951	0.0776537	0.031436	0.0316813
0	1410001_SFF	0	1304006_SFF	15238	0.0747473	0.0328783	0.0126453
0	1410001_SFF	0	1304010_SFF	9572	0.0833682	0.0224613	0.0652605
0	1410001_SFF	0	1304011_SFF	14972	0.0788138	0.0319263	0.0342616
0	1410001_SFF	0	1306009_SFF	15264	0.0775681	0.0341326	0.0202846
0	1410001_SFF	0	1306011_SFF	15325	0.0772594	0.0336705	0.0226515
0	1410001_SFF	0	1306014_SFF	14168	0.0807453	0.0319029	-0.0195581
0	1410001_SFF	0	1306015_BFF	15207	0.0669429	0.0574735	-0.152092
0	1410001_SFF	0	1307003_SFF	15312	0.075627	0.0346134	0.0111895
0	1410001_SFF	0	1307004_SFF	15161	0.0774355	0.0333091	0.0236569
0	1410001_SFF	0	1611011_BFF	15364	0.0669747	0.0577324	-0.159111
0	1410001_SFF	0	1409002_SFF	14633	0.0758559	0.0325976	0.0227055
0	1410001_SFF	0	1409007_SFF	14991	0.0774465	0.0333533	0.0209941
0	1410001_SFF	0	1409008_SFF	15215	0.0771607	0.0334538	0.0172144
0	1410001_SFF	0	1409009_SFF	14837	0.0738694	0.0345757	0.00718162
0	1410001_SFF	0	1409012_SFF	14431	0.0749775	0.0315986	0.0244182
0	1410001_SFF	0	1409013_SFF	14731	0.0770484	0.031634	0.0289959
0	1410001_SFF	0	1409026_SFF	11566	0.0855957	0.0244683	0.0607966
0	1410001_SFF	0	1409027_SFF	14046	0.0782429	0.0313968	0.0341286
0	1410001_SFF	0	1409030_SFF	14777	0.0791094	0.0306557	0.0394119
0	1410001_SFF	0	1409031_SFF	14235	0.0774148	0.0316122	0.0268357
0	1410001_SFF	0	1409032_SFF	15068	0.0791744	0.0342448	0.022615
0	1410002_SFF	0	1304001_SFF	15153	0.0791262	0.0314789	0.0352853
0	1410002_SFF	0	1304004_SFF	15565	0.0762608	0.0331513	0.0150404
0	1410002_SFF	0	1304006_SFF	15851	0.0755157	0.0338149	0.0041143
0	1410002_SFF	0	1304010_SFF	9876	0.0879911	0.0248076	0.0674941
0	1410002_SFF	0	1304011_SFF	15605	0.0811278	0.0305671	0.0390113
0	1410002_SFF	0	1306009_SFF	15899	0.07881	0.0317001	0.028996
0	1410002_SFF	0	1306011_SFF	15975	0.0784351	0.0340532	0.0177698
0	1410002_SFF	0	1306014_SFF	14692	0.0822897	0.0325347	-0.0112702
0	1410002_SFF	0	1306015_BFF	15838	0.0681273	0.0568254	-0.13637
0	1410002_SFF	0	1307003_SFF	15955	0.0781573	0.0345346	0.0116482
0	1410002_SFF	0	1307004_SFF	15774	0.0781666	0.0343603	0.0181831
0	1410002_SFF	0	1611011_BFF	16014	0.0696266	0.055951	-0.129772
0	1410002_SFF	0	1409002_SFF	15241	0.0782101	0.0332655	0.0200183
0	1410002_SFF	0	1409007_SFF	15584	0.0793121	0.0313783	0.0322889
0	1410002_SFF	0	1409008_SFF	15830	0.0750474	0.0330385	0.00740575
0	1410002_SFF	0	1409009_SFF	15433	0.0783386	0.0331109	0.0159493
0	1410002_SFF	0	1409012_SFF	15010	0.0756163	0.0309127	0.0236264
0	1410002_SFF	0	1409013_SFF	15310	0.0781189	0.0303723	0.033414
0	1410002_SFF	0	1409026_SFF	11930	0.0839899	0.0209556	0.0845829
0	1410002_SFF	0	1409027_SFF	14630	0.0806562	0.0320574	0.0342048
0	1410002_SFF	0	1409030_SFF	15356	0.0780151	0.0296301	0.0393325
0	1410002_SFF	0	1409031_SFF	14823	0.0816974	0.0303582	0.0443846
0	1410002_SFF	0	1409032_SFF	15683	0.0797679	0.0337308	0.0221556
0	1410002_SFF	0	1410001_SFF	14425	0.0796534	0.029948	0.0420943
0	1412001_BFF	0	1304001_SFF	16192	0.0684289	0.0610795	-0.163359
0	1412001_BFF	0	1304004_SFF	16633	0.0669152	0.0614441	-0.174123
0	1412001_BFF	0	1304006_SFF	16978	0.0660266	0.0649664	-0.203973
0	1412001_BFF	0	1304010_SFF	10418	0.0744865	0.0415627	-0.0374898
0	1412001_BFF	0	1304011_SFF	16714	0.0645567	0.0607874	-0.180471
0	1412001_BFF	0	1306009_SFF	17043	0.0678284	0.0660095	-0.188684
0	1412001_BFF	0	1306011_SFF	17117	0.065841	0.0627446	-0.178837
0	1412001_BFF	0	1306014_SFF	15675	0.0895694	0.045933	-0.0148655
0	1412001_BFF	0	1306015_BFF	16980	0.0866313	0.0479388	-0.0207084
0	1412001_BFF	0	1307003_SFF	17110	0.068498	0.0621274	-0.174409
0	1412001_BFF	0	1307004_SFF	16887	0.0667377	0.0604015	-0.167207
0	1412001_BFF	0	1611011_BFF	17176	0.0840708	0.0475082	-0.0241862
0	1412001_BFF	0	1409002_SFF	16292	0.0645102	0.0590474	-0.172377
0	1412001_BFF	0	1409007_SFF	16677	0.066139	0.0647598	-0.183356
0	1412001_BFF	0	1409008_SFF	16957	0.0654007	0.064693	-0.205039
0	1412001_BFF	0	1409009_SFF	16483	0.0660681	0.0613359	-0.178581
0	1412001_BFF	0	1409012_SFF	16010	0.0660212	0.0608994	-0.181685
0	1412001_BFF	0	1409013_SFF	16352	0.0658635	0.0572407	-0.157641
0	1412001_BFF	0	1409026_SFF	12617	0.0715701	0.0483475	-0.0770085
0	1412001_BFF	0	1409027_SFF	15541	0.0635094	0.0575253	-0.159469
0	1412001_BFF	0	1409030_SFF	16403	0.0663293	0.0593184	-0.15849
0	1412001_BFF	0	1409031_SFF	15835	0.0668772	0.0594885	-0.159156
0	1412001_BFF	0	1409032_SFF	16773	0.068026	0.0621833	-0.173759
0	1412001_BFF	0	1410001_SFF	15344	0.0695386	0.0568952	-0.148797
0	1412001_BFF	0	1410002_SFF	15991	0.069414	0.059596	-0.146809
0	1412006_BFF	0	1304001_SFF	16009	0.0678368	0.0610282	-0.164593
0	1412006_BFF	0	1304004_SFF	16438	0.0698382	0.0601655	-0.164516
0	1412006_BFF	0	1304006_SFF	16760	0.0639618	0.0634248	-0.202277
0	1412006_BFF	0	1304010_SFF	10302	0.0755193	0.0435838	-0.0390078
0	1412006_BFF	0	1304011_SFF	16507	0.0673654	0.0611862	-0.177478
0	1412006_BFF	0	1306009_SFF	16836	0.0659301	0.0623664	-0.175525
0	1412006_BFF	0	1306011_SFF	16902	0.0646669	0.0647852	-0.194129
0	1412006_BFF	0	1306014_SFF	15508	0.0866649	0.0434614	-0.0113208
0	1412006_BFF	0	1306015_BFF	16774	0.0842375	0.0489448	-0.0298996
0	1412006_BFF	0	1307003_SFF	16878	0.0660623	0.0628629	-0.185521
0	1412006_BFF	0	1307004_SFF	16675	0.0662069	0.05997	-0.166439
0	1412006_BFF	0	1611011_BFF	16962	0.0842471	0.048815	-0.0304015
0	1412006_BFF	0	1409002_SFF	16089	0.065262	0.0619056	-0.182568
0	1412006_BFF	0	1409007_SFF	16478	0.0685156	0.062811	-0.171909
0	1412006_BFF	0	1409008_SFF	16748	0.0666348	0.0623955	-0.18757
0	1412006_BFF	0	1409009_SFF	16282	0.0670679	0.0637514	-0.189891
0	1412006_BFF	0	1409012_SFF	15821	0.0678213	0.0600468	-0.170475
0	1412006_BFF	0	1409013_SFF	16186	0.0671568	0.0605462	-0.167278
0	1412006_BFF	0	1409026_SFF	12515	0.0696764	0.0479425	-0.0795218
0	1412006_BFF	0	1409027_SFF	15373	0.0673258	0.0581539	-0.153154
0	1412006_BFF	0	1409030_SFF	16212	0.0672958	0.0581668	-0.14975
0	1412006_BFF	0	1409031_SFF	15631	0.0689655	0.0616723	-0.163778
0	1412006_BFF	0	1409032_SFF	16594	0.0645414	0.0630348	-0.185522
0	1412006_BFF	0	1410001_SFF	15193	0.0691766	0.0579214	-0.154957
0	1412006_BFF	0	1410002_SFF	15810	0.0698925	0.058191	-0.141879
0	1412006_BFF	0	1412001_BFF	16941	0.0856502	0.0453338	-0.0114679
0	1412010_BFF	0	1304001_SFF	14694	0.0707772	0.0534232	-0.138915
0	1412010_BFF	0	1304004_SFF	15000	0.0728667	0.0543333	-0.140611
0	1412010_BFF	0	1304006_SFF	15332	0.0684842	0.0560266	-0.169865
0	1412010_BFF	0	1304010_SFF	9625	0.078961	0.0351169	-0.0118251
0	1412010_BFF	0	1304011_SFF	15083	0.0731287	0.0528409	-0.135848
0	1412010_BFF	0	1306009_SFF	15365	0.069834	0.0572079	-0.159925
0	1412010_BFF	0	1306011_SFF	15418	0.0696588	0.0555844	-0.154018
0	1412010_BFF	0	1306014_SFF	14298	0.0927402	0.0399357	0.0234643
0	1412010_BFF	0	1306015_BFF	15298	0.0897503	0.0411165	0.00109114
0	1412010_BFF	0	1307003_SFF	15400	0.0700649	0.0549351	-0.152122
0	1412010_BFF	0	1307004_SFF	15231	0.0736656	0.0546254	-0.139565
0	1412010_BFF	0	1611011_BFF	15467	0.0889636	0.041831	-0.0032344
0	1412010_BFF	0	1409002_SFF	14707	0.0705786	0.05222	-0.138531
0	1412010_BFF	0	1409007_SFF	15054	0.0700146	0.0550684	-0.146205
0	1412010_BFF	0	1409008_SFF	15310	0.0691052	0.0545395	-0.161094
0	1412010_BFF	0	1409009_SFF	14936	0.0707017	0.0545661	-0.152215
0	1412010_BFF	0	1409012_SFF	14489	0.0697771	0.0512803	-0.139112
0	1412010_BFF	0	1409013_SFF	14813	0.0716263	0.0489435	-0.119758
0	1412010_BFF	0	1409026_SFF	11617	0.0754067	0.0413188	-0.0498693
0	1412010_BFF	0	1409027_SFF	14151	0.0682637	0.0507385	-0.132681
0	1412010_BFF	0	1409030_SFF	14832	0.0714671	0.0523193	-0.131477
0	1412010_BFF	0	1409031_SFF	14282	0.0735191	0.0515334	-0.120432
0	1412010_BFF	0	1409032_SFF	15164	0.0692429	0.0544711	-0.148775
0	1412010_BFF	0	1410001_SFF	13937	0.0740475	0.0498673	-0.118159
0	1412010_BFF	0	1410002_SFF	14532	0.0717726	0.050578	-0.120327
0	1412010_BFF	0	1412001_BFF	15444	0.0905853	0.0425408	-0.000314465
0	1412010_BFF	0	1412006_BFF	15294	0.0916046	0.0409311	0.00474968
0	1412014_BFF	0	1304001_SFF	14761	0.0715399	0.0528419	-0.133199
0	1412014_BFF	0	1304004_SFF	15139	0.0700839	0.050796	-0.130369
0	1412014_BFF	0	1304006_SFF	15418	0.0719289	0.0570761	-0.165087
0	1412014_BFF	0	1304010_SFF	9697	0.0783748	0.0387749	-0.0218859
0	1412014_BFF	0	1304011_SFF	15184	0.0702055	0.0522919	-0.139254
0	1412014_BFF	0	1306009_SFF	15488	0.0707645	0.0576575	-0.155873
0	1412014_BFF	0	1306011_SFF	15537	0.0700264	0.0549012	-0.148861
0	1412014_BFF	0	1306014_SFF	14330	0.0915562	0.0363573	0.0332062
0	1412014_BFF	0	1306015_BFF	15408	0.0885254	0.0419912	-0.0013308
0	1412014_BFF	0	1307003_SFF	15513	0.0709727	0.0542771	-0.146901
0	1412014_BFF	0	1307004_SFF	15343	0.0724109	0.0547481	-0.140333
0	1412014_BFF	0	1611011_BFF	15589	0.0912823	0.0411829	0.00403938
0	1412014_BFF	0	1409002_SFF	14827	0.0701423	0.0516625	-0.133754
0	1412014_BFF	0	1409007_SFF	15171	0.0698042	0.0531936	-0.136976
0	1412014_BFF	0	1409008_SFF	15404	0.0688782	0.0534277	-0.154766
0	1412014_BFF	0	1409009_SFF	15039	0.0711483	0.0549239	-0.150108
0	1412014_BFF	0	1409012_SFF	14623	0.0694796	0.0510839	-0.140941
0	1412014_BFF	0	1409013_SFF	14918	0.0691111	0.0488671	-0.122457
0	1412014_BFF	0	1409026_SFF	11669	0.0783272	0.0404491	-0.0391993
0	1412014_BFF	0	1409027_SFF	14233	0.0722968	0.0515703	-0.124598
0	1412014_BFF	0	1409030_SFF	14938	0.0712947	0.0498059	-0.118681
0	1412014_BFF	0	1409031_SFF	14490	0.0714286	0.0516908	-0.12559
0	1412014_BFF	0	1409032_SFF	15263	0.0699731	0.0551006	-0.149653
0	1412014_BFF	0	1410001_SFF	14017	0.0724121	0.0489406	-0.112856
0	1412014_BFF	0	1410002_SFF	14611	0.0720005	0.0477038	-0.102136
0	1412014_BFF	0	1412001_BFF	15569	0.091528	0.0403366	0.0104062
0	1412014_BFF	0	1412006_BFF	15413	0.0923247	0.0400311	0.0146283
0	1412014_BFF	0	1412010_BFF	14155	0.0960085	0.0341222	0.0506371
0	1412024_BFF	0	1304001_SFF	15364	0.0657381	0.0549987	-0.142942
0	1412024_BFF	0	1304004_SFF	15761	0.0688408	0.0558975	-0.144714
0	1412024_BFF	0	1304006_SFF	16085	0.0655269	0.0581909	-0.173094
0	1412024_BFF	0	1304010_SFF	9975	0.0736842	0.0393985	-0.0292291
0	1412024_BFF	0	1304011_SFF	15830	0.0676563	0.0548326	-0.144668
0	1412024_BFF	0	1306009_SFF	16137	0.0696536	0.0597385	-0.156726
0	1412024_BFF	0	1306011_SFF	16199	0.0699426	0.0597568	-0.154056
0	1412024_BFF	0	1306014_SFF	14888	0.0875873	0.0396964	0.00706141
0	1412024_BFF	0	1306015_BFF	16093	0.0879264	0.0472255	-0.0162314
0	1412024_BFF	0	1307003_SFF	16181	0.070453	0.0569186	-0.146601
0	1412024_BFF	0	1307004_SFF	15986	0.067434	0.0558614	-0.140899
0	1412024_BFF	0	1611011_BFF	16259	0.0882588	0.0461898	-0.0114596
0	1412024_BFF	0	1409002_SFF	15442	0.0703277	0.0575703	-0.150881
0	1412024_BFF	0	1409007_SFF	15795	0.0676796	0.0569167	-0.144722
0	1412024_BFF	0	1409008_SFF	16040	0.0642145	0.0572319	-0.171376
0	1412024_BFF	0	1409009_SFF	15630	0.0703775	0.05611	-0.144932
0	1412024_BFF	0	1409012_SFF	15178	0.0673343	0.0542891	-0.144697
0	1412024_BFF	0	1409013_SFF	15518	0.0699188	0.0546462	-0.137073
0	1412024_BFF	0	1409026_SFF	12052	0.0764189	0.0434783	-0.0502874
0	1412024_BFF	0	1409027_SFF	14760	0.0670054	0.0530488	-0.129905
0	1412024_BFF	0	1409030_SFF	15579	0.0670775	0.0528275	-0.126658
0	1412024_BFF	0	1409031_SFF	15005	0.0681773	0.0546485	-0.135109
0	1412024_BFF	0	1409032_SFF	15893	0.0639275	0.0566916	-0.155524
0	1412024_BFF	0	1410001_SFF	14614	0.0706856	0.0528945	-0.128035
0	1412024_BFF	0	1410002_SFF	15178	0.0693108	0.050336	-0.105267
0	1412024_BFF	0	1412001_BFF	16230	0.0906962	0.0454097	-0.00204131
0	1412024_BFF	0	1412006_BFF	16041	0.0894583	0.0400848	0.0176492
0	1412024_BFF	0	1412010_BFF	14684	0.0926859	0.038954	0.0181601
0	1412024_BFF	0	1412014_BFF	14763	0.0957123	0.0368489	0.0338193
0	1510003_SFF	0	1304001_SFF	13158	0.0790394	0.0272838	0.0467972
0	1510003_SFF	0	1304004_SFF	13485	0.0773452	0.0276604	0.0418975
0	1510003_SFF	0	1304006_SFF	13726	0.0786828	0.0298703	0.0258469
0	1510003_SFF	0	1304010_SFF	8749	0.0869814	0.019888	0.094984
0	1510003_SFF	0	1304011_SFF	13526	0.0771107	0.0265415	0.0442254
0	1510003_SFF	0	1306009_SFF	13750	0.0814545	0.0307636	0.0402634
0	1510003_SFF	0	1306011_SFF	13804	0.0796146	0.0313677	0.032223
0	1510003_SFF	0	1306014_SFF	12751	0.0829739	0.0307427	-0.00187835
0	1510003_SFF	0	1306015_BFF	13691	0.0668322	0.0512746	-0.112659
0	1510003_SFF	0	1307003_SFF	13770	0.0792302	0.0302106	0.0302641
0	1510003_SFF	0	1307004_SFF	13655	0.0782863	0.0305383	0.0324686
0	1510003_SFF	0	1611011_BFF	13841	0.0686367	0.0557041	-0.122783
0	1510003_SFF	0	1409002_SFF	13227	0.0787783	0.0311484	0.0266224
0	1510003_SFF	0	1409007_SFF	13502	0.0808769	0.0302918	0.0410143
0	1510003_SFF	0	1409008_SFF	13715	0.0764127	0.0320817	0.00947238
0	1510003_SFF	0	1409009_SFF	13435	0.0762188	0.0319315	0.0103604
0	1510003_SFF	0	1409012_SFF	13035	0.0767932	0.0278481	0.0380235
0	1510003_SFF	0	1409013_SFF	13281	0.0779309	0.0277841	0.0413695
0	1510003_SFF	0	1409026_SFF	10545	0.0807966	0.0207681	0.0824103
0	1510003_SFF	0	1409027_SFF	12693	0.0787048	0.0313559	0.0302778
0	1510003_SFF	0	1409030_SFF	13321	0.0814503	0.0293522	0.0473511
0	1510003_SFF	0	1409031_SFF	12914	0.0793712	0.0278767	0.0485262
0	1510003_SFF	0	1409032_SFF	13595	0.0795145	0.0294226	0.040499
0	1510003_SFF	0	1410001_SFF	12608	0.0820907	0.0290292	0.048423
0	1510003_SFF	0	1410002_SFF	13020	0.0807988	0.0267281	0.0556935
0	1510003_SFF	0	1412001_BFF	13803	0.0691154	0.054336	-0.124757
0	1510003_SFF	0	1412006_BFF	13666	0.0691497	0.0551002	-0.127529
0	1510003_SFF	0	1412010_BFF	12614	0.0697638	0.0422546	-0.0853921
0	1510003_SFF	0	1412014_BFF	12706	0.0731151	0.0446246	-0.0788502
0	1510003_SFF	0	1412024_BFF	13162	0.0687585	0.0488528	-0.101395
0	1510004_SFF	0	1304001_SFF	16161	0.0830394	0.0337232	0.0225802
0	1510004_SFF	0	1304004_SFF	16588	0.0818664	0.0326742	0.0216936
0	1510004_SFF	0	1304006_SFF	16932	0.0832743	0.0377983	-0.00445558
0	1510004_SFF	0	1304010_SFF	10396	0.0896499	0.024721	0.0795793
0	1510004_SFF	0	1304011_SFF	16680	0.0818345	0.0330336	0.0212677
0	1510004_SFF	0	1306009_SFF	16999	0.0834167	0.0373551	0.00683463
0	1510004_SFF	0	1306011_SFF	17080	0.0818501	0.0354801	0.0125067
0	1510004_SFF	0	1306014_SFF	15637	0.0887638	0.0372194	-0.0112943
0	1510004_SFF	0	1306015_BFF	16937	0.0694338	0.0619945	-0.142702
0	1510004_SFF	0	1307003_SFF	17061	0.0813551	0.0356954	0.00541859
0	1510004_SFF	0	1307004_SFF	16853	0.0839613	0.0339999	0.0240956
0	1510004_SFF	0	1611011_BFF	17120	0.0691589	0.061215	-0.140755
0	1510004_SFF	0	1409002_SFF	16248	0.0803791	0.0358198	0.004124
0	1510004_SFF	0	1409007_SFF	16644	0.0817111	0.0359889	0.010428
0	1510004_SFF	0	1409008_SFF	16918	0.0792647	0.0365291	-0.00796089
0	1510004_SFF	0	1409009_SFF	16440	0.0809002	0.0369221	-0.00212826
0	1510004_SFF	0	1409012_SFF	15985	0.0790741	0.0339693	0.00805743
0	1510004_SFF	0	1409013_SFF	16319	0.0826031	0.0332128	0.0226697
0	1510004_SFF	0	1409026_SFF	12611	0.0859567	0.0239473	0.0767458
0	1510004_SFF	0	1409027_SFF	15525	0.0801932	0.03343	0.0192026
0	1510004_SFF	0	1409030_SFF	16373	0.0836133	0.0332865	0.0296107
0	1510004_SFF	0	1409031_SFF	15803	0.0849206	0.0329051	0.0334002
0	1510004_SFF	0	1409032_SFF	16734	0.0811521	0.036632	0.00398024
0	1510004_SFF	0	1410001_SFF	15319	0.0806188	0.0318559	0.0269416
0	1510004_SFF	0	1410002_SFF	15962	0.0838867	0.031575	0.038251
0	1510004_SFF	0	1412001_BFF	17112	0.0677302	0.0621786	-0.150391
0	1510004_SFF	0	1412006_BFF	16900	0.0702959	0.0608876	-0.140074
0	1510004_SFF	0	1412010_BFF	15399	0.0713683	0.0535749	-0.118317
0	1510004_SFF	0	1412014_BFF	15525	0.0741385	0.0520451	-0.104335
0	1510004_SFF	0	1412024_BFF	16199	0.0706834	0.0540774	-0.1093
0	1510004_SFF	0	1510003_SFF	13781	0.0835208	0.0281547	0.0585417
0	1610001_BFF	0	1304001_SFF	15996	0.064016	0.0662666	-0.200683
0	1610001_BFF	0	1304004_SFF	16429	0.0651896	0.0679287	-0.211544
0	1610001_BFF	0	1304006_SFF	16763	0.0599535	0.0713476	-0.249086
0	1610001_BFF	0	1304010_SFF	10295	0.0702283	0.0470131	-0.0732919
0	1610001_BFF	0	1304011_SFF	16503	0.0621099	0.0676847	-0.219806
0	1610001_BFF	0	1306009_SFF	16832	0.0634506	0.070164	-0.218742
0	1610001_BFF	0	1306011_SFF	16908	0.0636385	0.0681926	-0.21086
0	1610001_BFF	0	1306014_SFF	15486	0.0846571	0.045525	-0.0226363
0	1610001_BFF	0	1306015_BFF	16776	0.0842275	0.0482237	-0.0273556
0	1610001_BFF	0	1307003_SFF	16887	0.0637177	0.0693433	-0.221417
0	1610001_BFF	0	1307004_SFF	16679	0.0639727	0.0721866	-0.229292
0	1610001_BFF	0	1611011_BFF	16958	0.0839722	0.0505956	-0.0373616
0	1610001_BFF	0	1409002_SFF	16090	0.0624612	0.0678061	-0.221435
0	1610001_BFF	0	1409007_SFF	16473	0.0655618	0.070054	-0.212255
0	1610001_BFF	0	1409008_SFF	16745	0.0601971	0.0704091	-0.247383
0	1610001_BFF	0	1409009_SFF	16284	0.0628838	0.067551	-0.219152
0	1610001_BFF	0	1409012_SFF	15820	0.0641593	0.067067	-0.213906
0	1610001_BFF	0	1409013_SFF	16171	0.0631996	0.0648692	-0.200156
0	1610001_BFF	0	1409026_SFF	12489	0.0700617	0.0550084	-0.109121
0	1610001_BFF	0	1409027_SFF	15390	0.0640026	0.0640026	-0.189441
0	1610001_BFF	0	1409030_SFF	16206	0.064544	0.0639886	-0.183185
0	1610001_BFF	0	1409031_SFF	15624	0.0648361	0.0640041	-0.18558
0	1610001_BFF	0	1409032_SFF	16567	0.0620511	0.0674232	-0.210628
0	1610001_BFF	0	1410001_SFF	15177	0.0635831	0.0641761	-0.195977
0	1610001_BFF	0	1410002_SFF	15809	0.0659751	0.0609779	-0.165578
0	1610001_BFF	0	1412001_BFF	16941	0.0857683	0.0497019	-0.027504
0	1610001_BFF	0	1412006_BFF	16733	0.0848622	0.0493038	-0.0271224
0	1610001_BFF	0	1412010_BFF	15250	0.0900328	0.0405902	0.00674987
0	1610001_BFF	0	1412014_BFF	15388	0.0895503	0.0432155	-0.00232062
0	1610001_BFF	0	1412024_BFF	16045	0.0847616	0.0453101	-0.0116546
0	1610001_BFF	0	1510003_SFF	13657	0.0631178	0.0583584	-0.155116
0	1610001_BFF	0	1510004_SFF	16891	0.0668995	0.0680836	-0.180388
0	1610002_BFF	0	1304001_SFF	16050	0.0619315	0.0660436	-0.195293
0	1610002_BFF	0	1304004_SFF	16464	0.0598275	0.0683916	-0.217868
0	1610002_BFF	0	1304006_SFF	16800	0.060119	0.0708929	-0.240062
0	1610002_BFF	0	1304010_SFF	10312	0.0699185	0.0495539	-0.0769547
0	1610002_BFF	0	1304011_SFF	16556	0.0600991	0.0655352	-0.206026
0	1610002_BFF	0	1306009_SFF	16873	0.0624667	0.0717122	-0.22226
0	1610002_BFF	0	1306011_SFF	16957	0.0616265	0.0702365	-0.21782
0	1610002_BFF	0	1306014_SFF	15518	0.0831937	0.047751	-0.0410286
0	1610002_BFF	0	1306015_BFF	16817	0.0832491	0.0506036	-0.0369371
0	1610002_BFF	0	1307003_SFF	16927	0.0610858	0.068884	-0.217571
0	1610002_BFF	0	1307004_SFF	16731	0.0623991	0.0683163	-0.208594
0	1610002_BFF	0	1611011_BFF	16999	0.0840638	0.0521795	-0.0411539
0	1610002_BFF	0	1409002_SFF	16133	0.0596913	0.0665096	-0.212464
0	1610002_BFF	0	1409007_SFF	16510	0.0606905	0.0706844	-0.220479
0	1610002_BFF	0	1409008_SFF	16787	0.0603443	0.0691011	-0.233193
0	1610002_BFF	0	1409009_SFF	16312	0.0597719	0.0711133	-0.236801
0	1610002_BFF	0	1409012_SFF	15861	0.0601475	0.0679024	-0.220999
0	1610002_BFF	0	1409013_SFF	16193	0.0613228	0.0647811	-0.196081
0	1610002_BFF	0	1409026_SFF	12498	0.068971	0.0539286	-0.101916
0	1610002_BFF	0	1409027_SFF	15396	0.0614445	0.0643024	-0.190368
0	1610002_BFF	0	1409030_SFF	16248	0.0609306	0.0638232	-0.185851
0	1610002_BFF	0	1409031_SFF	15678	0.0629545	0.0653782	-0.191652
0	1610002_BFF	0	1409032_SFF	16610	0.0628537	0.0706201	-0.220442
0	1610002_BFF	0	1410001_SFF	15204	0.0630755	0.0639305	-0.194917
0	1610002_BFF	0	1410002_SFF	15826	0.0624921	0.0627449	-0.175368
0	1610002_BFF	0	1412001_BFF	16986	0.0861886	0.0503356	-0.0312428
0	1610002_BFF	0	1412006_BFF	16773	0.0826328	0.049842	-0.0379658
0	1610002_BFF	0	1412010_BFF	15287	0.0859554	0.045071	-0.0249544
0	1610002_BFF	0	1412014_BFF	15433	0.0882524	0.0428303	-0.00789206
0	1610002_BFF	0	1412024_BFF	16080	0.0865672	0.0458333	-0.014984
0	1610002_BFF	0	1510003_SFF	13672	0.0639263	0.0567583	-0.14441
0	1610002_BFF	0	1510004_SFF	16941	0.0661708	0.0687681	-0.178927
0	1610002_BFF	0	1610001_BFF	16775	0.085842	0.045842	-0.0142105
0	1610012_BFF	0	1304001_SFF	16195	0.0653288	0.066996	-0.200308
0	1610012_BFF	0	1304004_SFF	16622	0.0646132	0.0685838	-0.215007
0	1610012_BFF	0	1304006_SFF	16971	0.0603971	0.0707678	-0.244133
0	1610012_BFF	0	1304010_SFF	10417	0.0726697	0.0503984	-0.0817093
0	1610012_BFF	0	1304011_SFF	16708	0.0620062	0.0684103	-0.222069
0	1610012_BFF	0	1306009_SFF	17045	0.062071	0.0703432	-0.222311
0	1610012_BFF	0	1306011_SFF	17121	0.0633725	0.0715496	-0.224629
0	1610012_BFF	0	1306014_SFF	15670	0.0850032	0.0462668	-0.0241697
0	1610012_BFF	0	1306015_BFF	16988	0.0875324	0.0482105	-0.0207084
0	1610012_BFF	0	1307003_SFF	17101	0.0646161	0.0712239	-0.227096
0	1610012_BFF	0	1307004_SFF	16891	0.0645906	0.0707477	-0.220926
0	1610012_BFF	0	1611011_BFF	17172	0.083508	0.0520615	-0.0430114
0	1610012_BFF	0	1409002_SFF	16287	0.0640388	0.0690735	-0.218838
0	1610012_BFF	0	1409007_SFF	16677	0.0656593	0.0705762	-0.21387
0	1610012_BFF	0	1409008_SFF	16958	0.0611511	0.0686991	-0.236216
0	1610012_BFF	0	1409009_SFF	16476	0.0628793	0.0686453	-0.22269
0	1610012_BFF	0	1409012_SFF	16012	0.0613915	0.0678866	-0.225117
0	1610012_BFF	0	1409013_SFF	16355	0.0641394	0.0684194	-0.213186
0	1610012_BFF	0	1409026_SFF	12624	0.0689163	0.0543409	-0.111764
0	1610012_BFF	0	1409027_SFF	15544	0.0638832	0.0674215	-0.205505
0	1610012_BFF	0	1409030_SFF	16415	0.0651234	0.0671337	-0.197599
0	1610012_BFF	0	1409031_SFF	15821	0.0649769	0.067442	-0.199459
0	1610012_BFF	0	1409032_SFF	16782	0.0632225	0.0722798	-0.230111
0	1610012_BFF	0	1410001_SFF	15345	0.0634083	0.0636038	-0.196009
0	1610012_BFF	0	1410002_SFF	15988	0.0674256	0.06336	-0.171962
0	1610012_BFF	0	1412001_BFF	17155	0.0849315	0.0509472	-0.0350917
0	1610012_BFF	0	1412006_BFF	16939	0.0858374	0.0491174	-0.0239968
0	1610012_BFF	0	1412010_BFF	15446	0.0896672	0.0414347	0.00244668
0	1610012_BFF	0	1412014_BFF	15575	0.0919422	0.0434029	0.00246488
0	1610012_BFF	0	1412024_BFF	16245	0.0859341	0.04506	-0.00815865
0	1610012_BFF	0	1510003_SFF	13807	0.0638806	0.0586659	-0.155412
0	1610012_BFF	0	1510004_SFF	17113	0.0677847	0.0695962	-0.182424
0	1610012_BFF	0	1610001_BFF	16950	0.0880236	0.0447198	-0.00376454
0	1610012_BFF	0	1610002_BFF	16992	0.0899247	0.0434322	0.000173772
0	1610013_BFF	0	1304001_SFF	15550	0.0653376	0.0619293	-0.171848
0	1610013_BFF	0	1304004_SFF	15941	0.0626059	0.063045	-0.189105
0	1610013_BFF	0	1304006_SFF	16287	0.0629336	0.0665561	-0.217567
0	1610013_BFF	0	1304010_SFF	10069	0.0718045	0.0434999	-0.0499159
0	1610013_BFF	0	1304011_SFF	16037	0.0612334	0.061171	-0.185132
0	1610013_BFF	0	1306009_SFF	16342	0.0644352	0.0648023	-0.187465
0	1610013_BFF	0	1306011_SFF	16413	0.0634253	0.0660452	-0.193322
0	1610013_BFF	0	1306014_SFF	15046	0.0863352	0.0443307	-0.0166018
0	1610013_BFF	0	1306015_BFF	16312	0.0830064	0.0476336	-0.0258267
0	1610013_BFF	0	1307003_SFF	16407	0.0653989	0.0650332	-0.192501
0	1610013_BFF	0	1307004_SFF	16203	0.0665926	0.063445	-0.178842
0	1610013_BFF	0	1611011_BFF	16461	0.084442	0.045137	-0.0147165
0	1610013_BFF	0	1409002_SFF	15634	0.0639632	0.062492	-0.185748
0	1610013_BFF	0	1409007_SFF	15994	0.0623984	0.0651494	-0.194326
0	1610013_BFF	0	1409008_SFF	16265	0.0617276	0.0655395	-0.215322
0	1610013_BFF	0	1409009_SFF	15803	0.0637854	0.0658103	-0.202061
0	1610013_BFF	0	1409012_SFF	15373	0.0638132	0.0632277	-0.19404
0	1610013_BFF	0	1409013_SFF	15689	0.0628466	0.0616355	-0.180511
0	1610013_BFF	0	1409026_SFF	12134	0.0678259	0.0496951	-0.0875576
0	1610013_BFF	0	1409027_SFF	14920	0.0653485	0.0623995	-0.170485
0	1610013_BFF	0	1409030_SFF	15747	0.0642027	0.0595669	-0.162339
0	1610013_BFF	0	1409031_SFF	15179	0.0669346	0.0635088	-0.173333
0	1610013_BFF	0	1409032_SFF	16090	0.0641392	0.0663145	-0.198751
0	1610013_BFF	0	1410001_SFF	14737	0.0648029	0.0583565	-0.161513
0	1610013_BFF	0	1410002_SFF	15337	0.0660494	0.059138	-0.150697
0	1610013_BFF	0	1412001_BFF	16450	0.0875988	0.0453495	-0.00767857
0	1610013_BFF	0	1412006_BFF	16246	0.0870368	0.0463499	-0.013468
0	1610013_BFF	0	1412010_BFF	14795	0.0946266	0.0400135	0.0175833
0	1610013_BFF	0	1412014_BFF	14946	0.0934029	0.0392078	0.0169858
0	1610013_BFF	0	1412024_BFF	15599	0.0878902	0.0426309	0.0040625
0	1610013_BFF	0	1510003_SFF	13291	0.0672636	0.0547739	-0.125834
0	1610013_BFF	0	1510004_SFF	16402	0.0679185	0.0618217	-0.14322
0	1610013_BFF	0	1610001_BFF	16272	0.0873894	0.0420354	0.00528211
0	1610013_BFF	0	1610002_BFF	16315	0.0897947	0.0452344	-0.00356884
0	1610013_BFF	0	1610012_BFF	16460	0.0913123	0.0414338	0.0137636
0	1610015_BFF	0	1304001_SFF	16123	0.0651244	0.0679154	-0.204398
0	1610015_BFF	0	1304004_SFF	16555	0.0633645	0.0652371	-0.201698
0	1610015_BFF	0	1304006_SFF	16896	0.0614347	0.0709635	-0.24268
0	1610015_BFF	0	1304010_SFF	10383	0.0709814	0.0465183	-0.0676338
0	1610015_BFF	0	1304011_SFF	16630	0.0641612	0.0679495	-0.214296
0	1610015_BFF	0	1306009_SFF	16965	0.0653109	0.0740348	-0.231233
0	1610015_BFF	0	1306011_SFF	17041	0.0620269	0.0691861	-0.219403
0	1610015_BFF	0	1306014_SFF	15621	0.0866782	0.0487805	-0.0309559
0	1610015_BFF	0	1306015_BFF	16909	0.08528	0.0508013	-0.0334339
0	1610015_BFF	0	1307003_SFF	17029	0.062188	0.0696459	-0.224642
0	1610015_BFF	0	1307004_SFF	16813	0.0638197	0.0684589	-0.210334
0	1610015_BFF	0	1611011_BFF	17098	0.0879635	0.0489531	-0.0221548
0	1610015_BFF	0	1409002_SFF	16225	0.0623112	0.065208	-0.206104
0	1610015_BFF	0	1409007_SFF	16600	0.0643976	0.0708434	-0.215412
0	1610015_BFF	0	1409008_SFF	16880	0.0619668	0.0718009	-0.246715
0	1610015_BFF	0	1409009_SFF	16402	0.0626753	0.0684673	-0.221146
0	1610015_BFF	0	1409012_SFF	15938	0.0630568	0.0658803	-0.211127
0	1610015_BFF	0	1409013_SFF	16286	0.0641655	0.0670515	-0.207382
0	1610015_BFF	0	1409026_SFF	12551	0.0673253	0.0529042	-0.105557
0	1610015_BFF	0	1409027_SFF	15466	0.0639467	0.06427	-0.190061
0	1610015_BFF	0	1409030_SFF	16337	0.063598	0.0648834	-0.192692
0	1610015_BFF	0	1409031_SFF	15753	0.0637339	0.0674792	-0.200661
0	1610015_BFF	0	1409032_SFF	16690	0.061414	0.0687238	-0.219865
0	1610015_BFF	0	1410001_SFF	15282	0.0630153	0.061772	-0.187538
0	1610015_BFF	0	1410002_SFF	15926	0.0678136	0.0636695	-0.172029
0	1610015_BFF	0	1412001_BFF	17080	0.0870609	0.0477752	-0.0170002
0	1610015_BFF	0	1412006_BFF	16863	0.0858092	0.0493981	-0.0262371
0	1610015_BFF	0	1412010_BFF	15379	0.087717	0.0446063	-0.0161352
0	1610015_BFF	0	1412014_BFF	15499	0.0931028	0.0409059	0.0113693
0	1610015_BFF	0	1412024_BFF	16171	0.0889246	0.0476779	-0.0137714
0	1610015_BFF	0	1510003_SFF	13744	0.0635914	0.0595169	-0.15414
0	1610015_BFF	0	1510004_SFF	17023	0.067027	0.0674969	-0.174956
0	1610015_BFF	0	1610001_BFF	16874	0.0912647	0.0449212	0.00172572
0	1610015_BFF	0	1610002_BFF	16907	0.0903176	0.0437689	0.00180737
0	1610015_BFF	0	1610012_BFF	17075	0.0910102	0.0456223	-0.00147593
0	1610015_BFF	0	1610013_BFF	16384	0.0889893	0.0408325	0.0128343
0	1610016_BFF	0	1304001_SFF	16285	0.0656432	0.0709856	-0.210376
0	1610016_BFF	0	1304004_SFF	16721	0.0636326	0.0691944	-0.21347
0	1610016_BFF	0	1304006_SFF	17069	0.0605777	0.0753413	-0.261753
0	1610016_BFF	0	1304010_SFF	10467	0.0717493	0.0522595	-0.082422
0	1610016_BFF	0	1304011_SFF	16813	0.0619164	0.0696485	-0.222459
0	1610016_BFF	0	1306009_SFF	17140	0.061902	0.0740957	-0.23386
0	1610016_BFF	0	1306011_SFF	17220	0.0635308	0.0737515	-0.229101
0	1610016_BFF	0	1306014_SFF	15762	0.0838092	0.0480269	-0.0411424
0	1610016_BFF	0	1306015_BFF	17083	0.0848212	0.0523327	-0.0417053
0	1610016_BFF	0	1307003_SFF	17202	0.0616789	0.0727241	-0.234861
0	1610016_BFF	0	1307004_SFF	16984	0.0621173	0.0715968	-0.22211
0	1610016_BFF	0	1611011_BFF	17273	0.0830776	0.0516413	-0.042086
0	1610016_BFF	0	1409002_SFF	16378	0.0628892	0.0711931	-0.227575
0	1610016_BFF	0	1409007_SFF	16765	0.0626901	0.0731882	-0.225843
0	1610016_BFF	0	1409008_SFF	17052	0.0615764	0.0724255	-0.24399
0	1610016_BFF	0	1409009_SFF	16563	0.0624887	0.0705186	-0.226137
0	1610016_BFF	0	1409012_SFF	16100	0.0626087	0.0696894	-0.223352
0	1610016_BFF	0	1409013_SFF	16450	0.0648632	0.0696049	-0.209029
0	1610016_BFF	0	1409026_SFF	12690	0.0676123	0.0540583	-0.101578
0	1610016_BFF	0	1409027_SFF	15634	0.0649866	0.0688883	-0.201686
0	1610016_BFF	0	1409030_SFF	16505	0.0631324	0.068767	-0.201547
0	1610016_BFF	0	1409031_SFF	15917	0.0619463	0.0701137	-0.213055
0	1610016_BFF	0	1409032_SFF	16870	0.0615886	0.0737996	-0.236899
0	1610016_BFF	0	1410001_SFF	15432	0.0622732	0.06655	-0.204511
0	1610016_BFF	0	1410002_SFF	16079	0.0631258	0.0671684	-0.190506
0	1610016_BFF	0	1412001_BFF	17252	0.0824252	0.0525736	-0.050713
0	1610016_BFF	0	1412006_BFF	17037	0.0858719	0.0505958	-0.0347881
0	1610016_BFF	0	1412010_BFF	15528	0.0882921	0.0437919	-0.0170134
0	1610016_BFF	0	1412014_BFF	15661	0.0875423	0.0436754	-0.0147431
0	1610016_BFF	0	1412024_BFF	16325	0.0838591	0.0485145	-0.0323465
0	1610016_BFF	0	1510003_SFF	13906	0.0637854	0.0626348	-0.166667
0	1610016_BFF	0	1510004_SFF	17204	0.0635899	0.0694025	-0.185849
0	1610016_BFF	0	1610001_BFF	17039	0.0893245	0.0482423	-0.0203238
0	1610016_BFF	0	1610002_BFF	17086	0.0851574	0.0454758	-0.0119681
0	1610016_BFF	0	1610012_BFF	17251	0.089618	0.0474755	-0.0160293
0	1610016_BFF	0	1610013_BFF	16549	0.0876186	0.0428425	-0.000722369
0	1610016_BFF	0	1610015_BFF	17185	0.0870527	0.0474251	-0.0210356
0	1610017_BFF	0	1304001_SFF	16299	0.060924	0.0725198	-0.227222
0	1610017_BFF	0	1304004_SFF	16733	0.0611367	0.0724317	-0.235824
0	1610017_BFF	0	1304006_SFF	17086	0.0595809	0.0761442	-0.264209
0	1610017_BFF	0	1304010_SFF	10479	0.0668003	0.0551579	-0.103518
0	1610017_BFF	0	1304011_SFF	16824	0.0612221	0.0710889	-0.232915
0	1610017_BFF	0	1306009_SFF	17163	0.0604789	0.076327	-0.247551
0	1610017_BFF	0	1306011_SFF	17245	0.0603073	0.0759061	-0.246304
0	1610017_BFF	0	1306014_SFF	15770	0.0831325	0.0498415	-0.048
0	1610017_BFF	0	1306015_BFF	17100	0.0849123	0.0532749	-0.044814
0	1610017_BFF	0	1307003_SFF	17222	0.0621298	0.0765881	-0.251672
0	1610017_BFF	0	1307004_SFF	16998	0.0600659	0.0730086	-0.233467
0	1610017_BFF	0	1611011_BFF	17289	0.0851408	0.0533865	-0.0444356
0	1610017_BFF	0	1409002_SFF	16390	0.0593045	0.0723002	-0.240138
0	1610017_BFF	0	1409007_SFF	16781	0.060783	0.0746678	-0.237002
0	1610017_BFF	0	1409008_SFF	17067	0.0571278	0.0728306	-0.256753
0	1610017_BFF	0	1409009_SFF	16587	0.0605293	0.073009	-0.243412
0	1610017_BFF	0	1409012_SFF	16119	0.0615423	0.0710962	-0.235648
0	1610017_BFF	0	1409013_SFF	16459	0.062276	0.0701744	-0.216685
0	1610017_BFF	0	1409026_SFF	12697	0.0654485	0.0566275	-0.123643
0	1610017_BFF	0	1409027_SFF	15651	0.0606351	0.069133	-0.214813
0	1610017_BFF	0	1409030_SFF	16509	0.0629959	0.0731722	-0.223065
0	1610017_BFF	0	1409031_SFF	15930	0.0635907	0.0714375	-0.216596
0	1610017_BFF	0	1409032_SFF	16881	0.0607192	0.0748771	-0.243959
0	1610017_BFF	0	1410001_SFF	15461	0.0628032	0.0692064	-0.215564
0	1610017_BFF	0	1410002_SFF	16102	0.0627251	0.0689355	-0.199584
0	1610017_BFF	0	1412001_BFF	17274	0.0843464	0.0539539	-0.0510857
0	1610017_BFF	0	1412006_BFF	17051	0.0814029	0.0531347	-0.0545013
0	1610017_BFF	0	1412010_BFF	15534	0.0887086	0.0461568	-0.0234613
0	1610017_BFF	0	1412014_BFF	15678	0.0870009	0.0471999	-0.0296268
0	1610017_BFF	0	1412024_BFF	16355	0.084439	0.0468358	-0.023396
0	1610017_BFF	0	1510003_SFF	13894	0.0620412	0.0621131	-0.169557
0	1610017_BFF	0	1510004_SFF	17220	0.0639954	0.073403	-0.202354
0	1610017_BFF	0	1610001_BFF	17061	0.0873923	0.0501729	-0.0311705
0	1610017_BFF	0	1610002_BFF	17106	0.0852333	0.0479364	-0.0220554
0	1610017_BFF	0	1610012_BFF	17278	0.0870471	0.0484431	-0.0248575
0	1610017_BFF	0	1610013_BFF	16571	0.0870798	0.0459236	-0.0127119
0	1610017_BFF	0	1610015_BFF	17196	0.0884508	0.0495464	-0.0249198
0	1610017_BFF	0	1610016_BFF	17371	0.0868114	0.0498532	-0.0258935
0	1409001_SFF	0	1304001_SFF	15933	0.0777631	0.0359631	0.0129212
0	1409001_SFF	0	1304004_SFF	16369	0.0778911	0.0340277	0.0192686
0	1409001_SFF	0	1304006_SFF	16675	0.078021	0.0357421	0.00493514
0	1409001_SFF	0	1304010_SFF	10328	0.0830751	0.0262393	0.0484923
0	1409001_SFF	0	1304011_SFF	16424	0.0771432	0.0349489	0.00874325
0	1409001_SFF	0	1306009_SFF	16739	0.0787383	0.0361431	0.0121769
0	1409001_SFF	0	1306011_SFF	16817	0.0762324	0.0371648	0.00216861
0	1409001_SFF	0	1306014_SFF	15441	0.08186	0.03821	-0.039397
0	1409001_SFF	0	1306015_BFF	16670	0.0665867	0.0619076	-0.166306
0	1409001_SFF	0	1307003_SFF	16788	0.076781	0.0376459	-0.00288699
0	1409001_SFF	0	1307004_SFF	16605	0.0782294	0.0376995	0.00384827
0	1409001_SFF	0	1611011_BFF	16858	0.0660221	0.0625222	-0.169329
0	1409001_SFF	0	1409002_SFF	16020	0.07603	0.0362672	0.00474957
0	1409001_SFF	0	1409007_SFF	16411	0.0782402	0.037353	0.00620861
0	1409001_SFF	0	1409008_SFF	16683	0.076485	0.0384823	-0.0126027
0	1409001_SFF	0	1409009_SFF	16216	0.077701	0.0353971	0.00691842
0	1409001_SFF	0	1409012_SFF	15740	0.0759212	0.0343075	0.010426
0	1409001_SFF	0	1409013_SFF	16118	0.0781114	0.0348058	0.01492
0	1409001_SFF	0	1409026_SFF	12487	0.0811244	0.0257067	0.0489681
0	1409001_SFF	0	1409027_SFF	15325	0.0790212	0.0354976	0.01691
0	1409001_SFF	0	1409030_SFF	16149	0.079138	0.0346771	0.0218399
0	1409001_SFF	0	1409031_SFF	15563	0.0790336	0.0349547	0.0196293
0	1409001_SFF	0	1409032_SFF	16499	0.0771562	0.0369113	0.00513746
0	1409001_SFF	0	1410001_SFF	15116	0.0764091	0.0323498	0.023795
0	1409001_SFF	0	1410002_SFF	15763	0.0797437	0.0337499	0.0255657
0	1409001_SFF	0	1412001_BFF	16834	0.0671261	0.0635024	-0.172462
0	1409001_SFF	0	1412006_BFF	16635	0.0682898	0.0626991	-0.169141
0	1409001_SFF	0	1412010_BFF	15222	0.0716069	0.0550519	-0.14258
0	1409001_SFF	0	1412014_BFF	15315	0.0713679	0.0550441	-0.138497
0	1409001_SFF	0	1412024_BFF	15956	0.0688142	0.0580973	-0.145412
0	1409001_SFF	0	1510003_SFF	13638	0.0786772	0.0303564	0.0338205
0	1409001_SFF	0	1510004_SFF	16804	0.0842061	0.0341585	0.0264564
0	1409001_SFF	0	1610001_BFF	16636	0.0627555	0.0693075	-0.214363
0	1409001_SFF	0	1610002_BFF	16672	0.06238	0.0690979	-0.208108
0	1409001_SFF	0	1610012_BFF	16839	0.0662153	0.0714413	-0.212284
0	1409001_SFF	0	1610013_BFF	16159	0.0631846	0.0639891	-0.18454
0	1409001_SFF	0	1610015_BFF	16765	0.0647778	0.070504	-0.209971
0	1409001_SFF	0	1610016_BFF	16933	0.0634264	0.0743519	-0.226747
0	1409001_SFF	0	1610017_BFF	16949	0.0632486	0.0755207	-0.234006
0	1611012_BFF	0	1304001_SFF	14689	0.0711417	0.0516713	-0.114468
0	1611012_BFF	0	1304004_SFF	15058	0.0673396	0.0529951	-0.133395
0	1611012_BFF	0	1304006_SFF	15371	0.0653178	0.0552989	-0.159963
0	1611012_BFF	0	1304010_SFF	9579	0.0786095	0.0376866	-0.00979083
0	1611012_BFF	0	1304011_SFF	15150	0.0683168	0.0541254	-0.140276
0	1611012_BFF	0	1306009_SFF	15421	0.0670514	0.0557033	-0.145549
0	1611012_BFF	0	1306011_SFF	15488	0.0690212	0.0546229	-0.130806
0	1611012_BFF	0	1306014_SFF	14277	0.0864327	0.0387336	0.00593431
0	1611012_BFF	0	1306015_BFF	15383	0.0837288	0.0411493	-0.00303539
0	1611012_BFF	0	1307003_SFF	15462	0.069978	0.0551675	-0.142406
0	1611012_BFF	0	1307004_SFF	15279	0.0687218	0.0545847	-0.137406
0	1611012_BFF	0	1611011_BFF	15527	0.0865589	0.0427642	-0.000508259
0	1611012_BFF	0	1409002_SFF	14790	0.0703854	0.0539554	-0.134158
0	1611012_BFF	0	1409007_SFF	15082	0.068227	0.0533749	-0.129635
0	1611012_BFF	0	1409008_SFF	15350	0.0642997	0.0551792	-0.163628
0	1611012_BFF	0	1409009_SFF	14934	0.0669613	0.0526316	-0.138187
0	1611012_BFF	0	1409012_SFF	14517	0.0675071	0.0519391	-0.136533
0	1611012_BFF	0	1409013_SFF	14815	0.0686466	0.0512994	-0.122904
0	1611012_BFF	0	1409026_SFF	11547	0.0726596	0.0420889	-0.0473228
0	1611012_BFF	0	1409027_SFF	14116	0.07155	0.04966	-0.0998242
0	1611012_BFF	0	1409030_SFF	14846	0.0668193	0.0498451	-0.113312
0	1611012_BFF	0	1409031_SFF	14342	0.0679124	0.0519453	-0.123729
0	1611012_BFF	0	1409032_SFF	15188	0.0680801	0.0551093	-0.141327
0	1611012_BFF	0	1410001_SFF	13957	0.071362	0.0500824	-0.112384
0	1611012_BFF	0	1410002_SFF	14515	0.0706855	0.0500861	-0.103677
0	1611012_BFF	0	1412001_BFF	15507	0.0851873	0.0432063	-0.00264217
0	1611012_BFF	0	1412006_BFF	15339	0.0886629	0.0416585	0.00948803
0	1611012_BFF	0	1412010_BFF	14035	0.0912006	0.0379765	0.0195695
0	1611012_BFF	0	1412014_BFF	14140	0.0886139	0.0331683	0.0344708
0	1611012_BFF	0	1412024_BFF	14712	0.0870038	0.0390158	0.0170741
0	1611012_BFF	0	1510003_SFF	12594	0.0706686	0.0435922	-0.0728121
0	1611012_BFF	0	1510004_SFF	15456	0.0714286	0.0546713	-0.111713
0	1611012_BFF	0	1610001_BFF	15330	0.0844097	0.043379	-0.00588988
0	1611012_BFF	0	1610002_BFF	15374	0.0824119	0.0428646	-0.0120801
0	1611012_BFF	0	1610012_BFF	15518	0.0851914	0.0443356	-0.00802608
0	1611012_BFF	0	1610013_BFF	14919	0.0855285	0.0410215	0.00402481
0	1611012_BFF	0	1610015_BFF	15445	0.0852703	0.0423438	0.000692695
0	1611012_BFF	0	1610016_BFF	15599	0.0860953	0.0466056	-0.0183749
0	1611012_BFF	0	1610017_BFF	15606	0.0816353	0.0486351	-0.0365434
0	1611012_BFF	0	1409001_SFF	15241	0.0677121	0.0552457	-0.135269
0	1611013_BFF	0	1304001_SFF	11610	0.0692506	0.0450474	-0.0956356
0	1611013_BFF	0	1304004_SFF	11910	0.0729639	0.0468514	-0.0974626
0	1611013_BFF	0	1304006_SFF	12105	0.0629492	0.0495663	-0.145576
0	1611013_BFF	0	1304010_SFF	7728	0.0738872	0.0339027	-0.00564334
0	1611013_BFF	0	1304011_SFF	11919	0.0682104	0.0477389	-0.111656
0	1611013_BFF	0	1306009_SFF	12115	0.0680149	0.048865	-0.11495
0	1611013_BFF	0	1306011_SFF	12169	0.0696853	0.0487304	-0.109221
0	1611013_BFF	0	1306014_SFF	11277	0.0884987	0.0358251	0.0271513
0	1611013_BFF	0	1306015_BFF	12095	0.0863167	0.0343117	0.0300528
0	1611013_BFF	0	1307003_SFF	12149	0.0710347	0.0495514	-0.122401
0	1611013_BFF	0	1307004_SFF	12018	0.0694791	0.05109	-0.123693
0	1611013_BFF	0	1611011_BFF	12240	0.0870098	0.0372549	0.0199346
0	1611013_BFF	0	1409002_SFF	11678	0.0686761	0.0477822	-0.111781
0	1611013_BFF	0	1409007_SFF	11920	0.0687919	0.0489094	-0.10563
0	1611013_BFF	0	1409008_SFF	12086	0.0648684	0.0477412	-0.137662
0	1611013_BFF	0	1409009_SFF	11847	0.0683717	0.0484511	-0.122039
0	1611013_BFF	0	1409012_SFF	11505	0.0667536	0.0461538	-0.11657
0	1611013_BFF	0	1409013_SFF	11721	0.0704718	0.046839	-0.0996032
0	1611013_BFF	0	1409026_SFF	9370	0.076841	0.0373533	-0.0187354
0	1611013_BFF	0	1409027_SFF	11276	0.0682866	0.044608	-0.0882711
0	1611013_BFF	0	1409030_SFF	11774	0.0680313	0.0454391	-0.0952893
0	1611013_BFF	0	1409031_SFF	11363	0.070932	0.0472586	-0.100532
0	1611013_BFF	0	1409032_SFF	12001	0.068411	0.0499958	-0.121106
0	1611013_BFF	0	1410001_SFF	11156	0.0678559	0.0462531	-0.106064
0	1611013_BFF	0	1410002_SFF	11496	0.0715901	0.0447112	-0.0804747
0	1611013_BFF	0	1412001_BFF	12168	0.0862919	0.0386259	0.0152895
0	1611013_BFF	0	1412006_BFF	12082	0.0863268	0.0382387	0.0168631
0	1611013_BFF	0	1412010_BFF	11192	0.0898856	0.0327913	0.036783
0	1611013_BFF	0	1412014_BFF	11215	0.0923763	0.0326349	0.049491
0	1611013_BFF	0	1412024_BFF	11671	0.0884243	0.034273	0.0373768
0	1611013_BFF	0	1510003_SFF	10123	0.0720142	0.0392176	-0.0550158
0	1611013_BFF	0	1510004_SFF	12145	0.0744339	0.0461918	-0.068403
0	1611013_BFF	0	1610001_BFF	12044	0.0864331	0.0371969	0.0213982
0	1611013_BFF	0	1610002_BFF	12066	0.0866899	0.0392011	0.00831095
0	1611013_BFF	0	1610012_BFF	12183	0.0881556	0.0384963	0.0207129
0	1611013_BFF	0	1610013_BFF	11740	0.0884157	0.0356048	0.0295571
0	1611013_BFF	0	1610015_BFF	12134	0.0876051	0.0386517	0.0162883
0	1611013_BFF	0	1610016_BFF	12246	0.0877838	0.0404214	0.00730466
0	1611013_BFF	0	1610017_BFF	12244	0.0809376	0.0405913	-0.00671471
0	1611013_BFF	0	1409001_SFF	12012	0.0691808	0.0502831	-0.11361
0	1611013_BFF	0	1611012_BFF	11186	0.0895763	0.0323619	0.0463991
0	1611032_BFF	0	1304001_SFF	15778	0.0691469	0.0608442	-0.170579
0	1611032_BFF	0	1304004_SFF	16207	0.0690442	0.0598507	-0.170683
0	1611032_BFF	0	1304006_SFF	16537	0.0665175	0.0648243	-0.209991
0	1611032_BFF	0	1304010_SFF	10204	0.0800666	0.0440024	-0.0424626
0	1611032_BFF	0	1304011_SFF	16258	0.0669209	0.0616312	-0.185932
0	1611032_BFF	0	1306009_SFF	16575	0.0676923	0.0647964	-0.193144
0	1611032_BFF	0	1306011_SFF	16665	0.0685869	0.0627663	-0.180275
0	1611032_BFF	0	1306014_SFF	15298	0.0877239	0.0413126	0.00476839
0	1611032_BFF	0	1306015_BFF	16534	0.0881819	0.0463288	-0.0191621
0	1611032_BFF	0	1307003_SFF	16641	0.0697073	0.0625563	-0.183209
0	1611032_BFF	0	1307004_SFF	16447	0.0682191	0.0607406	-0.173509
0	1611032_BFF	0	1611011_BFF	16714	0.0872323	0.0495393	-0.0312135
0	1611032_BFF	0	1409002_SFF	15891	0.0684035	0.0610408	-0.181599
0	1611032_BFF	0	1409007_SFF	16234	0.067759	0.0648023	-0.190137
0	1611032_BFF	0	1409008_SFF	16509	0.0685687	0.0619056	-0.192941
0	1611032_BFF	0	1409009_SFF	16059	0.0674388	0.0598418	-0.18011
0	1611032_BFF	0	1409012_SFF	15613	0.0670595	0.0601422	-0.183119
0	1611032_BFF	0	1409013_SFF	15930	0.0671061	0.0591965	-0.171834
0	1611032_BFF	0	1409026_SFF	12354	0.0735794	0.0491339	-0.0818182
0	1611032_BFF	0	1409027_SFF	15189	0.0693923	0.0576733	-0.154883
0	1611032_BFF	0	1409030_SFF	15981	0.0694575	0.0578187	-0.150155
0	1611032_BFF	0	1409031_SFF	15427	0.0704609	0.0601543	-0.164334
0	1611032_BFF	0	1409032_SFF	16351	0.0691089	0.0626873	-0.181227
0	1611032_BFF	0	1410001_SFF	14974	0.0686523	0.0548952	-0.148413
0	1611032_BFF	0	1410002_SFF	15574	0.0726852	0.0561192	-0.131282
0	1611032_BFF	0	1412001_BFF	16692	0.088785	0.0445723	-0.00797625
0	1611032_BFF	0	1412006_BFF	16491	0.0893214	0.04554	-0.0102425
0	1611032_BFF	0	1412010_BFF	15051	0.0942794	0.040396	0.0188104
0	1611032_BFF	0	1412014_BFF	15175	0.0966722	0.0368369	0.0401281
0	1611032_BFF	0	1412024_BFF	15833	0.0901282	0.0416219	0.00687623
0	1611032_BFF	0	1510003_SFF	13482	0.0728379	0.0521436	-0.113087
0	1611032_BFF	0	1510004_SFF	16656	0.0725865	0.0590178	-0.134322
0	1611032_BFF	0	1610001_BFF	16490	0.0870224	0.0468769	-0.0193393
0	1611032_BFF	0	1610002_BFF	16529	0.0869381	0.0489443	-0.0321829
0	1611032_BFF	0	1610012_BFF	16683	0.0886531	0.0487922	-0.0227535
0	1611032_BFF	0	1610013_BFF	16036	0.0881766	0.0452108	-0.0135976
0	1611032_BFF	0	1610015_BFF	16621	0.0880813	0.0473497	-0.0191455
0	1611032_BFF	0	1610016_BFF	16787	0.0886996	0.0498004	-0.03419
0	1611032_BFF	0	1610017_BFF	16801	0.0848759	0.051485	-0.0469448
0	1611032_BFF	0	1409001_SFF	16392	0.0687531	0.0632016	-0.175855
0	1611032_BFF	0	1611012_BFF	15134	0.0894674	0.0410995	0.00863847
0	1611032_BFF	0	1611013_BFF	11931	0.0919454	0.0354539	0.0369028
0	1702005_BFF	0	1304001_SFF	15280	0.0846859	0.0354058	-0.0769115
0	1702005_BFF	0	1304004_SFF	15672	0.0812915	0.0343925	-0.0901084
0	1702005_BFF	0	1304006_SFF	16003	0.0803599	0.0384928	-0.119404
0	1702005_BFF	0	1304010_SFF	9907	0.0902392	0.023014	0.01321
0	1702005_BFF	0	1304011_SFF	15746	0.0830052	0.0337864	-0.0816327
0	1702005_BFF	0	1306009_SFF	16059	0.0822592	0.037549	-0.0974971
0	1702005_BFF	0	1306011_SFF	16142	0.0820221	0.0379755	-0.0983713
0	1702005_BFF	0	1306014_SFF	14781	0.107165	0.0239497	0.067687
0	1702005_BFF	0	1306015_BFF	16004	0.102037	0.0324919	0.0149815
0	1702005_BFF	0	1307003_SFF	16123	0.0823048	0.0356013	-0.0918278
0	1702005_BFF	0	1307004_SFF	15906	0.0834276	0.0353954	-0.0863516
0	1702005_BFF	0	1611011_BFF	16179	0.102726	0.033562	0.0111097
0	1702005_BFF	0	1409002_SFF	15373	0.0838483	0.0364926	-0.0908952
0	1702005_BFF	0	1409007_SFF	15725	0.0850874	0.0368203	-0.0847059
0	1702005_BFF	0	1409008_SFF	15976	0.0806209	0.0384952	-0.118712
0	1702005_BFF	0	1409009_SFF	15526	0.0794796	0.0358109	-0.10565
0	1702005_BFF	0	1409012_SFF	15084	0.0805489	0.0341421	-0.0896211
0	1702005_BFF	0	1409013_SFF	15413	0.080776	0.0330241	-0.080815
0	1702005_BFF	0	1409026_SFF	11943	0.08842	0.0229423	0.00826523
0	1702005_BFF	0	1409027_SFF	14677	0.0821694	0.0342032	-0.0807888
0	1702005_BFF	0	1409030_SFF	15478	0.0817935	0.0336607	-0.0757576
0	1702005_BFF	0	1409031_SFF	14946	0.0826977	0.0328516	-0.0749766
0	1702005_BFF	0	1409032_SFF	15817	0.0818739	0.0370487	-0.0959259
0	1702005_BFF	0	1410001_SFF	14478	0.0842658	0.0327393	-0.072491
0	1702005_BFF	0	1410002_SFF	15094	0.0863257	0.0311382	-0.0538013
0	1702005_BFF	0	1412001_BFF	16158	0.106016	0.0308206	0.0320807
0	1702005_BFF	0	1412006_BFF	15970	0.104696	0.0314339	0.0289978
0	1702005_BFF	0	1412010_BFF	14553	0.111111	0.0281042	0.0620485
0	1702005_BFF	0	1412014_BFF	14665	0.112376	0.0254347	0.0731489
0	1702005_BFF	0	1412024_BFF	15295	0.105459	0.0288983	0.0403
0	1702005_BFF	0	1510003_SFF	13031	0.082956	0.0283171	-0.0427562
0	1702005_BFF	0	1510004_SFF	16123	0.085592	0.0360975	-0.0659235
0	1702005_BFF	0	1610001_BFF	15975	0.104351	0.0343036	0.0165692
0	1702005_BFF	0	1610002_BFF	16001	0.101431	0.0334979	0.0101827
0	1702005_BFF	0	1610012_BFF	16164	0.102141	0.0351398	0.0109162
0	1702005_BFF	0	1610013_BFF	15514	0.104228	0.0306175	0.0279609
0	1702005_BFF	0	1610015_BFF	16102	0.102223	0.0353993	0.00773134
0	1702005_BFF	0	1610016_BFF	16260	0.100062	0.0357319	-0.00286935
0	1702005_BFF	0	1610017_BFF	16278	0.10118	0.0407913	-0.0195805
0	1702005_BFF	0	1409001_SFF	15878	0.0840156	0.0354579	-0.0808588
0	1702005_BFF	0	1611012_BFF	14614	0.104763	0.0272342	0.0424119
0	1702005_BFF	0	1611013_BFF	11507	0.107152	0.0233771	0.0669366
0	1702005_BFF	0	1611032_BFF	15726	0.106766	0.0299504	0.0423411
0	1702006_BFF	0	1304001_SFF	15360	0.0675781	0.0529297	-0.137315
0	1702006_BFF	0	1304004_SFF	15754	0.0661419	0.0514155	-0.136291
0	1702006_BFF	0	1304006_SFF	16066	0.0644218	0.0576372	-0.182065
0	1702006_BFF	0	1304010_SFF	9983	0.0763298	0.0385656	-0.0241003
0	1702006_BFF	0	1304011_SFF	15822	0.0649096	0.052269	-0.14846
0	1702006_BFF	0	1306009_SFF	16124	0.0692756	0.0571198	-0.153255
0	1702006_BFF	0	1306011_SFF	16198	0.0662427	0.0553155	-0.151921
0	1702006_BFF	0	1306014_SFF	14907	0.0892869	0.035755	0.0307585
0	1702006_BFF	0	1306015_BFF	16078	0.0878841	0.0414231	-0.00227776
0	1702006_BFF	0	1307003_SFF	16179	0.0670004	0.0547623	-0.152916
0	1702006_BFF	0	1307004_SFF	16002	0.0706787	0.0563055	-0.145668
0	1702006_BFF	0	1611011_BFF	16242	0.0887206	0.0426056	-0.00436152
0	1702006_BFF	0	1409002_SFF	15439	0.0662608	0.0536304	-0.147792
0	1702006_BFF	0	1409007_SFF	15808	0.067624	0.0552252	-0.148552
0	1702006_BFF	0	1409008_SFF	16050	0.0675389	0.0558255	-0.163186
0	1702006_BFF	0	1409009_SFF	15627	0.0684712	0.0552889	-0.153556
0	1702006_BFF	0	1409012_SFF	15189	0.0668905	0.0519455	-0.146867
0	1702006_BFF	0	1409013_SFF	15535	0.0697779	0.0537496	-0.140495
0	1702006_BFF	0	1409026_SFF	12064	0.0717838	0.0416943	-0.0510368
0	1702006_BFF	0	1409027_SFF	14763	0.0675337	0.0514801	-0.130825
0	1702006_BFF	0	1409030_SFF	15549	0.0689433	0.0508071	-0.119884
0	1702006_BFF	0	1409031_SFF	15014	0.0681364	0.0529506	-0.131358
0	1702006_BFF	0	1409032_SFF	15888	0.070997	0.0574648	-0.152954
0	1702006_BFF	0	1410001_SFF	14574	0.0692329	0.050844	-0.127621
0	1702006_BFF	0	1410002_SFF	15172	0.0691405	0.0509491	-0.11702
0	1702006_BFF	0	1412001_BFF	16232	0.088036	0.0433711	-0.00587812
0	1702006_BFF	0	1412006_BFF	16039	0.0894694	0.0425214	-0.000609459
0	1702006_BFF	0	1412010_BFF	14718	0.094646	0.0368936	0.036157
0	1702006_BFF	0	1412014_BFF	14792	0.0957274	0.0375203	0.0372177
0	1702006_BFF	0	1412024_BFF	15365	0.0915067	0.0365766	0.0289043
0	1702006_BFF	0	1510003_SFF	13156	0.0704621	0.0471268	-0.0947895
0	1702006_BFF	0	1510004_SFF	16190	0.0717109	0.0539222	-0.114675
0	1702006_BFF	0	1610001_BFF	16032	0.0896332	0.0401697	0.0121095
0	1702006_BFF	0	1610002_BFF	16079	0.0886871	0.0442814	-0.0110276
0	1702006_BFF	0	1610012_BFF	16227	0.0884329	0.042645	0
0	1702006_BFF	0	1610013_BFF	15577	0.0892983	0.0386467	0.01448
0	1702006_BFF	0	1610015_BFF	16152	0.0897722	0.0438336	-0.0044686
0	1702006_BFF	0	1610016_BFF	16325	0.0868606	0.0443492	-0.0166626
0	1702006_BFF	0	1610017_BFF	16334	0.085772	0.0484266	-0.0360442
0	1702006_BFF	0	1409001_SFF	15958	0.0688683	0.0554581	-0.142676
0	1702006_BFF	0	1611012_BFF	14726	0.0916746	0.038028	0.0233164
0	1702006_BFF	0	1611013_BFF	11604	0.0866942	0.0299035	0.0517766
0	1702006_BFF	0	1611032_BFF	15793	0.0905464	0.0409675	0.0143389
0	1702006_BFF	0	1702005_BFF	15300	0.111111	0.0290196	0.055611
0	1702007_BFF	0	1304001_SFF	15550	0.0674598	0.0565916	-0.152994
0	1702007_BFF	0	1304004_SFF	15954	0.0683841	0.0577285	-0.157963
0	1702007_BFF	0	1304006_SFF	16252	0.0670071	0.0604849	-0.184367
0	1702007_BFF	0	1304010_SFF	10105	0.0786739	0.040574	-0.0268874
0	1702007_BFF	0	1304011_SFF	15996	0.0662041	0.0556389	-0.156639
0	1702007_BFF	0	1306009_SFF	16322	0.0671486	0.0605318	-0.169668
0	1702007_BFF	0	1306011_SFF	16381	0.0699591	0.0595202	-0.159471
0	1702007_BFF	0	1306014_SFF	15067	0.088737	0.0418796	0.00140917
0	1702007_BFF	0	1306015_BFF	16271	0.0861041	0.0441276	-0.00960145
0	1702007_BFF	0	1307003_SFF	16356	0.0692712	0.0602225	-0.169001
0	1702007_BFF	0	1307004_SFF	16163	0.0675617	0.0580338	-0.159736
0	1702007_BFF	0	1611011_BFF	16437	0.0848087	0.0471497	-0.0245039
0	1702007_BFF	0	1409002_SFF	15627	0.0643758	0.0569527	-0.167384
0	1702007_BFF	0	1409007_SFF	15980	0.0681477	0.0590738	-0.159568
0	1702007_BFF	0	1409008_SFF	16242	0.0676641	0.0602143	-0.182314
0	1702007_BFF	0	1409009_SFF	15831	0.0680942	0.0591877	-0.171746
0	1702007_BFF	0	1409012_SFF	15361	0.0667274	0.0558557	-0.159367
0	1702007_BFF	0	1409013_SFF	15696	0.0667049	0.054791	-0.149354
0	1702007_BFF	0	1409026_SFF	12217	0.0699026	0.0454285	-0.0746269
0	1702007_BFF	0	1409027_SFF	14928	0.0685289	0.0535906	-0.13556
0	1702007_BFF	0	1409030_SFF	15737	0.0683739	0.0543941	-0.134389
0	1702007_BFF	0	1409031_SFF	15177	0.068393	0.0571918	-0.151812
0	1702007_BFF	0	1409032_SFF	16084	0.0667744	0.0597488	-0.170114
0	1702007_BFF	0	1410001_SFF	14756	0.0656004	0.0529954	-0.143036
0	1702007_BFF	0	1410002_SFF	15357	0.0695448	0.0535261	-0.125951
0	1702007_BFF	0	1412001_BFF	16412	0.0873142	0.0452108	-0.0106053
0	1702007_BFF	0	1412006_BFF	16221	0.0890204	0.0434005	-0.000903614
0	1702007_BFF	0	1412010_BFF	14860	0.0899731	0.0368102	0.0237047
0	1702007_BFF	0	1412014_BFF	14934	0.0905317	0.0376992	0.0235021
0	1702007_BFF	0	1412024_BFF	15588	0.0879523	0.0390044	0.0158046
0	1702007_BFF	0	1510003_SFF	13309	0.0700278	0.0512435	-0.110634
0	1702007_BFF	0	1510004_SFF	16376	0.0707132	0.0570957	-0.124045
0	1702007_BFF	0	1610001_BFF	16219	0.0844072	0.0459338	-0.0174028
0	1702007_BFF	0	1610002_BFF	16248	0.0858567	0.0454825	-0.0174008
0	1702007_BFF	0	1610012_BFF	16413	0.0892585	0.0455736	-0.00594817
0	1702007_BFF	0	1610013_BFF	15748	0.0871222	0.0417196	0.000375752
0	1702007_BFF	0	1610015_BFF	16344	0.0849853	0.0466226	-0.0204947
0	1702007_BFF	0	1610016_BFF	16507	0.0884473	0.0494336	-0.0285372
0	1702007_BFF	0	1610017_BFF	16516	0.0834342	0.0477113	-0.0318792
0	1702007_BFF	0	1409001_SFF	16136	0.0678607	0.0588126	-0.156355
0	1702007_BFF	0	1611012_BFF	14870	0.0880296	0.0408204	0.0104222
0	1702007_BFF	0	1611013_BFF	11781	0.0867499	0.0362448	0.0280007
0	1702007_BFF	0	1611032_BFF	16000	0.0904375	0.041375	0.0127929
0	1702007_BFF	0	1702005_BFF	15463	0.105801	0.0296838	0.0399275
0	1702007_BFF	0	1702006_BFF	15560	0.090874	0.0382391	0.0207038
0	1702008_BFF	0	1304001_SFF	13050	0.0722605	0.0478927	-0.115419
0	1702008_BFF	0	1304004_SFF	13335	0.071841	0.0474691	-0.113314
0	1702008_BFF	0	1304006_SFF	13576	0.0701974	0.0544343	-0.154495
0	1702008_BFF	0	1304010_SFF	8685	0.0794473	0.0352332	-0.00678342
0	1702008_BFF	0	1304011_SFF	13352	0.0692031	0.0454614	-0.117119
0	1702008_BFF	0	1306009_SFF	13624	0.0711979	0.0512331	-0.130051
0	1702008_BFF	0	1306011_SFF	13652	0.0726633	0.0506153	-0.121285
0	1702008_BFF	0	1306014_SFF	12690	0.0945626	0.0331757	0.0515188
0	1702008_BFF	0	1306015_BFF	13555	0.0919218	0.0382147	0.0158615
0	1702008_BFF	0	1307003_SFF	13645	0.0712349	0.0487358	-0.126715
0	1702008_BFF	0	1307004_SFF	13522	0.0740275	0.0503624	-0.1191
0	1702008_BFF	0	1611011_BFF	13699	0.0934375	0.0391999	0.013451
0	1702008_BFF	0	1409002_SFF	13092	0.0694317	0.0489612	-0.13573
0	1702008_BFF	0	1409007_SFF	13371	0.0724703	0.0500337	-0.119369
0	1702008_BFF	0	1409008_SFF	13570	0.067944	0.0515844	-0.151786
0	1702008_BFF	0	1409009_SFF	13240	0.0709215	0.0478852	-0.119642
0	1702008_BFF	0	1409012_SFF	12903	0.0682012	0.0488259	-0.135589
0	1702008_BFF	0	1409013_SFF	13157	0.0703048	0.0484153	-0.120789
0	1702008_BFF	0	1409026_SFF	10479	0.073194	0.0370264	-0.0336221
0	1702008_BFF	0	1409027_SFF	12584	0.0704863	0.0472823	-0.115611
0	1702008_BFF	0	1409030_SFF	13156	0.0744907	0.0462907	-0.0939331
0	1702008_BFF	0	1409031_SFF	12796	0.0756486	0.0479837	-0.0979873
0	1702008_BFF	0	1409032_SFF	13480	0.0724036	0.05	-0.119108
0	1702008_BFF	0	1410001_SFF	12403	0.07345	0.0461985	-0.0992167
0	1702008_BFF	0	1410002_SFF	12861	0.0735557	0.0440868	-0.0846803
0	1702008_BFF	0	1412001_BFF	13685	0.0930946	0.0371209	0.0221902
0	1702008_BFF	0	1412006_BFF	13553	0.0936324	0.0368184	0.0270017
0	1702008_BFF	0	1412010_BFF	12534	0.0961385	0.0319132	0.0593476
0	1702008_BFF	0	1412014_BFF	12628	0.0961356	0.0315173	0.0593628
0	1702008_BFF	0	1412024_BFF	13033	0.0947595	0.0329932	0.0446995
0	1702008_BFF	0	1510003_SFF	11313	0.0760187	0.0419871	-0.069166
0	1702008_BFF	0	1510004_SFF	13644	0.074465	0.0492524	-0.0927982
0	1702008_BFF	0	1610001_BFF	13538	0.0895258	0.0398139	0.00486919
0	1702008_BFF	0	1610002_BFF	13550	0.0882657	0.0394096	-0.00185791
0	1702008_BFF	0	1610012_BFF	13694	0.0921571	0.0406017	0.00985536
0	1702008_BFF	0	1610013_BFF	13161	0.0921662	0.0344199	0.0305955
0	1702008_BFF	0	1610015_BFF	13620	0.089721	0.0381791	0.0128925
0	1702008_BFF	0	1610016_BFF	13752	0.0893688	0.0432664	-0.0136496
0	1702008_BFF	0	1610017_BFF	13761	0.0901824	0.0424388	-0.00537866
0	1702008_BFF	0	1409001_SFF	13477	0.0724939	0.0498627	-0.11665
0	1702008_BFF	0	1611012_BFF	12479	0.0901515	0.0292491	0.0492544
0	1702008_BFF	0	1611013_BFF	10006	0.0926444	0.0288827	0.0630943
0	1702008_BFF	0	1611032_BFF	13383	0.0937757	0.0347456	0.0397418
0	1702008_BFF	0	1702005_BFF	12913	0.112445	0.0229226	0.0872566
0	1702008_BFF	0	1702006_BFF	13045	0.0942123	0.0322729	0.0481224
0	1702008_BFF	0	1702007_BFF	13198	0.0950144	0.0331868	0.0474517
0	1702009_BFF	0	1304001_SFF	16230	0.0670364	0.0585336	-0.159186
0	1702009_BFF	0	1304004_SFF	16652	0.0677997	0.0597526	-0.172044
0	1702009_BFF	0	1304006_SFF	17005	0.0646281	0.0639812	-0.20725
0	1702009_BFF	0	1304010_SFF	10448	0.073794	0.043549	-0.048194
0	1702009_BFF	0	1304011_SFF	16739	0.06912	0.0607563	-0.174282
0	1702009_BFF	0	1306009_SFF	17074	0.0673539	0.0641912	-0.187001
0	1702009_BFF	0	1306011_SFF	17148	0.0680546	0.0628062	-0.179406
0	1702009_BFF	0	1306014_SFF	15695	0.0893915	0.0451736	-0.00969512
0	1702009_BFF	0	1306015_BFF	17009	0.0867188	0.0480334	-0.0244071
0	1702009_BFF	0	1307003_SFF	17132	0.0659001	0.0622227	-0.186526
0	1702009_BFF	0	1307004_SFF	16910	0.0677705	0.0617978	-0.175869
0	1702009_BFF	0	1611011_BFF	17208	0.0887378	0.0496281	-0.0275568
0	1702009_BFF	0	1409002_SFF	16325	0.0673813	0.060827	-0.176025
0	1702009_BFF	0	1409007_SFF	16706	0.0679995	0.0636897	-0.179277
0	1702009_BFF	0	1409008_SFF	16991	0.0648579	0.0640339	-0.205992
0	1702009_BFF	0	1409009_SFF	16515	0.0659401	0.0624886	-0.189694
0	1702009_BFF	0	1409012_SFF	16037	0.0657854	0.060984	-0.188047
0	1702009_BFF	0	1409013_SFF	16386	0.0684731	0.0589528	-0.162051
0	1702009_BFF	0	1409026_SFF	12668	0.0702558	0.0488633	-0.087001
0	1702009_BFF	0	1409027_SFF	15577	0.0653528	0.0597034	-0.167394
0	1702009_BFF	0	1409030_SFF	16435	0.0674171	0.0595071	-0.15896
0	1702009_BFF	0	1409031_SFF	15852	0.069518	0.0605602	-0.161823
0	1702009_BFF	0	1409032_SFF	16809	0.0680588	0.0630615	-0.182892
0	1702009_BFF	0	1410001_SFF	15381	0.068136	0.0576686	-0.160253
0	1702009_BFF	0	1410002_SFF	16014	0.068565	0.0572	-0.145089
0	1702009_BFF	0	1412001_BFF	17186	0.0914116	0.0468986	-0.00817362
0	1702009_BFF	0	1412006_BFF	16970	0.0886859	0.0446081	-0.00410303
0	1702009_BFF	0	1412010_BFF	15481	0.0937924	0.0406305	0.0151515
0	1702009_BFF	0	1412014_BFF	15618	0.0955948	0.0407222	0.0204707
0	1702009_BFF	0	1412024_BFF	16268	0.0920826	0.0414925	0.0157701
0	1702009_BFF	0	1510003_SFF	13845	0.0692669	0.0522932	-0.121569
0	1702009_BFF	0	1510004_SFF	17136	0.0721289	0.0587068	-0.130886
0	1702009_BFF	0	1610001_BFF	16968	0.0878713	0.0493281	-0.023861
0	1702009_BFF	0	1610002_BFF	17005	0.0850338	0.0481035	-0.0292313
0	1702009_BFF	0	1610012_BFF	17187	0.0866934	0.0483505	-0.0226559
0	1702009_BFF	0	1610013_BFF	16476	0.0867322	0.043882	-0.00812189
0	1702009_BFF	0	1610015_BFF	17102	0.0885277	0.0491171	-0.0227582
0	1702009_BFF	0	1610016_BFF	17282	0.0865641	0.0486633	-0.0301074
0	1702009_BFF	0	1610017_BFF	17298	0.0857903	0.0537056	-0.0523853
0	1702009_BFF	0	1409001_SFF	16875	0.0677333	0.0631111	-0.175086
0	1702009_BFF	0	1611012_BFF	15539	0.090482	0.0419589	0.0101951
0	1702009_BFF	0	1611013_BFF	12222	0.0909017	0.0366552	0.0328714
0	1702009_BFF	0	1611032_BFF	16724	0.088675	0.0444272	-0.00419155
0	1702009_BFF	0	1702005_BFF	16185	0.106766	0.0326846	0.0283481
0	1702009_BFF	0	1702006_BFF	16262	0.0911327	0.0432296	0.00690543
0	1702009_BFF	0	1702007_BFF	16442	0.0900742	0.0427564	0.00800234
0	1702009_BFF	0	1702008_BFF	13723	0.0934927	0.0365081	0.0287048
0	1702012_BFF	0	1304001_SFF	12069	0.0732455	0.0425056	-0.0854395
0	1702012_BFF	0	1304004_SFF	12337	0.0735187	0.0424739	-0.0910627
0	1702012_BFF	0	1304006_SFF	12564	0.0724292	0.0456861	-0.117603
0	1702012_BFF	0	1304010_SFF	8125	0.0804923	0.0313846	-0.00148488
0	1702012_BFF	0	1304011_SFF	12383	0.0709844	0.0447388	-0.113324
0	1702012_BFF	0	1306009_SFF	12579	0.0732173	0.0448366	-0.0978024
0	1702012_BFF	0	1306011_SFF	12628	0.0719829	0.0452962	-0.10318
0	1702012_BFF	0	1306014_SFF	11771	0.0957438	0.0300739	0.0627197
0	1702012_BFF	0	1306015_BFF	12561	0.092827	0.0350291	0.0259218
0	1702012_BFF	0	1307003_SFF	12601	0.0724546	0.04579	-0.109191
0	1702012_BFF	0	1307004_SFF	12503	0.0739023	0.0451892	-0.0984683
0	1702012_BFF	0	1611011_BFF	12683	0.0903572	0.0368998	0.0106534
0	1702012_BFF	0	1409002_SFF	12087	0.0707372	0.0455034	-0.110303
0	1702012_BFF	0	1409007_SFF	12390	0.0736077	0.0439871	-0.0894737
0	1702012_BFF	0	1409008_SFF	12572	0.0736557	0.0427935	-0.101092
0	1702012_BFF	0	1409009_SFF	12320	0.0733766	0.0425325	-0.0936673
0	1702012_BFF	0	1409012_SFF	11972	0.0700802	0.0436017	-0.10776
0	1702012_BFF	0	1409013_SFF	12193	0.0728287	0.0423194	-0.0907197
0	1702012_BFF	0	1409026_SFF	9796	0.0772764	0.0335851	-0.0164062
0	1702012_BFF	0	1409027_SFF	11702	0.072039	0.0396513	-0.0736547
0	1702012_BFF	0	1409030_SFF	12227	0.0736076	0.0413838	-0.076412
0	1702012_BFF	0	1409031_SFF	11796	0.0727365	0.0426416	-0.0884407
0	1702012_BFF	0	1409032_SFF	12477	0.0738158	0.0454436	-0.103711
0	1702012_BFF	0	1410001_SFF	11552	0.0754848	0.0418975	-0.0838723
0	1702012_BFF	0	1410002_SFF	11959	0.0742537	0.0393009	-0.0626411
0	1702012_BFF	0	1412001_BFF	12638	0.0946352	0.0346574	0.0292402
0	1702012_BFF	0	1412006_BFF	12543	0.0931197	0.0361955	0.0216604
0	1702012_BFF	0	1412010_BFF	11680	0.100257	0.029024	0.0760834
0	1702012_BFF	0	1412014_BFF	11726	0.0979874	0.0288248	0.0701911
0	1702012_BFF	0	1412024_BFF	12094	0.0963288	0.0325781	0.0434747
0	1702012_BFF	0	1510003_SFF	10511	0.0748739	0.035772	-0.0396774
0	1702012_BFF	0	1510004_SFF	12632	0.0798765	0.0459151	-0.0692689
0	1702012_BFF	0	1610001_BFF	12536	0.0909381	0.0378909	0.0127743
0	1702012_BFF	0	1610002_BFF	12560	0.0890924	0.0390924	-0.0012837
0	1702012_BFF	0	1610012_BFF	12655	0.0969577	0.0372185	0.0288964
0	1702012_BFF	0	1610013_BFF	12150	0.0959671	0.0344033	0.032509
0	1702012_BFF	0	1610015_BFF	12571	0.0922759	0.0359558	0.0212145
0	1702012_BFF	0	1610016_BFF	12721	0.0896156	0.038519	-0.00168431
0	1702012_BFF	0	1610017_BFF	12722	0.0879579	0.0393806	-0.00521327
0	1702012_BFF	0	1409001_SFF	12508	0.0729933	0.0446114	-0.0977628
0	1702012_BFF	0	1611012_BFF	11593	0.0979902	0.0315708	0.0530484
0	1702012_BFF	0	1611013_BFF	9349	0.0948765	0.0270617	0.0684727
0	1702012_BFF	0	1611032_BFF	12379	0.0962921	0.0334437	0.0452425
0	1702012_BFF	0	1702005_BFF	11927	0.111596	0.0202901	0.099064
0	1702012_BFF	0	1702006_BFF	12120	0.095297	0.030033	0.0545107
0	1702012_BFF	0	1702007_BFF	12239	0.0962497	0.0306398	0.0571338
0	1702012_BFF	0	1702008_BFF	10475	0.101098	0.0247255	0.0946364
0	1702012_BFF	0	1702009_BFF	12690	0.0947991	0.0319149	0.0459137
0	1702013_BFF	0	1304001_SFF	16268	0.0675559	0.0615933	-0.171988
0	1702013_BFF	0	1304004_SFF	16707	0.0671575	0.0608727	-0.176584
0	1702013_BFF	0	1304006_SFF	17053	0.0650325	0.0642116	-0.206645
0	1702013_BFF	0	1304010_SFF	10461	0.0738935	0.0440684	-0.0520665
0	1702013_BFF	0	1304011_SFF	16787	0.0683863	0.0628463	-0.183732
0	1702013_BFF	0	1306009_SFF	17122	0.0680411	0.0661138	-0.19514
0	1702013_BFF	0	1306011_SFF	17202	0.0684804	0.0654575	-0.189252
0	1702013_BFF	0	1306014_SFF	15729	0.0904063	0.0442495	-0.003339
0	1702013_BFF	0	1306015_BFF	17066	0.0865463	0.0478144	-0.0236649
0	1702013_BFF	0	1307003_SFF	17183	0.0694291	0.0653553	-0.192819
0	1702013_BFF	0	1307004_SFF	16965	0.0676098	0.0612437	-0.173779
0	1702013_BFF	0	1611011_BFF	17254	0.0868204	0.0512345	-0.0371906
0	1702013_BFF	0	1409002_SFF	16365	0.0673999	0.0609838	-0.17846
0	1702013_BFF	0	1409007_SFF	16754	0.0689388	0.063925	-0.180495
0	1702013_BFF	0	1409008_SFF	17033	0.0671637	0.0660483	-0.212313
0	1702013_BFF	0	1409009_SFF	16553	0.0677823	0.0632514	-0.190065
0	1702013_BFF	0	1409012_SFF	16076	0.0666211	0.0612093	-0.184123
0	1702013_BFF	0	1409013_SFF	16437	0.0683215	0.0601083	-0.166783
0	1702013_BFF	0	1409026_SFF	12678	0.0705947	0.0489036	-0.0867086
0	1702013_BFF	0	1409027_SFF	15612	0.068473	0.0604663	-0.165456
0	1702013_BFF	0	1409030_SFF	16477	0.069248	0.0595375	-0.156344
0	1702013_BFF	0	1409031_SFF	15898	0.0706378	0.0601334	-0.158044
0	1702013_BFF	0	1409032_SFF	16850	0.0683086	0.0638576	-0.184517
0	1702013_BFF	0	1410001_SFF	15419	0.0683572	0.0585641	-0.163744
0	1702013_BFF	0	1410002_SFF	16065	0.0687831	0.0570806	-0.143214
0	1702013_BFF	0	1412001_BFF	17236	0.0900441	0.0475168	-0.0123034
0	1702013_BFF	0	1412006_BFF	17016	0.0882699	0.045134	-0.00727603
0	1702013_BFF	0	1412010_BFF	15506	0.0944151	0.0419193	0.0119638
0	1702013_BFF	0	1412014_BFF	15633	0.0930084	0.0395957	0.0183724
0	1702013_BFF	0	1412024_BFF	16296	0.0889175	0.0414826	0.00916448
0	1702013_BFF	0	1510003_SFF	13871	0.0685603	0.0537813	-0.12633
0	1702013_BFF	0	1510004_SFF	17180	0.0708964	0.0618161	-0.145451
0	1702013_BFF	0	1610001_BFF	17018	0.0862616	0.050711	-0.0311081
0	1702013_BFF	0	1610002_BFF	17063	0.085448	0.0497568	-0.0344291
0	1702013_BFF	0	1610012_BFF	17235	0.0853496	0.0496084	-0.0295139
0	1702013_BFF	0	1610013_BFF	16531	0.087956	0.0453693	-0.0100331
0	1702013_BFF	0	1610015_BFF	17160	0.086655	0.0505245	-0.0310594
0	1702013_BFF	0	1610016_BFF	17332	0.0864297	0.0515809	-0.0416001
0	1702013_BFF	0	1610017_BFF	17351	0.0846637	0.0551553	-0.0585529
0	1702013_BFF	0	1409001_SFF	16919	0.0698032	0.0647201	-0.178657
0	1702013_BFF	0	1611012_BFF	15578	0.0891642	0.0440365	0.000375094
0	1702013_BFF	0	1611013_BFF	12236	0.0897352	0.0369402	0.0303491
0	1702013_BFF	0	1611032_BFF	16770	0.0939177	0.045319	0.00296939
0	1702013_BFF	0	1702005_BFF	16248	0.111275	0.0316962	0.0419725
0	1702013_BFF	0	1702006_BFF	16302	0.0910931	0.0416513	0.0100825
0	1702013_BFF	0	1702007_BFF	16488	0.0901868	0.0436075	0.00564479
0	1702013_BFF	0	1702008_BFF	13742	0.0961287	0.0361665	0.0368635
0	1702013_BFF	0	1702009_BFF	17265	0.0934839	0.0454098	0.00410291
0	1702013_BFF	0	1702012_BFF	12705	0.0930342	0.0326643	0.0387205
0	1702014_BFF	0	1304001_SFF	13133	0.0726414	0.0458387	-0.100587
0	1702014_BFF	0	1304004_SFF	13443	0.074165	0.0469389	-0.110929
0	1702014_BFF	0	1304006_SFF	13662	0.0717318	0.0489679	-0.133651
0	1702014_BFF	0	1304010_SFF	8736	0.0804716	0.0311355	0.00421418
0	1702014_BFF	0	1304011_SFF	13436	0.0727151	0.0471867	-0.122846
0	1702014_BFF	0	1306009_SFF	13695	0.0721431	0.0517707	-0.134216
0	1702014_BFF	0	1306011_SFF	13750	0.0731636	0.0491636	-0.121982
0	1702014_BFF	0	1306014_SFF	12800	0.0971094	0.0345312	0.0428189
0	1702014_BFF	0	1306015_BFF	13657	0.0908692	0.038515	0.00469759
0	1702014_BFF	0	1307003_SFF	13742	0.0725513	0.0488284	-0.128966
0	1702014_BFF	0	1307004_SFF	13614	0.0716909	0.0468635	-0.111577
0	1702014_BFF	0	1611011_BFF	13800	0.0926087	0.0375362	0.0134471
0	1702014_BFF	0	1409002_SFF	13164	0.0707991	0.047478	-0.12634
0	1702014_BFF	0	1409007_SFF	13455	0.0730583	0.049647	-0.121441
0	1702014_BFF	0	1409008_SFF	13678	0.071721	0.0481796	-0.135734
0	1702014_BFF	0	1409009_SFF	13370	0.0707554	0.0475692	-0.130265
0	1702014_BFF	0	1409012_SFF	12979	0.0678018	0.0441482	-0.125881
0	1702014_BFF	0	1409013_SFF	13256	0.0709113	0.0443573	-0.109468
0	1702014_BFF	0	1409026_SFF	10573	0.0752861	0.0370756	-0.0395842
0	1702014_BFF	0	1409027_SFF	12709	0.0724683	0.045873	-0.112012
0	1702014_BFF	0	1409030_SFF	13242	0.0742335	0.0453859	-0.099117
0	1702014_BFF	0	1409031_SFF	12766	0.0755914	0.0480965	-0.104628
0	1702014_BFF	0	1409032_SFF	13559	0.0712442	0.0483074	-0.125471
0	1702014_BFF	0	1410001_SFF	12554	0.0734427	0.04397	-0.103448
0	1702014_BFF	0	1410002_SFF	12998	0.0769349	0.0446992	-0.0881732
0	1702014_BFF	0	1412001_BFF	13785	0.0945956	0.0351832	0.0307616
0	1702014_BFF	0	1412006_BFF	13655	0.0950568	0.0340535	0.0343732
0	1702014_BFF	0	1412010_BFF	12656	0.0979772	0.028208	0.0714179
0	1702014_BFF	0	1412014_BFF	12680	0.0973186	0.0276814	0.0699788
0	1702014_BFF	0	1412024_BFF	13070	0.100689	0.0332058	0.0507388
0	1702014_BFF	0	1510003_SFF	11334	0.073231	0.0388212	-0.0625251
0	1702014_BFF	0	1510004_SFF	13734	0.0742682	0.04609	-0.0872852
0	1702014_BFF	0	1610001_BFF	13640	0.0907625	0.0395894	0.00483824
0	1702014_BFF	0	1610002_BFF	13662	0.0922266	0.0394525	0.00388449
0	1702014_BFF	0	1610012_BFF	13796	0.0940852	0.0399391	0.0100085
0	1702014_BFF	0	1610013_BFF	13231	0.0947774	0.0344645	0.0309209
0	1702014_BFF	0	1610015_BFF	13709	0.092494	0.0374936	0.0148293
0	1702014_BFF	0	1610016_BFF	13854	0.0893605	0.0381117	0.0011672
0	1702014_BFF	0	1610017_BFF	13852	0.0889402	0.0430985	-0.0164606
0	1702014_BFF	0	1409001_SFF	13612	0.0725096	0.048707	-0.113584
0	1702014_BFF	0	1611012_BFF	12585	0.0929678	0.0300358	0.0457278
0	1702014_BFF	0	1611013_BFF	10057	0.0928706	0.0288356	0.0560961
0	1702014_BFF	0	1611032_BFF	13459	0.0978527	0.0358868	0.0395375
0	1702014_BFF	0	1702005_BFF	13016	0.113706	0.0215888	0.0965226
0	1702014_BFF	0	1702006_BFF	13165	0.0947968	0.0305355	0.0522059
0	1702014_BFF	0	1702007_BFF	13271	0.0937382	0.0302916	0.052942
0	1702014_BFF	0	1702008_BFF	11309	0.100274	0.0284729	0.0798553
0	1702014_BFF	0	1702009_BFF	13817	0.0951726	0.0345227	0.0340845
0	1702014_BFF	0	1702012_BFF	10523	0.102252	0.0268935	0.0891266
0	1702014_BFF	0	1702013_BFF	13840	0.0932081	0.0354769	0.0272522
0	1702016_BFF	0	1304001_SFF	15088	0.0679348	0.0573966	-0.154651
0	1702016_BFF	0	1304004_SFF	15473	0.0685711	0.0586829	-0.16679
0	1702016_BFF	0	1304006_SFF	15767	0.0645652	0.0613306	-0.199237
0	1702016_BFF	0	1304010_SFF	9812	0.0745006	0.0409702	-0.0457609
0	1702016_BFF	0	1304011_SFF	15529	0.0674866	0.0577629	-0.165403
0	1702016_BFF	0	1306009_SFF	15823	0.0685079	0.061872	-0.172468
0	1702016_BFF	0	1306011_SFF	15887	0.0684837	0.0608044	-0.174072
0	1702016_BFF	0	1306014_SFF	14644	0.0903442	0.0408358	0.0139247
0	1702016_BFF	0	1306015_BFF	15775	0.0897623	0.0481775	-0.0226027
0	1702016_BFF	0	1307003_SFF	15852	0.0688872	0.0595508	-0.167219
0	1702016_BFF	0	1307004_SFF	15685	0.067963	0.0598661	-0.166162
0	1702016_BFF	0	1611011_BFF	15937	0.0887244	0.0447387	-0.0116021
0	1702016_BFF	0	1409002_SFF	15158	0.0682808	0.0591107	-0.167528
0	1702016_BFF	0	1409007_SFF	15514	0.0677453	0.0602037	-0.166715
0	1702016_BFF	0	1409008_SFF	15747	0.0670604	0.060456	-0.18631
0	1702016_BFF	0	1409009_SFF	15357	0.0679169	0.0597773	-0.177361
0	1702016_BFF	0	1409012_SFF	14908	0.0679501	0.055004	-0.153756
0	1702016_BFF	0	1409013_SFF	15225	0.0673892	0.0581281	-0.166188
0	1702016_BFF	0	1409026_SFF	11886	0.072354	0.0455999	-0.0719752
0	1702016_BFF	0	1409027_SFF	14542	0.0678036	0.0574887	-0.158072
0	1702016_BFF	0	1409030_SFF	15259	0.0705158	0.0574087	-0.148387
0	1702016_BFF	0	1409031_SFF	14754	0.0689305	0.0570693	-0.147354
0	1702016_BFF	0	1409032_SFF	15598	0.0675087	0.0609694	-0.175476
0	1702016_BFF	0	1410001_SFF	14368	0.0694599	0.0548441	-0.145546
0	1702016_BFF	0	1410002_SFF	14918	0.0703177	0.0551683	-0.135298
0	1702016_BFF	0	1412001_BFF	15912	0.0910005	0.0438034	-0.00178089
0	1702016_BFF	0	1412006_BFF	15743	0.0893095	0.0447183	-0.0090796
0	1702016_BFF	0	1412010_BFF	14495	0.0925836	0.0369783	0.0328448
0	1702016_BFF	0	1412014_BFF	14571	0.0970421	0.0376089	0.037774
0	1702016_BFF	0	1412024_BFF	15087	0.089481	0.041559	0.00653637
0	1702016_BFF	0	1510003_SFF	12939	0.0690934	0.0509313	-0.116183
0	1702016_BFF	0	1510004_SFF	15872	0.0745338	0.0584047	-0.127519
0	1702016_BFF	0	1610001_BFF	15733	0.0902561	0.0472256	-0.0118322
0	1702016_BFF	0	1610002_BFF	15766	0.087657	0.0474439	-0.0280091
0	1702016_BFF	0	1610012_BFF	15911	0.0893721	0.0471372	-0.013909
0	1702016_BFF	0	1610013_BFF	15264	0.088902	0.0401599	0.00758355
0	1702016_BFF	0	1610015_BFF	15845	0.0874093	0.0480278	-0.0243678
0	1702016_BFF	0	1610016_BFF	15997	0.0854535	0.0488842	-0.0380881
0	1702016_BFF	0	1610017_BFF	16021	0.0818925	0.0509332	-0.0515795
0	1702016_BFF	0	1409001_SFF	15672	0.0667432	0.0602348	-0.170314
0	1702016_BFF	0	1611012_BFF	14453	0.0874559	0.0395766	0.00626532
0	1702016_BFF	0	1611013_BFF	11485	0.0889856	0.0357858	0.0290317
0	1702016_BFF	0	1611032_BFF	15520	0.0911727	0.0414948	0.0145399
0	1702016_BFF	0	1702005_BFF	14992	0.108391	0.0304829	0.0427171
0	1702016_BFF	0	1702006_BFF	15112	0.0913182	0.0404976	0.0187358
0	1702016_BFF	0	1702007_BFF	15281	0.0920751	0.0437799	0.00673973
0	1702016_BFF	0	1702008_BFF	12858	0.0942604	0.0338311	0.0447447
0	1702016_BFF	0	1702009_BFF	15938	0.0925461	0.0447986	0.0023494
0	1702016_BFF	0	1702012_BFF	11938	0.0943207	0.0330876	0.0435315
0	1702016_BFF	0	1702013_BFF	15979	0.0914325	0.0458101	-0.00304805
0	1702016_BFF	0	1702014_BFF	12960	0.0996914	0.0369599	0.0415559
0	1702017_BFF	0	1304001_SFF	13995	0.0683816	0.0514469	-0.13557
0	1702017_BFF	0	1304004_SFF	14304	0.0702601	0.0527125	-0.144028
0	1702017_BFF	0	1304006_SFF	14555	0.0668499	0.0562693	-0.176131
0	1702017_BFF	0	1304010_SFF	9283	0.0773457	0.035872	-0.0180065
0	1702017_BFF	0	1304011_SFF	14314	0.0713288	0.0530949	-0.144519
0	1702017_BFF	0	1306009_SFF	14595	0.0733128	0.0564577	-0.1449
0	1702017_BFF	0	1306011_SFF	14658	0.0701324	0.055601	-0.150436
0	1702017_BFF	0	1306014_SFF	13631	0.0917761	0.038075	0.0286761
0	1702017_BFF	0	1306015_BFF	14543	0.0929657	0.0402943	0.0111649
0	1702017_BFF	0	1307003_SFF	14632	0.070462	0.0548797	-0.149827
0	1702017_BFF	0	1307004_SFF	14507	0.0721031	0.0545254	-0.14734
0	1702017_BFF	0	1611011_BFF	14692	0.0895045	0.041315	-0.00087038
0	1702017_BFF	0	1409002_SFF	14026	0.0669471	0.0499073	-0.142738
0	1702017_BFF	0	1409007_SFF	14337	0.0699588	0.0551022	-0.14494
0	1702017_BFF	0	1409008_SFF	14574	0.0690956	0.0539317	-0.158523
0	1702017_BFF	0	1409009_SFF	14249	0.0677241	0.0522142	-0.149116
0	1702017_BFF	0	1409012_SFF	13798	0.0721844	0.0523989	-0.137905
0	1702017_BFF	0	1409013_SFF	14115	0.0680836	0.0490967	-0.129639
0	1702017_BFF	0	1409026_SFF	11214	0.0733904	0.0407526	-0.0537938
0	1702017_BFF	0	1409027_SFF	13501	0.069106	0.0531812	-0.143295
0	1702017_BFF	0	1409030_SFF	14127	0.0716359	0.0516741	-0.12476
0	1702017_BFF	0	1409031_SFF	13656	0.070372	0.0509666	-0.127882
0	1702017_BFF	0	1409032_SFF	14445	0.0693666	0.0543441	-0.146942
0	1702017_BFF	0	1410001_SFF	13335	0.0728159	0.0524934	-0.137705
0	1702017_BFF	0	1410002_SFF	13819	0.0728707	0.0498589	-0.114975
0	1702017_BFF	0	1412001_BFF	14664	0.0950627	0.0379842	0.0220805
0	1702017_BFF	0	1412006_BFF	14542	0.0945537	0.0380965	0.0238159
0	1702017_BFF	0	1412010_BFF	13477	0.0980188	0.035542	0.0492594
0	1702017_BFF	0	1412014_BFF	13496	0.0993628	0.0352697	0.0501265
0	1702017_BFF	0	1412024_BFF	13961	0.0939044	0.0358857	0.0310494
0	1702017_BFF	0	1510003_SFF	12045	0.0709008	0.0474056	-0.101762
0	1702017_BFF	0	1510004_SFF	14638	0.0743271	0.0534226	-0.112496
0	1702017_BFF	0	1610001_BFF	14536	0.0877821	0.0439598	-0.0136682
0	1702017_BFF	0	1610002_BFF	14538	0.0889393	0.0416839	-0.00662931
0	1702017_BFF	0	1610012_BFF	14692	0.0942009	0.0439695	0.00033095
0	1702017_BFF	0	1610013_BFF	14081	0.0928911	0.0396279	0.0117253
0	1702017_BFF	0	1610015_BFF	14624	0.0914934	0.0423961	-0.000201126
0	1702017_BFF	0	1610016_BFF	14752	0.090564	0.0433839	-0.010456
0	1702017_BFF	0	1610017_BFF	14753	0.0879821	0.0454823	-0.0216867
0	1702017_BFF	0	1409001_SFF	14482	0.0733324	0.0549648	-0.135932
0	1702017_BFF	0	1611012_BFF	13358	0.0921545	0.0369067	0.0243219
0	1702017_BFF	0	1611013_BFF	10743	0.0901983	0.0323001	0.0429098
0	1702017_BFF	0	1611032_BFF	14343	0.0934951	0.0380673	0.0270972
0	1702017_BFF	0	1702005_BFF	13857	0.114671	0.023093	0.09
0	1702017_BFF	0	1702006_BFF	13977	0.0937254	0.0346283	0.0398561
0	1702017_BFF	0	1702007_BFF	14179	0.0929544	0.0342055	0.0407151
0	1702017_BFF	0	1702008_BFF	12067	0.0994448	0.030745	0.0713727
0	1702017_BFF	0	1702009_BFF	14718	0.0937627	0.0402229	0.0143951
0	1702017_BFF	0	1702012_BFF	11244	0.0971185	0.0282818	0.0720137
0	1702017_BFF	0	1702013_BFF	14739	0.0928828	0.0387408	0.0188059
0	1702017_BFF	0	1702014_BFF	12162	0.0989147	0.0307515	0.0636421
0	1702017_BFF	0	1702016_BFF	13788	0.0953003	0.0421381	0.0149917
0	1702018_BFF	0	1304001_SFF	16302	0.0654521	0.0614649	-0.171753
0	1702018_BFF	0	1304004_SFF	16739	0.0674473	0.0625485	-0.178453
0	1702018_BFF	0	1304006_SFF	17091	0.0657656	0.0647124	-0.200714
0	1702018_BFF	0	1304010_SFF	10466	0.0721384	0.0460539	-0.057262
0	1702018_BFF	0	1304011_SFF	16823	0.0645545	0.0611068	-0.178955
0	1702018_BFF	0	1306009_SFF	17164	0.0681077	0.0660685	-0.186473
0	1702018_BFF	0	1306011_SFF	17240	0.0676914	0.0658353	-0.18712
0	1702018_BFF	0	1306014_SFF	15773	0.0874913	0.0481202	-0.0311257
0	1702018_BFF	0	1306015_BFF	17108	0.0842881	0.0478139	-0.0235968
0	1702018_BFF	0	1307003_SFF	17220	0.0668409	0.0648664	-0.189236
0	1702018_BFF	0	1307004_SFF	17005	0.0665099	0.0655101	-0.188521
0	1702018_BFF	0	1611011_BFF	17293	0.0855838	0.0527381	-0.039966
0	1702018_BFF	0	1409002_SFF	16395	0.0645319	0.0638609	-0.190741
0	1702018_BFF	0	1409007_SFF	16785	0.067322	0.0664879	-0.188952
0	1702018_BFF	0	1409008_SFF	17070	0.0643234	0.0647335	-0.20518
0	1702018_BFF	0	1409009_SFF	16576	0.0664213	0.0629223	-0.186134
0	1702018_BFF	0	1409012_SFF	16114	0.0660916	0.0598238	-0.1733
0	1702018_BFF	0	1409013_SFF	16474	0.0652543	0.0619157	-0.177211
0	1702018_BFF	0	1409026_SFF	12695	0.0718393	0.0504135	-0.0840716
0	1702018_BFF	0	1409027_SFF	15645	0.0657718	0.0591882	-0.15859
0	1702018_BFF	0	1409030_SFF	16510	0.0672925	0.0605694	-0.161555
0	1702018_BFF	0	1409031_SFF	15938	0.0679508	0.0613628	-0.16222
0	1702018_BFF	0	1409032_SFF	16885	0.0659757	0.066568	-0.196385
0	1702018_BFF	0	1410001_SFF	15444	0.0657213	0.0594406	-0.166667
0	1702018_BFF	0	1410002_SFF	16097	0.0697646	0.0607567	-0.150569
0	1702018_BFF	0	1412001_BFF	17272	0.086151	0.0491547	-0.0254745
0	1702018_BFF	0	1412006_BFF	17062	0.0884422	0.0471223	-0.0126828
0	1702018_BFF	0	1412010_BFF	15550	0.0911897	0.0410932	0.00247148
0	1702018_BFF	0	1412014_BFF	15675	0.0930144	0.0433812	0.00136748
0	1702018_BFF	0	1412024_BFF	16340	0.0883721	0.0468176	-0.0125658
0	1702018_BFF	0	1510003_SFF	13898	0.0699381	0.0544683	-0.123673
0	1702018_BFF	0	1510004_SFF	17221	0.0678822	0.0611463	-0.145613
0	1702018_BFF	0	1610001_BFF	17059	0.0835336	0.0505891	-0.0370709
0	1702018_BFF	0	1610002_BFF	17101	0.0815157	0.0511666	-0.0435933
0	1702018_BFF	0	1610012_BFF	17275	0.0846889	0.0489725	-0.0291893
0	1702018_BFF	0	1610013_BFF	16566	0.082458	0.0484124	-0.0286187
0	1702018_BFF	0	1610015_BFF	17197	0.0868175	0.0521603	-0.0360227
0	1702018_BFF	0	1610016_BFF	17380	0.0815305	0.0532796	-0.052311
0	1702018_BFF	0	1610017_BFF	17398	0.0851247	0.0575353	-0.0613817
0	1702018_BFF	0	1409001_SFF	16949	0.0660216	0.0651956	-0.184036
0	1702018_BFF	0	1611012_BFF	15612	0.0856393	0.0451576	-0.0116763
0	1702018_BFF	0	1611013_BFF	12267	0.0844542	0.0390479	0.00445251
0	1702018_BFF	0	1611032_BFF	16815	0.0892655	0.0475766	-0.0207218
0	1702018_BFF	0	1702005_BFF	16277	0.103889	0.0332371	0.0159471
0	1702018_BFF	0	1702006_BFF	16336	0.0876592	0.0445642	-0.0121849
0	1702018_BFF	0	1702007_BFF	16524	0.0882353	0.0449044	-0.00915359
0	1702018_BFF	0	1702008_BFF	13763	0.0930756	0.0382184	0.0170781
0	1702018_BFF	0	1702009_BFF	17302	0.0909143	0.0469888	-0.0130834
0	1702018_BFF	0	1702012_BFF	12723	0.0939244	0.0341115	0.0298086
0	1702018_BFF	0	1702013_BFF	17355	0.0917315	0.04673	-0.00792135
0	1702018_BFF	0	1702014_BFF	13863	0.0932699	0.0362115	0.0207617
0	1702018_BFF	0	1702016_BFF	16018	0.0917093	0.0475091	-0.016303
0	1702018_BFF	0	1702017_BFF	14754	0.0944151	0.0416158	0.00615302
0	1702019_BFF	0	1304001_SFF	15492	0.0655177	0.0568681	-0.158112
0	1702019_BFF	0	1304004_SFF	15899	0.0668596	0.0568589	-0.157675
0	1702019_BFF	0	1304006_SFF	16224	0.0649038	0.0594798	-0.18621
0	1702019_BFF	0	1304010_SFF	10060	0.0743539	0.0427435	-0.0445482
0	1702019_BFF	0	1304011_SFF	15971	0.0678104	0.0577296	-0.161262
0	1702019_BFF	0	1306009_SFF	16273	0.0671665	0.0602225	-0.169463
0	1702019_BFF	0	1306011_SFF	16347	0.0643543	0.0592158	-0.17029
0	1702019_BFF	0	1306014_SFF	15036	0.0889199	0.0383746	0.0171644
0	1702019_BFF	0	1306015_BFF	16225	0.0867797	0.0441294	-0.0112469
0	1702019_BFF	0	1307003_SFF	16318	0.0672877	0.0579115	-0.163573
0	1702019_BFF	0	1307004_SFF	16130	0.0676999	0.0607564	-0.172164
0	1702019_BFF	0	1611011_BFF	16398	0.0890962	0.0455543	-0.00868634
0	1702019_BFF	0	1409002_SFF	15589	0.0657515	0.0588877	-0.170786
0	1702019_BFF	0	1409007_SFF	15944	0.06642	0.0582037	-0.15773
0	1702019_BFF	0	1409008_SFF	16190	0.0636813	0.0602224	-0.189985
0	1702019_BFF	0	1409009_SFF	15765	0.0674278	0.0581034	-0.165931
0	1702019_BFF	0	1409012_SFF	15299	0.0653637	0.0564743	-0.166003
0	1702019_BFF	0	1409013_SFF	15658	0.0673777	0.0540938	-0.140885
0	1702019_BFF	0	1409026_SFF	12121	0.0713637	0.0462008	-0.0735768
0	1702019_BFF	0	1409027_SFF	14887	0.0669712	0.0536038	-0.134528
0	1702019_BFF	0	1409030_SFF	15694	0.0684975	0.0569644	-0.147356
0	1702019_BFF	0	1409031_SFF	15124	0.0677731	0.0560698	-0.148053
0	1702019_BFF	0	1409032_SFF	16028	0.0631395	0.0559022	-0.160684
0	1702019_BFF	0	1410001_SFF	14706	0.0684755	0.0539916	-0.140723
0	1702019_BFF	0	1410002_SFF	15289	0.0697233	0.052783	-0.119072
0	1702019_BFF	0	1412001_BFF	16380	0.0882784	0.0435897	-0.00124762
0	1702019_BFF	0	1412006_BFF	16192	0.0891798	0.0436635	-0.000360837
0	1702019_BFF	0	1412010_BFF	14820	0.0926451	0.0417004	0.0111183
0	1702019_BFF	0	1412014_BFF	14910	0.0918846	0.0380952	0.0247812
0	1702019_BFF	0	1412024_BFF	15535	0.0919215	0.0408111	0.0178795
0	1702019_BFF	0	1510003_SFF	13237	0.0661781	0.049407	-0.114269
0	1702019_BFF	0	1510004_SFF	16325	0.0702603	0.0583155	-0.133475
0	1702019_BFF	0	1610001_BFF	16188	0.0859896	0.0465777	-0.0168506
0	1702019_BFF	0	1610002_BFF	16217	0.0836776	0.0455078	-0.0230384
0	1702019_BFF	0	1610012_BFF	16384	0.0881958	0.0476074	-0.015684
0	1702019_BFF	0	1610013_BFF	15718	0.0885609	0.0439623	-0.00613727
0	1702019_BFF	0	1610015_BFF	16316	0.0870924	0.0467026	-0.0170986
0	1702019_BFF	0	1610016_BFF	16479	0.0864737	0.0480612	-0.0281937
0	1702019_BFF	0	1610017_BFF	16497	0.0861369	0.0486755	-0.0307923
0	1702019_BFF	0	1409001_SFF	16083	0.0675869	0.0565815	-0.146655
0	1702019_BFF	0	1611012_BFF	14847	0.0878292	0.0381222	0.0201687
0	1702019_BFF	0	1611013_BFF	11728	0.0879945	0.0336801	0.038997
0	1702019_BFF	0	1611032_BFF	15982	0.0897259	0.042235	0.00719597
0	1702019_BFF	0	1702005_BFF	15417	0.105727	0.0273075	0.0476994
0	1702019_BFF	0	1702006_BFF	15544	0.0887159	0.0377638	0.0203662
0	1702019_BFF	0	1702007_BFF	15705	0.0872334	0.0401783	0.0123041
0	1702019_BFF	0	1702008_BFF	13162	0.092843	0.0315302	0.0488489
0	1702019_BFF	0	1702009_BFF	16410	0.0921999	0.0426569	0.0124387
0	1702019_BFF	0	1702012_BFF	12188	0.0957499	0.0321628	0.0454472
0	1702019_BFF	0	1702013_BFF	16452	0.0922076	0.0415755	0.0166082
0	1702019_BFF	0	1702014_BFF	13260	0.0965309	0.0333333	0.0439367
0	1702019_BFF	0	1702016_BFF	15248	0.0929958	0.0414481	0.0155103
0	1702019_BFF	0	1702017_BFF	14081	0.0904055	0.0377814	0.0185905
0	1702019_BFF	0	1702018_BFF	16499	0.0889751	0.0460028	-0.0130134
0	1702020_BFF	0	1304001_SFF	16146	0.0664561	0.0628639	-0.172402
0	1702020_BFF	0	1304004_SFF	16571	0.0645103	0.063243	-0.185113
0	1702020_BFF	0	1304006_SFF	16916	0.0651454	0.0667415	-0.209249
0	1702020_BFF	0	1304010_SFF	10380	0.07158	0.0466281	-0.0590221
0	1702020_BFF	0	1304011_SFF	16651	0.0644406	0.0634196	-0.188631
0	1702020_BFF	0	1306009_SFF	16981	0.0684883	0.0694894	-0.200376
0	1702020_BFF	0	1306011_SFF	17065	0.0673308	0.0676238	-0.195003
0	1702020_BFF	0	1306014_SFF	15628	0.0847837	0.0486307	-0.0412338
0	1702020_BFF	0	1306015_BFF	16931	0.0841651	0.0511488	-0.0364547
0	1702020_BFF	0	1307003_SFF	17045	0.0678205	0.0668231	-0.194084
0	1702020_BFF	0	1307004_SFF	16835	0.0645085	0.0663499	-0.194212
0	1702020_BFF	0	1611011_BFF	17118	0.0851151	0.0517584	-0.0383595
0	1702020_BFF	0	1409002_SFF	16238	0.0650942	0.0636162	-0.18634
0	1702020_BFF	0	1409007_SFF	16626	0.0657404	0.0661013	-0.187687
0	1702020_BFF	0	1409008_SFF	16901	0.0643749	0.0659133	-0.208252
0	1702020_BFF	0	1409009_SFF	16423	0.0651525	0.0648481	-0.19348
0	1702020_BFF	0	1409012_SFF	15949	0.0648944	0.0630134	-0.188912
0	1702020_BFF	0	1409013_SFF	16302	0.0656975	0.0626917	-0.178933
0	1702020_BFF	0	1409026_SFF	12576	0.0706107	0.0509701	-0.0891259
0	1702020_BFF	0	1409027_SFF	15496	0.0656298	0.0638229	-0.177297
0	1702020_BFF	0	1409030_SFF	16345	0.0666871	0.062282	-0.164914
0	1702020_BFF	0	1409031_SFF	15786	0.0676549	0.0624604	-0.164186
0	1702020_BFF	0	1409032_SFF	16724	0.0659531	0.067149	-0.196829
0	1702020_BFF	0	1410001_SFF	15291	0.0655941	0.0608855	-0.173386
0	1702020_BFF	0	1410002_SFF	15933	0.0694784	0.0618841	-0.156303
0	1702020_BFF	0	1412001_BFF	17097	0.0865064	0.0484295	-0.0247234
0	1702020_BFF	0	1412006_BFF	16887	0.0893587	0.0491502	-0.0218684
0	1702020_BFF	0	1412010_BFF	15389	0.0870102	0.0433426	-0.016947
0	1702020_BFF	0	1412014_BFF	15515	0.0921689	0.0440219	-0.00809561
0	1702020_BFF	0	1412024_BFF	16184	0.090089	0.0432526	0.00152849
0	1702020_BFF	0	1510003_SFF	13764	0.06517	0.0565969	-0.136119
0	1702020_BFF	0	1510004_SFF	17051	0.070553	0.0649229	-0.152292
0	1702020_BFF	0	1610001_BFF	16886	0.0846263	0.0524695	-0.0462746
0	1702020_BFF	0	1610002_BFF	16930	0.0809805	0.0507974	-0.0406584
0	1702020_BFF	0	1610012_BFF	17102	0.0871828	0.0520992	-0.0380285
0	1702020_BFF	0	1610013_BFF	16402	0.0831606	0.0473113	-0.0247537
0	1702020_BFF	0	1610015_BFF	17017	0.0832697	0.0501851	-0.0359534
0	1702020_BFF	0	1610016_BFF	17193	0.0810213	0.0528704	-0.0494019
0	1702020_BFF	0	1610017_BFF	17214	0.0846404	0.0550715	-0.0505039
0	1702020_BFF	0	1409001_SFF	16785	0.0682157	0.0655347	-0.177612
0	1702020_BFF	0	1611012_BFF	15462	0.0870521	0.0455957	-0.0154713
0	1702020_BFF	0	1611013_BFF	12152	0.0889566	0.0409809	0.00268186
0	1702020_BFF	0	1611032_BFF	16646	0.0892707	0.0469182	-0.0212157
0	1702020_BFF	0	1702005_BFF	16115	0.105244	0.0354328	0.00814815
0	1702020_BFF	0	1702006_BFF	16167	0.0887611	0.0419991	-0.00232047
0	1702020_BFF	0	1702007_BFF	16355	0.0854784	0.045613	-0.0183104
0	1702020_BFF	0	1702008_BFF	13650	0.0923077	0.0404396	0.00573961
0	1702020_BFF	0	1702009_BFF	17126	0.092199	0.0482308	-0.0157327
0	1702020_BFF	0	1702012_BFF	12614	0.0922784	0.0356746	0.0181032
0	1702020_BFF	0	1702013_BFF	17173	0.0854248	0.0504862	-0.0371877
0	1702020_BFF	0	1702014_BFF	13740	0.0956332	0.0393013	0.0105901
0	1702020_BFF	0	1702016_BFF	15874	0.0900214	0.0461131	-0.017017
0	1702020_BFF	0	1702017_BFF	14616	0.0922961	0.0411193	0.00190528
0	1702020_BFF	0	1702018_BFF	17220	0.0880372	0.0512195	-0.0313214
0	1702020_BFF	0	1702019_BFF	16334	0.0884046	0.045794	-0.0153856
0	1702022_BFF	0	1304001_SFF	15644	0.0693557	0.0535029	-0.13742
0	1702022_BFF	0	1304004_SFF	16052	0.071393	0.0527037	-0.132795
0	1702022_BFF	0	1304006_SFF	16371	0.067925	0.0585181	-0.179487
0	1702022_BFF	0	1304010_SFF	10120	0.0815217	0.037253	-0.0116548
0	1702022_BFF	0	1304011_SFF	16135	0.0696622	0.0547877	-0.150832
0	1702022_BFF	0	1306009_SFF	16438	0.0709332	0.0577929	-0.154416
0	1702022_BFF	0	1306011_SFF	16512	0.0681928	0.05711	-0.157318
0	1702022_BFF	0	1306014_SFF	15157	0.0913769	0.038728	0.0228579
0	1702022_BFF	0	1306015_BFF	16382	0.0877182	0.0424246	-0.00545956
0	1702022_BFF	0	1307003_SFF	16490	0.0671922	0.0557307	-0.15645
0	1702022_BFF	0	1307004_SFF	16279	0.0689846	0.0556545	-0.149888
0	1702022_BFF	0	1611011_BFF	16556	0.0870983	0.0416163	-0.0034936
0	1702022_BFF	0	1409002_SFF	15734	0.0681963	0.0549765	-0.152053
0	1702022_BFF	0	1409007_SFF	16099	0.0686999	0.0566495	-0.153678
0	1702022_BFF	0	1409008_SFF	16350	0.067156	0.0565749	-0.171018
0	1702022_BFF	0	1409009_SFF	15918	0.0684759	0.055032	-0.158091
0	1702022_BFF	0	1409012_SFF	15468	0.0673649	0.0548229	-0.159249
0	1702022_BFF	0	1409013_SFF	15788	0.0694832	0.0511781	-0.129506
0	1702022_BFF	0	1409026_SFF	12256	0.0727807	0.0424282	-0.0586627
0	1702022_BFF	0	1409027_SFF	15028	0.0692707	0.0524355	-0.134872
0	1702022_BFF	0	1409030_SFF	15829	0.0725251	0.0518668	-0.118417
0	1702022_BFF	0	1409031_SFF	15289	0.0720126	0.0550069	-0.136276
0	1702022_BFF	0	1409032_SFF	16196	0.0670536	0.0568659	-0.160291
0	1702022_BFF	0	1410001_SFF	14836	0.0690213	0.0504853	-0.128614
0	1702022_BFF	0	1410002_SFF	15451	0.0696395	0.0494466	-0.113427
0	1702022_BFF	0	1412001_BFF	16533	0.0905462	0.0438517	-0.00134283
0	1702022_BFF	0	1412006_BFF	16334	0.0892617	0.0410187	0.00599051
0	1702022_BFF	0	1412010_BFF	14933	0.0971673	0.0348222	0.0490147
0	1702022_BFF	0	1412014_BFF	15068	0.0970932	0.0333156	0.0564757
0	1702022_BFF	0	1412024_BFF	15664	0.0914198	0.0377298	0.0228007
0	1702022_BFF	0	1510003_SFF	13377	0.0722135	0.0454511	-0.0895134
0	1702022_BFF	0	1510004_SFF	16491	0.0744042	0.057304	-0.125853
0	1702022_BFF	0	1610001_BFF	16336	0.0912096	0.0466454	-0.0101981
0	1702022_BFF	0	1610002_BFF	16371	0.0874717	0.0449575	-0.0159894
0	1702022_BFF	0	1610012_BFF	16529	0.0903866	0.0444068	-0.00491803
0	1702022_BFF	0	1610013_BFF	15857	0.0869647	0.0402977	0.00211075
0	1702022_BFF	0	1610015_BFF	16463	0.090506	0.0435522	-0.00176929
0	1702022_BFF	0	1610016_BFF	16630	0.0871317	0.0457607	-0.0214337
0	1702022_BFF	0	1610017_BFF	16646	0.08867	0.0469783	-0.0234784
0	1702022_BFF	0	1409001_SFF	16253	0.0681105	0.0551283	-0.145441
0	1702022_BFF	0	1611012_BFF	14964	0.0887463	0.0366212	0.021813
0	1702022_BFF	0	1611013_BFF	11847	0.0925129	0.0320756	0.0483068
0	1702022_BFF	0	1611032_BFF	16100	0.0918012	0.0398137	0.0228495
0	1702022_BFF	0	1702005_BFF	15583	0.107617	0.0275942	0.0553939
0	1702022_BFF	0	1702006_BFF	15668	0.0910135	0.0369543	0.0323401
0	1702022_BFF	0	1702007_BFF	15840	0.0924874	0.038447	0.0256783
0	1702022_BFF	0	1702008_BFF	13280	0.0936747	0.0326054	0.0472327
0	1702022_BFF	0	1702009_BFF	16558	0.0959657	0.0414905	0.0195068
0	1702022_BFF	0	1702012_BFF	12276	0.101417	0.0328283	0.0579631
0	1702022_BFF	0	1702013_BFF	16609	0.0922994	0.0405202	0.0166165
0	1702022_BFF	0	1702014_BFF	13335	0.0970379	0.031946	0.0524682
0	1702022_BFF	0	1702016_BFF	15388	0.0950091	0.0384715	0.0336196
0	1702022_BFF	0	1702017_BFF	14210	0.0954258	0.035468	0.0425645
0	1702022_BFF	0	1702018_BFF	16644	0.0883201	0.0443403	-0.00994152
0	1702022_BFF	0	1702019_BFF	15823	0.0955571	0.0372243	0.0359311
0	1702022_BFF	0	1702020_BFF	16474	0.0882603	0.0447979	-0.0152621
0	1702024_BFF	0	1304001_SFF	13170	0.0649962	0.0513288	-0.122495
0	1702024_BFF	0	1304004_SFF	13483	0.0654157	0.0495439	-0.118656
0	1702024_BFF	0	1304006_SFF	13708	0.0649256	0.0535454	-0.147935
0	1702024_BFF	0	1304010_SFF	8714	0.0708056	0.0330503	-0.00732373
0	1702024_BFF	0	1304011_SFF	13530	0.0640059	0.04915	-0.12418
0	1702024_BFF	0	1306009_SFF	13775	0.0662795	0.0526316	-0.126448
0	1702024_BFF	0	1306011_SFF	13828	0.0656639	0.0513451	-0.12442
0	1702024_BFF	0	1306014_SFF	12815	0.0871635	0.037222	0.01009
0	1702024_BFF	0	1306015_BFF	13727	0.0841407	0.0388286	0.0125145
0	1702024_BFF	0	1307003_SFF	13802	0.0633966	0.0515867	-0.135582
0	1702024_BFF	0	1307004_SFF	13673	0.0649455	0.0512689	-0.124455
0	1702024_BFF	0	1611011_BFF	13837	0.0850618	0.042278	0.00100488
0	1702024_BFF	0	1409002_SFF	13222	0.0666314	0.0513538	-0.124606
0	1702024_BFF	0	1409007_SFF	13522	0.0675196	0.0522852	-0.120594
0	1702024_BFF	0	1409008_SFF	13702	0.0615239	0.0499197	-0.135974
0	1702024_BFF	0	1409009_SFF	13425	0.0649534	0.0526629	-0.138126
0	1702024_BFF	0	1409012_SFF	12987	0.0649111	0.0503581	-0.131866
0	1702024_BFF	0	1409013_SFF	13311	0.0694163	0.0492825	-0.108888
0	1702024_BFF	0	1409026_SFF	10468	0.0661062	0.0371609	-0.0355367
0	1702024_BFF	0	1409027_SFF	12723	0.0656292	0.0472373	-0.0997326
0	1702024_BFF	0	1409030_SFF	13329	0.0656463	0.0481657	-0.106459
0	1702024_BFF	0	1409031_SFF	12890	0.0664081	0.0500388	-0.11026
0	1702024_BFF	0	1409032_SFF	13607	0.0629088	0.052032	-0.132728
0	1702024_BFF	0	1410001_SFF	12533	0.0660656	0.0467566	-0.104794
0	1702024_BFF	0	1410002_SFF	13048	0.0693593	0.0463673	-0.0867276
0	1702024_BFF	0	1412001_BFF	13840	0.0837428	0.0382225	0.0122091
0	1702024_BFF	0	1412006_BFF	13696	0.0870327	0.0377482	0.0207612
0	1702024_BFF	0	1412010_BFF	12652	0.0910528	0.0332754	0.0336738
0	1702024_BFF	0	1412014_BFF	12722	0.0928313	0.0330923	0.0435565
0	1702024_BFF	0	1412024_BFF	13180	0.0896813	0.0328528	0.0400456
0	1702024_BFF	0	1510003_SFF	11387	0.0665671	0.0416264	-0.0670247
0	1702024_BFF	0	1510004_SFF	13805	0.0691778	0.0511409	-0.0976402
0	1702024_BFF	0	1610001_BFF	13695	0.0860168	0.0417671	0.0011611
0	1702024_BFF	0	1610002_BFF	13715	0.083704	0.0419249	-0.0027031
0	1702024_BFF	0	1610012_BFF	13839	0.0862057	0.041477	0.00358269
0	1702024_BFF	0	1610013_BFF	13298	0.0862536	0.0379004	0.019599
0	1702024_BFF	0	1610015_BFF	13775	0.0871869	0.0411615	0.00577034
0	1702024_BFF	0	1610016_BFF	13908	0.0809606	0.0434282	-0.0132184
0	1702024_BFF	0	1610017_BFF	13918	0.0801839	0.0442592	-0.0171652
0	1702024_BFF	0	1409001_SFF	13646	0.0669061	0.0526162	-0.120297
0	1702024_BFF	0	1611012_BFF	12617	0.0859951	0.0345566	0.0324553
0	1702024_BFF	0	1611013_BFF	10167	0.0856693	0.0291138	0.0514824
0	1702024_BFF	0	1611032_BFF	13514	0.0890188	0.0372947	0.0211454
0	1702024_BFF	0	1702005_BFF	13075	0.10914	0.0248566	0.0615279
0	1702024_BFF	0	1702006_BFF	13184	0.0896541	0.0326153	0.0400241
0	1702024_BFF	0	1702007_BFF	13322	0.0843717	0.0344543	0.0229816
0	1702024_BFF	0	1702008_BFF	11345	0.0909652	0.029264	0.0506431
0	1702024_BFF	0	1702009_BFF	13868	0.0916498	0.0392991	0.0207976
0	1702024_BFF	0	1702012_BFF	10492	0.0933092	0.0308807	0.0445312
0	1702024_BFF	0	1702013_BFF	13891	0.0878267	0.0357786	0.0261661
0	1702024_BFF	0	1702014_BFF	11445	0.0955002	0.0280472	0.0618566
0	1702024_BFF	0	1702016_BFF	13014	0.0885969	0.038036	0.0113741
0	1702024_BFF	0	1702017_BFF	12130	0.0948063	0.0311624	0.0495861
0	1702024_BFF	0	1702018_BFF	13910	0.0866283	0.0419123	0.00392745
0	1702024_BFF	0	1702019_BFF	13324	0.0888622	0.03565	0.0286738
0	1702024_BFF	0	1702020_BFF	13797	0.0847286	0.0424005	-0.00252161
0	1702024_BFF	0	1702022_BFF	13412	0.0901432	0.0337757	0.0310159
0	1702026_BFF	0	1304001_SFF	15992	0.0695348	0.0576538	-0.151321
0	1702026_BFF	0	1304004_SFF	16394	0.0700256	0.0605099	-0.168535
0	1702026_BFF	0	1304006_SFF	16739	0.0673278	0.0623096	-0.193022
0	1702026_BFF	0	1304010_SFF	10307	0.076841	0.0439507	-0.0433757
0	1702026_BFF	0	1304011_SFF	16479	0.0672978	0.0589842	-0.17126
0	1702026_BFF	0	1306009_SFF	16818	0.0685575	0.0633845	-0.180477
0	1702026_BFF	0	1306011_SFF	16879	0.0662954	0.0631554	-0.184985
0	1702026_BFF	0	1306014_SFF	15467	0.0879291	0.0432534	-0.00434135
0	1702026_BFF	0	1306015_BFF	16765	0.0864301	0.0471816	-0.0229025
0	1702026_BFF	0	1307003_SFF	16862	0.0675483	0.0610248	-0.175654
0	1702026_BFF	0	1307004_SFF	16655	0.0691684	0.0594416	-0.163876
0	1702026_BFF	0	1611011_BFF	16944	0.0883499	0.0469783	-0.0178943
0	1702026_BFF	0	1409002_SFF	16077	0.0687939	0.0592772	-0.16873
0	1702026_BFF	0	1409007_SFF	16444	0.0684748	0.0627585	-0.177213
0	1702026_BFF	0	1409008_SFF	16728	0.0676112	0.0606767	-0.185334
0	1702026_BFF	0	1409009_SFF	16263	0.0665929	0.0606899	-0.182371
0	1702026_BFF	0	1409012_SFF	15789	0.0671353	0.0566217	-0.1658
0	1702026_BFF	0	1409013_SFF	16135	0.0691044	0.0550356	-0.144375
0	1702026_BFF	0	1409026_SFF	12485	0.0750501	0.0500601	-0.0854945
0	1702026_BFF	0	1409027_SFF	15346	0.0683566	0.05578	-0.143767
0	1702026_BFF	0	1409030_SFF	16187	0.0671527	0.0569593	-0.150098
0	1702026_BFF	0	1409031_SFF	15636	0.0704144	0.0571757	-0.145056
0	1702026_BFF	0	1409032_SFF	16550	0.0670695	0.0590937	-0.166136
0	1702026_BFF	0	1410001_SFF	15143	0.0666975	0.055207	-0.151769
0	1702026_BFF	0	1410002_SFF	15775	0.0725832	0.0571791	-0.137475
0	1702026_BFF	0	1412001_BFF	16922	0.0908876	0.0426073	0.00682653
0	1702026_BFF	0	1412006_BFF	16721	0.0896477	0.0431194	0.00231857
0	1702026_BFF	0	1412010_BFF	15245	0.0924237	0.0410626	0.0136409
0	1702026_BFF	0	1412014_BFF	15381	0.0929068	0.0388791	0.022699
0	1702026_BFF	0	1412024_BFF	16010	0.0911305	0.0416615	0.0132342
0	1702026_BFF	0	1510003_SFF	13654	0.0735316	0.0503149	-0.0987251
0	1702026_BFF	0	1510004_SFF	16863	0.0708059	0.0593014	-0.135363
0	1702026_BFF	0	1610001_BFF	16724	0.0869409	0.0475365	-0.0201136
0	1702026_BFF	0	1610002_BFF	16751	0.0849502	0.0480568	-0.0297059
0	1702026_BFF	0	1610012_BFF	16929	0.0860653	0.0497371	-0.0291667
0	1702026_BFF	0	1610013_BFF	16239	0.0886754	0.044584	-0.00563955
0	1702026_BFF	0	1610015_BFF	16840	0.0862827	0.047209	-0.0191203
0	1702026_BFF	0	1610016_BFF	17019	0.086139	0.0478289	-0.0273727
0	1702026_BFF	0	1610017_BFF	17032	0.086543	0.0514326	-0.0408187
0	1702026_BFF	0	1409001_SFF	16607	0.0658156	0.0604564	-0.170393
0	1702026_BFF	0	1611012_BFF	15317	0.0871581	0.0414572	0.00510856
0	1702026_BFF	0	1611013_BFF	12059	0.0887304	0.0329215	0.0448029
0	1702026_BFF	0	1611032_BFF	16468	0.0926646	0.0436604	0.00714286
0	1702026_BFF	0	1702005_BFF	15945	0.107244	0.028661	0.0481646
0	1702026_BFF	0	1702006_BFF	16011	0.0884392	0.0379114	0.01974
0	1702026_BFF	0	1702007_BFF	16189	0.0893199	0.0399654	0.0174709
0	1702026_BFF	0	1702008_BFF	13531	0.0954105	0.0330353	0.0472722
0	1702026_BFF	0	1702009_BFF	16951	0.0907321	0.0442452	0.00411314
0	1702026_BFF	0	1702012_BFF	12515	0.0958849	0.0355573	0.0340768
0	1702026_BFF	0	1702013_BFF	17003	0.0914544	0.0435805	0.0071991
0	1702026_BFF	0	1702014_BFF	13613	0.0963785	0.0318813	0.0461728
0	1702026_BFF	0	1702016_BFF	15716	0.0918809	0.0441588	0.00414129
0	1702026_BFF	0	1702017_BFF	14487	0.095672	0.0372748	0.0311499
0	1702026_BFF	0	1702018_BFF	17035	0.0895216	0.0463751	-0.0127264
0	1702026_BFF	0	1702019_BFF	16156	0.0904927	0.0425848	0.00899666
0	1702026_BFF	0	1702020_BFF	16864	0.087583	0.0469639	-0.0209745
0	1702026_BFF	0	1702022_BFF	16333	0.0915325	0.0380824	0.0260514
0	1702026_BFF	0	1702024_BFF	13690	0.0890431	0.0356465	0.0268637
0	1702027_BFF	0	1304001_SFF	14769	0.0702823	0.050782	-0.127151
0	1702027_BFF	0	1304004_SFF	15138	0.0714097	0.0529132	-0.141318
0	1702027_BFF	0	1304006_SFF	15411	0.0661216	0.0565181	-0.179118
0	1702027_BFF	0	1304010_SFF	9603	0.0798709	0.0367593	-0.0234099
0	1702027_BFF	0	1304011_SFF	15187	0.0702575	0.052084	-0.140335
0	1702027_BFF	0	1306009_SFF	15485	0.0720697	0.0564417	-0.147464
0	1702027_BFF	0	1306011_SFF	15526	0.0691743	0.0545537	-0.150074
0	1702027_BFF	0	1306014_SFF	14309	0.0935775	0.0371794	0.034902
0	1702027_BFF	0	1306015_BFF	15427	0.09075	0.0433007	-0.00908037
0	1702027_BFF	0	1307003_SFF	15521	0.0699053	0.0548289	-0.153209
0	1702027_BFF	0	1307004_SFF	15336	0.0716615	0.0550339	-0.146989
0	1702027_BFF	0	1611011_BFF	15592	0.0902386	0.043099	-0.00770397
0	1702027_BFF	0	1409002_SFF	14831	0.0665498	0.0511766	-0.144249
0	1702027_BFF	0	1409007_SFF	15179	0.0668687	0.0552079	-0.156662
0	1702027_BFF	0	1409008_SFF	15402	0.0708999	0.0554473	-0.162523
0	1702027_BFF	0	1409009_SFF	15017	0.0700539	0.0534061	-0.152276
0	1702027_BFF	0	1409012_SFF	14558	0.0698585	0.0508312	-0.140655
0	1702027_BFF	0	1409013_SFF	14887	0.0700611	0.0499093	-0.128711
0	1702027_BFF	0	1409026_SFF	11623	0.0764863	0.0407812	-0.0462928
0	1702027_BFF	0	1409027_SFF	14195	0.0704473	0.0502994	-0.123879
0	1702027_BFF	0	1409030_SFF	14902	0.0701248	0.0518051	-0.131615
0	1702027_BFF	0	1409031_SFF	14519	0.0703905	0.051932	-0.1309
0	1702027_BFF	0	1409032_SFF	15268	0.0698847	0.0542966	-0.144188
0	1702027_BFF	0	1410001_SFF	14045	0.0721965	0.0498398	-0.124794
0	1702027_BFF	0	1410002_SFF	14580	0.0733196	0.0501372	-0.111188
0	1702027_BFF	0	1412001_BFF	15578	0.0910258	0.040891	0.00476429
0	1702027_BFF	0	1412006_BFF	15384	0.0937988	0.0384815	0.02067
0	1702027_BFF	0	1412010_BFF	14090	0.092264	0.0346345	0.0416667
0	1702027_BFF	0	1412014_BFF	14241	0.0957096	0.0327926	0.0514081
0	1702027_BFF	0	1412024_BFF	14798	0.0912961	0.0358832	0.0254092
0	1702027_BFF	0	1510003_SFF	12691	0.071468	0.0460957	-0.092198
0	1702027_BFF	0	1510004_SFF	15543	0.0718651	0.0537219	-0.119771
0	1702027_BFF	0	1610001_BFF	15391	0.0894679	0.0402833	0.00185327
0	1702027_BFF	0	1610002_BFF	15434	0.0883763	0.0433459	-0.0137101
0	1702027_BFF	0	1610012_BFF	15581	0.0899172	0.0424235	-0.00243263
0	1702027_BFF	0	1610013_BFF	14952	0.0912921	0.0384564	0.0122064
0	1702027_BFF	0	1610015_BFF	15498	0.0919473	0.0418764	0.00258904
0	1702027_BFF	0	1610016_BFF	15655	0.0865538	0.0446503	-0.0224627
0	1702027_BFF	0	1610017_BFF	15676	0.0875223	0.046887	-0.0312421
0	1702027_BFF	0	1409001_SFF	15301	0.0711065	0.0547023	-0.140814
0	1702027_BFF	0	1611012_BFF	14170	0.093578	0.0361327	0.0273896
0	1702027_BFF	0	1611013_BFF	11189	0.0925909	0.0317276	0.0513614
0	1702027_BFF	0	1611032_BFF	15197	0.0937685	0.0397447	0.020529
0	1702027_BFF	0	1702005_BFF	14692	0.108903	0.0264089	0.0675401
0	1702027_BFF	0	1702006_BFF	14826	0.0978012	0.0366248	0.0404487
0	1702027_BFF	0	1702007_BFF	14942	0.0917548	0.0361397	0.0280797
0	1702027_BFF	0	1702008_BFF	12586	0.0982838	0.0294772	0.0744505
0	1702027_BFF	0	1702009_BFF	15607	0.0981611	0.0410713	0.0210643
0	1702027_BFF	0	1702012_BFF	11643	0.100146	0.0279138	0.0820666
0	1702027_BFF	0	1702013_BFF	15641	0.0916821	0.0382328	0.019387
0	1702027_BFF	0	1702014_BFF	12665	0.0994078	0.0284248	0.0756159
0	1702027_BFF	0	1702016_BFF	14560	0.09375	0.0400412	0.0195119
0	1702027_BFF	0	1702017_BFF	13472	0.0973872	0.0314727	0.0630986
0	1702027_BFF	0	1702018_BFF	15670	0.0903638	0.0398213	0.00596434
0	1702027_BFF	0	1702019_BFF	14958	0.0930606	0.0377724	0.0228805
0	1702027_BFF	0	1702020_BFF	15530	0.0914359	0.0403735	0.00262282
0	1702027_BFF	0	1702022_BFF	15073	0.0983878	0.0360247	0.0435439
0	1702027_BFF	0	1702024_BFF	12726	0.0920949	0.0311174	0.0411422
0	1702027_BFF	0	1702026_BFF	15381	0.0953124	0.038294	0.0271318
0	1702028_BFF	0	1304001_SFF	12487	0.0746376	0.0431649	-0.0932343
0	1702028_BFF	0	1304004_SFF	12775	0.0765558	0.0435225	-0.0936259
0	1702028_BFF	0	1304006_SFF	12988	0.0710656	0.0476594	-0.142778
0	1702028_BFF	0	1304010_SFF	8365	0.0827256	0.0321578	-0.00330338
0	1702028_BFF	0	1304011_SFF	12803	0.0748262	0.0410841	-0.0960185
0	1702028_BFF	0	1306009_SFF	13044	0.074287	0.0473781	-0.116324
0	1702028_BFF	0	1306011_SFF	13071	0.0741336	0.0458266	-0.107368
0	1702028_BFF	0	1306014_SFF	12132	0.0963567	0.0304979	0.0549373
0	1702028_BFF	0	1306015_BFF	13012	0.0911466	0.034814	0.0152382
0	1702028_BFF	0	1307003_SFF	13068	0.0725436	0.0448424	-0.120131
0	1702028_BFF	0	1307004_SFF	12911	0.0733483	0.043219	-0.0982048
0	1702028_BFF	0	1611011_BFF	13145	0.0935717	0.0374287	0.0104421
0	1702028_BFF	0	1409002_SFF	12525	0.0761677	0.0430339	-0.0972795
0	1702028_BFF	0	1409007_SFF	12801	0.0779627	0.0453871	-0.0927176
0	1702028_BFF	0	1409008_SFF	12988	0.0692947	0.0451186	-0.135525
0	1702028_BFF	0	1409009_SFF	12683	0.0723804	0.0462036	-0.122952
0	1702028_BFF	0	1409012_SFF	12350	0.0687449	0.0420243	-0.113944
0	1702028_BFF	0	1409013_SFF	12577	0.0761708	0.0406297	-0.079978
0	1702028_BFF	0	1409026_SFF	10022	0.0799242	0.0316304	-0.0116432
0	1702028_BFF	0	1409027_SFF	12041	0.0747446	0.0427705	-0.0924971
0	1702028_BFF	0	1409030_SFF	12589	0.077528	0.0424974	-0.0838822
0	1702028_BFF	0	1409031_SFF	12244	0.0770173	0.0415714	-0.081243
0	1702028_BFF	0	1409032_SFF	12878	0.0737692	0.0455816	-0.110662
0	1702028_BFF	0	1410001_SFF	11882	0.0767548	0.0407339	-0.0805185
0	1702028_BFF	0	1410002_SFF	12319	0.0802825	0.0403442	-0.0668024
0	1702028_BFF	0	1412001_BFF	13107	0.0942245	0.0349432	0.0242374
0	1702028_BFF	0	1412006_BFF	12967	0.0976325	0.0360145	0.0302825
0	1702028_BFF	0	1412010_BFF	11979	0.0960848	0.0313048	0.053132
0	1702028_BFF	0	1412014_BFF	12065	0.0995441	0.028678	0.0671831
0	1702028_BFF	0	1412024_BFF	12480	0.0995192	0.0283654	0.0647363
0	1702028_BFF	0	1510003_SFF	10818	0.0745055	0.0379922	-0.0592989
0	1702028_BFF	0	1510004_SFF	13079	0.0787522	0.043199	-0.0749661
0	1702028_BFF	0	1610001_BFF	12974	0.0928781	0.0376137	0.0108331
0	1702028_BFF	0	1610002_BFF	12970	0.0905937	0.0368543	0.00791091
0	1702028_BFF	0	1610012_BFF	13115	0.0955395	0.0350743	0.0279767
0	1702028_BFF	0	1610013_BFF	12615	0.095759	0.0330559	0.0357928
0	1702028_BFF	0	1610015_BFF	13055	0.0937572	0.0369973	0.0170779
0	1702028_BFF	0	1610016_BFF	13172	0.0887489	0.0374279	0.00188936
0	1702028_BFF	0	1610017_BFF	13183	0.0901161	0.0402791	-0.0111196
0	1702028_BFF	0	1409001_SFF	12896	0.0752947	0.0435794	-0.0924912
0	1702028_BFF	0	1611012_BFF	11977	0.094598	0.0301411	0.0428451
0	1702028_BFF	0	1611013_BFF	9634	0.0948723	0.0276105	0.0616002
0	1702028_BFF	0	1611032_BFF	12793	0.0977097	0.0332213	0.0397032
0	1702028_BFF	0	1702005_BFF	12367	0.11563	0.0216706	0.108118
0	1702028_BFF	0	1702006_BFF	12497	0.099864	0.029287	0.0627921
0	1702028_BFF	0	1702007_BFF	12655	0.0945871	0.0308969	0.0446759
0	1702028_BFF	0	1702008_BFF	10819	0.102135	0.0253258	0.0883292
0	1702028_BFF	0	1702009_BFF	13126	0.0968307	0.0344355	0.0357037
0	1702028_BFF	0	1702012_BFF	9999	0.10181	0.0255026	0.0919325
0	1702028_BFF	0	1702013_BFF	13168	0.10161	0.0361482	0.0384559
0	1702028_BFF	0	1702014_BFF	10843	0.101356	0.0252698	0.0907811
0	1702028_BFF	0	1702016_BFF	12318	0.097662	0.0327164	0.0477941
0	1702028_BFF	0	1702017_BFF	11491	0.0998172	0.028196	0.0748848
0	1702028_BFF	0	1702018_BFF	13185	0.0967766	0.0354949	0.0253776
0	1702028_BFF	0	1702019_BFF	12596	0.0982852	0.0348523	0.0378412
0	1702028_BFF	0	1702020_BFF	13048	0.0935776	0.0364807	0.0142351
0	1702028_BFF	0	1702022_BFF	12705	0.0987013	0.0306966	0.0572335
0	1702028_BFF	0	1702024_BFF	10814	0.0970964	0.0256149	0.0712538
0	1702028_BFF	0	1702026_BFF	12969	0.10047	0.0318452	0.0521583
0	1702028_BFF	0	1702027_BFF	12079	0.0982697	0.0300522	0.0616308
0	1702029_BFF	0	1304001_SFF	15054	0.0809087	0.0441743	-0.119496
0	1702029_BFF	0	1304004_SFF	15425	0.0812966	0.0446677	-0.130408
0	1702029_BFF	0	1304006_SFF	15764	0.0792312	0.0471961	-0.151367
0	1702029_BFF	0	1304010_SFF	9757	0.0910116	0.0302347	-0.00637923
0	1702029_BFF	0	1304011_SFF	15508	0.0816998	0.0439128	-0.12738
0	1702029_BFF	0	1306009_SFF	15833	0.0818544	0.0482536	-0.139002
0	1702029_BFF	0	1306011_SFF	15882	0.0783277	0.0452084	-0.134688
0	1702029_BFF	0	1306014_SFF	14564	0.104367	0.0319967	0.0379568
0	1702029_BFF	0	1306015_BFF	15772	0.10227	0.0340477	0.010708
0	1702029_BFF	0	1307003_SFF	15864	0.0794881	0.0476551	-0.145602
0	1702029_BFF	0	1307004_SFF	15681	0.0809897	0.0459792	-0.128054
0	1702029_BFF	0	1611011_BFF	15928	0.102336	0.0354721	0.00613992
0	1702029_BFF	0	1409002_SFF	15130	0.0775942	0.0445473	-0.134882
0	1702029_BFF	0	1409007_SFF	15482	0.0808681	0.0435344	-0.119775
0	1702029_BFF	0	1409008_SFF	15721	0.0779213	0.0452897	-0.146513
0	1702029_BFF	0	1409009_SFF	15312	0.0787618	0.0459117	-0.136543
0	1702029_BFF	0	1409012_SFF	14874	0.0789969	0.0430953	-0.132002
0	1702029_BFF	0	1409013_SFF	15214	0.0809123	0.0431839	-0.121073
0	1702029_BFF	0	1409026_SFF	11780	0.088455	0.0336163	-0.0346296
0	1702029_BFF	0	1409027_SFF	14462	0.0829069	0.0418338	-0.105912
0	1702029_BFF	0	1409030_SFF	15256	0.0802307	0.0428028	-0.115725
0	1702029_BFF	0	1409031_SFF	14731	0.0803068	0.0419523	-0.106714
0	1702029_BFF	0	1409032_SFF	15566	0.0780547	0.0466401	-0.141607
0	1702029_BFF	0	1410001_SFF	14281	0.0809467	0.0406134	-0.110454
0	1702029_BFF	0	1410002_SFF	14873	0.0830364	0.0413501	-0.0953101
0	1702029_BFF	0	1412001_BFF	15906	0.10342	0.0330064	0.0205976
0	1702029_BFF	0	1412006_BFF	15715	0.106522	0.0339166	0.0229706
0	1702029_BFF	0	1412010_BFF	14389	0.107999	0.0296059	0.0522859
0	1702029_BFF	0	1412014_BFF	14469	0.107748	0.0273689	0.059633
0	1702029_BFF	0	1412024_BFF	15079	0.10372	0.0306386	0.0305896
0	1702029_BFF	0	1510003_SFF	12873	0.0809446	0.0379088	-0.081815
0	1702029_BFF	0	1510004_SFF	15873	0.0865621	0.045423	-0.0952773
0	1702029_BFF	0	1610001_BFF	15727	0.101799	0.0354804	0.00928908
0	1702029_BFF	0	1610002_BFF	15763	0.0981412	0.0346381	0.000693569
0	1702029_BFF	0	1610012_BFF	15905	0.100786	0.0360264	0.00362586
0	1702029_BFF	0	1610013_BFF	15288	0.100863	0.032967	0.0154759
0	1702029_BFF	0	1610015_BFF	15839	0.102847	0.0353558	0.00979663
0	1702029_BFF	0	1610016_BFF	16001	0.103681	0.0370602	-6.24688e-05
0	1702029_BFF	0	1610017_BFF	16023	0.0999813	0.0399426	-0.0175211
0	1702029_BFF	0	1409001_SFF	15636	0.0839729	0.0478383	-0.128013
0	1702029_BFF	0	1611012_BFF	14415	0.105029	0.0292751	0.0390604
0	1702029_BFF	0	1611013_BFF	11369	0.10555	0.0255959	0.060799
0	1702029_BFF	0	1611032_BFF	15496	0.106092	0.0315565	0.0378265
0	1702029_BFF	0	1702005_BFF	15007	0.125342	0.0198574	0.138431
0	1702029_BFF	0	1702006_BFF	15106	0.107639	0.0283331	0.0533729
0	1702029_BFF	0	1702007_BFF	15256	0.105467	0.0301521	0.0375892
0	1702029_BFF	0	1702008_BFF	12773	0.111563	0.0271667	0.069119
0	1702029_BFF	0	1702009_BFF	15934	0.107569	0.0339526	0.0281613
0	1702029_BFF	0	1702012_BFF	11789	0.112223	0.0226482	0.089331
0	1702029_BFF	0	1702013_BFF	15992	0.108429	0.0328914	0.0343125
0	1702029_BFF	0	1702014_BFF	12839	0.110756	0.0224317	0.0893632
0	1702029_BFF	0	1702016_BFF	14792	0.104786	0.0317063	0.0342554
0	1702029_BFF	0	1702017_BFF	13685	0.108878	0.0265254	0.0694331
0	1702029_BFF	0	1702018_BFF	16016	0.104146	0.0342158	0.0156981
0	1702029_BFF	0	1702019_BFF	15223	0.106943	0.028181	0.0481529
0	1702029_BFF	0	1702020_BFF	15856	0.102926	0.0352548	0.00673125
0	1702029_BFF	0	1702022_BFF	15369	0.109766	0.0273928	0.0609636
0	1702029_BFF	0	1702024_BFF	12911	0.104639	0.0274959	0.0440718
0	1702029_BFF	0	1702026_BFF	15719	0.106432	0.0328901	0.031685
0	1702029_BFF	0	1702027_BFF	14503	0.109564	0.0271668	0.0656056
0	1702029_BFF	0	1702028_BFF	12225	0.112802	0.0238855	0.0923962
0	1702031_BFF	0	1304001_SFF	15406	0.0652992	0.0643905	-0.180115
0	1702031_BFF	0	1304004_SFF	15831	0.063104	0.0636094	-0.188858
0	1702031_BFF	0	1304006_SFF	16137	0.062775	0.0714507	-0.232774
0	1702031_BFF	0	1304010_SFF	10004	0.0696721	0.0468812	-0.0659305
0	1702031_BFF	0	1304011_SFF	15885	0.063582	0.0645263	-0.192793
0	1702031_BFF	0	1306009_SFF	16192	0.0641675	0.0705287	-0.212468
0	1702031_BFF	0	1306011_SFF	16265	0.0648632	0.0683677	-0.200808
0	1702031_BFF	0	1306014_SFF	14937	0.0842204	0.0452567	-0.0294899
0	1702031_BFF	0	1306015_BFF	16134	0.084418	0.0467336	-0.0178223
0	1702031_BFF	0	1307003_SFF	16240	0.0647167	0.0663793	-0.198711
0	1702031_BFF	0	1307004_SFF	16060	0.0632005	0.0671233	-0.200184
0	1702031_BFF	0	1611011_BFF	16322	0.0843034	0.0471143	-0.0214683
0	1702031_BFF	0	1409002_SFF	15512	0.0604693	0.0659489	-0.205773
0	1702031_BFF	0	1409007_SFF	15849	0.0652407	0.0690895	-0.20115
0	1702031_BFF	0	1409008_SFF	16128	0.0644841	0.0688244	-0.223005
0	1702031_BFF	0	1409009_SFF	15685	0.0629264	0.0673255	-0.210678
0	1702031_BFF	0	1409012_SFF	15237	0.0612325	0.0671392	-0.215895
0	1702031_BFF	0	1409013_SFF	15572	0.0640894	0.06486	-0.187518
0	1702031_BFF	0	1409026_SFF	12095	0.0689541	0.0539893	-0.100107
0	1702031_BFF	0	1409027_SFF	14842	0.0650856	0.0627274	-0.171708
0	1702031_BFF	0	1409030_SFF	15613	0.0655223	0.0650099	-0.178922
0	1702031_BFF	0	1409031_SFF	15056	0.0644926	0.0642933	-0.178091
0	1702031_BFF	0	1409032_SFF	15953	0.0626215	0.0660064	-0.196485
0	1702031_BFF	0	1410001_SFF	14618	0.0661513	0.0612259	-0.168003
0	1702031_BFF	0	1410002_SFF	15219	0.0672843	0.0640647	-0.169732
0	1702031_BFF	0	1412001_BFF	16299	0.0857108	0.0476716	-0.0232882
0	1702031_BFF	0	1412006_BFF	16095	0.0855545	0.0467847	-0.0203531
0	1702031_BFF	0	1412010_BFF	14744	0.0897314	0.0414406	-0.00188781
0	1702031_BFF	0	1412014_BFF	14838	0.0900391	0.0410433	0.00100053
0	1702031_BFF	0	1412024_BFF	15458	0.0852633	0.0440549	-0.00844766
0	1702031_BFF	0	1510003_SFF	13195	0.0649488	0.0579007	-0.147401
0	1702031_BFF	0	1510004_SFF	16245	0.06759	0.0654971	-0.159645
0	1702031_BFF	0	1610001_BFF	16113	0.0896171	0.0448706	-0.00532566
0	1702031_BFF	0	1610002_BFF	16138	0.0897261	0.0436237	0.00482885
0	1702031_BFF	0	1610012_BFF	16303	0.0915169	0.0429982	0.00453446
0	1702031_BFF	0	1610013_BFF	15647	0.090177	0.0370678	0.031573
0	1702031_BFF	0	1610015_BFF	16241	0.0882335	0.0432855	-0.000303914
0	1702031_BFF	0	1610016_BFF	16386	0.0839131	0.0429635	-0.00539133
0	1702031_BFF	0	1610017_BFF	16403	0.0854722	0.0456624	-0.0125362
0	1702031_BFF	0	1409001_SFF	16020	0.067166	0.0679775	-0.191425
0	1702031_BFF	0	1611012_BFF	14783	0.0865183	0.0424136	-0.00162075
0	1702031_BFF	0	1611013_BFF	11720	0.0864334	0.0368601	0.0190255
0	1702031_BFF	0	1611032_BFF	15879	0.0881038	0.0460986	-0.0174765
0	1702031_BFF	0	1702005_BFF	15352	0.101094	0.0336764	0.00863402
0	1702031_BFF	0	1702006_BFF	15451	0.0856255	0.0409035	-0.00462963
0	1702031_BFF	0	1702007_BFF	15621	0.0837334	0.0432751	-0.0122338
0	1702031_BFF	0	1702008_BFF	13136	0.0891443	0.0371498	0.0105472
0	1702031_BFF	0	1702009_BFF	16322	0.0863865	0.0463179	-0.019686
0	1702031_BFF	0	1702012_BFF	12133	0.090497	0.0342867	0.0186854
0	1702031_BFF	0	1702013_BFF	16367	0.0846826	0.0482068	-0.0292239
0	1702031_BFF	0	1702014_BFF	13206	0.0926094	0.0397547	0.0016753
0	1702031_BFF	0	1702016_BFF	15191	0.0868277	0.0437101	-0.0133229
0	1702031_BFF	0	1702017_BFF	14044	0.0875819	0.0399459	-0.00250214
0	1702031_BFF	0	1702018_BFF	16414	0.0835263	0.0507494	-0.0361953
0	1702031_BFF	0	1702019_BFF	15599	0.0845567	0.0431438	-0.00991662
0	1702031_BFF	0	1702020_BFF	16236	0.0846883	0.0503819	-0.0331751
0	1702031_BFF	0	1702022_BFF	15735	0.0877026	0.0402923	0.000880282
0	1702031_BFF	0	1702024_BFF	13259	0.0836413	0.0408025	0.00324773
0	1702031_BFF	0	1702026_BFF	16089	0.0856486	0.0452483	-0.0190418
0	1702031_BFF	0	1702027_BFF	14818	0.0902956	0.0399514	0.00268601
0	1702031_BFF	0	1702028_BFF	12497	0.0909818	0.0358486	0.00793781
0	1702031_BFF	0	1702029_BFF	15129	0.0994778	0.0345033	0.00479254
0	DG02_BFF	0	1304001_SFF	15951	0.0700896	0.0588678	-0.159578
0	DG02_BFF	0	1304004_SFF	16364	0.0692374	0.0592765	-0.166596
0	DG02_BFF	0	1304006_SFF	16711	0.0664233	0.0607983	-0.189275
0	DG02_BFF	0	1304010_SFF	10283	0.0795488	0.0423028	-0.0311726
0	DG02_BFF	0	1304011_SFF	16447	0.0690095	0.0562413	-0.156736
0	DG02_BFF	0	1306009_SFF	16767	0.0706149	0.0631598	-0.176622
0	DG02_BFF	0	1306011_SFF	16842	0.0699442	0.0606223	-0.167481
0	DG02_BFF	0	1306014_SFF	15455	0.0891621	0.042834	0.00184139
0	DG02_BFF	0	1306015_BFF	16703	0.090822	0.0472969	-0.0156177
0	DG02_BFF	0	1307003_SFF	16823	0.0715687	0.0595613	-0.163945
0	DG02_BFF	0	1307004_SFF	16617	0.0692664	0.0586147	-0.159797
0	DG02_BFF	0	1611011_BFF	16889	0.086506	0.0465984	-0.0229283
0	DG02_BFF	0	1409002_SFF	16051	0.0682824	0.0571927	-0.159353
0	DG02_BFF	0	1409007_SFF	16405	0.0686986	0.0594331	-0.160965
0	DG02_BFF	0	1409008_SFF	16694	0.0677489	0.0590032	-0.179309
0	DG02_BFF	0	1409009_SFF	16220	0.0662145	0.0614057	-0.19208
0	DG02_BFF	0	1409012_SFF	15760	0.0685279	0.0579949	-0.166914
0	DG02_BFF	0	1409013_SFF	16129	0.0684481	0.0548701	-0.146088
0	DG02_BFF	0	1409026_SFF	12451	0.0738896	0.0463417	-0.06647
0	DG02_BFF	0	1409027_SFF	15312	0.0694227	0.0557732	-0.144651
0	DG02_BFF	0	1409030_SFF	16153	0.0723085	0.0570792	-0.143017
0	DG02_BFF	0	1409031_SFF	15569	0.0692402	0.0563299	-0.144894
0	DG02_BFF	0	1409032_SFF	16516	0.0679947	0.059518	-0.167128
0	DG02_BFF	0	1410001_SFF	15126	0.0708713	0.0551369	-0.142051
0	DG02_BFF	0	1410002_SFF	15749	0.073084	0.0546701	-0.12447
0	DG02_BFF	0	1412001_BFF	16873	0.0872992	0.0460499	-0.0157186
0	DG02_BFF	0	1412006_BFF	16675	0.0882759	0.0476762	-0.0190388
0	DG02_BFF	0	1412010_BFF	15228	0.0924613	0.0424219	0.00743635
0	DG02_BFF	0	1412014_BFF	15336	0.0940271	0.0384064	0.0281436
0	DG02_BFF	0	1412024_BFF	15988	0.0911308	0.0405929	0.0143881
0	DG02_BFF	0	1510003_SFF	13620	0.0695301	0.0501468	-0.109545
0	DG02_BFF	0	1510004_SFF	16834	0.073007	0.0589878	-0.132387
0	DG02_BFF	0	1610001_BFF	16669	0.0869278	0.0453537	-0.0118247
0	DG02_BFF	0	1610002_BFF	16711	0.0894022	0.0466758	-0.0169302
0	DG02_BFF	0	1610012_BFF	16880	0.0888033	0.0467417	-0.0130559
0	DG02_BFF	0	1610013_BFF	16180	0.0896168	0.0426452	0.00103205
0	DG02_BFF	0	1610015_BFF	16803	0.0889127	0.0472535	-0.0156466
0	DG02_BFF	0	1610016_BFF	16973	0.0830142	0.0459553	-0.0301522
0	DG02_BFF	0	1610017_BFF	16988	0.0850012	0.0507417	-0.0431014
0	DG02_BFF	0	1409001_SFF	16584	0.0689219	0.0605403	-0.165331
0	DG02_BFF	0	1611012_BFF	15250	0.0921311	0.0397377	0.0192308
0	DG02_BFF	0	1611013_BFF	12004	0.0928024	0.035988	0.0399674
0	DG02_BFF	0	1611032_BFF	16418	0.0905104	0.0427579	0.00858668
0	DG02_BFF	0	1702005_BFF	15911	0.108101	0.0312991	0.0386047
0	DG02_BFF	0	1702006_BFF	15981	0.0922345	0.0377323	0.0308862
0	DG02_BFF	0	1702007_BFF	16149	0.0892935	0.0420459	0.00714626
0	DG02_BFF	0	1702008_BFF	13501	0.0936227	0.0361455	0.0319042
0	DG02_BFF	0	1702009_BFF	16901	0.0912964	0.0459736	-0.0033952
0	DG02_BFF	0	1702012_BFF	12503	0.0974166	0.0339119	0.0443673
0	DG02_BFF	0	1702013_BFF	16953	0.088185	0.0451837	-0.00713154
0	DG02_BFF	0	1702014_BFF	13592	0.0963802	0.0325927	0.0467017
0	DG02_BFF	0	1702016_BFF	15663	0.0912341	0.0418183	0.0140504
0	DG02_BFF	0	1702017_BFF	14483	0.0974246	0.0392184	0.0301372
0	DG02_BFF	0	1702018_BFF	16987	0.090481	0.0493907	-0.024034
0	DG02_BFF	0	1702019_BFF	16121	0.0879598	0.0432976	-5.96232e-05
0	DG02_BFF	0	1702020_BFF	16817	0.085925	0.0472141	-0.0281434
0	DG02_BFF	0	1702022_BFF	16276	0.0916687	0.0409191	0.0161177
0	DG02_BFF	0	1702024_BFF	13653	0.0857687	0.039332	0.00357456
0	DG02_BFF	0	1702026_BFF	16645	0.0890357	0.0425353	0.00631168
0	DG02_BFF	0	1702027_BFF	15349	0.0927096	0.0376572	0.026737
0	DG02_BFF	0	1702028_BFF	12929	0.101632	0.0348828	0.0446615
0	DG02_BFF	0	1702029_BFF	15682	0.106938	0.0322025	0.0364852
0	DG02_BFF	0	1702031_BFF	16033	0.0874446	0.0455935	-0.0179674
0	1703018_BFF	0	1304001_SFF	16254	0.0641688	0.0669989	-0.200934
0	1703018_BFF	0	1304004_SFF	16685	0.0619718	0.0673659	-0.215934
0	1703018_BFF	0	1304006_SFF	17037	0.0601045	0.0720197	-0.251794
0	1703018_BFF	0	1304010_SFF	10452	0.0713739	0.0475507	-0.0712831
0	1703018_BFF	0	1304011_SFF	16767	0.0635773	0.0667979	-0.213091
0	1703018_BFF	0	1306009_SFF	17107	0.0654118	0.0704975	-0.217568
0	1703018_BFF	0	1306011_SFF	17184	0.0618599	0.0702398	-0.224291
0	1703018_BFF	0	1306014_SFF	15730	0.086459	0.0472982	-0.0259764
0	1703018_BFF	0	1306015_BFF	17051	0.0853909	0.0501437	-0.0340411
0	1703018_BFF	0	1307003_SFF	17164	0.0643789	0.0706712	-0.224772
0	1703018_BFF	0	1307004_SFF	16953	0.0649443	0.0679526	-0.2067
0	1703018_BFF	0	1611011_BFF	17237	0.0852817	0.0501827	-0.0332462
0	1703018_BFF	0	1409002_SFF	16343	0.0632687	0.0661445	-0.210865
0	1703018_BFF	0	1409007_SFF	16736	0.063695	0.0687739	-0.210999
0	1703018_BFF	0	1409008_SFF	17020	0.0618096	0.0675676	-0.228589
0	1703018_BFF	0	1409009_SFF	16535	0.0642274	0.0677956	-0.216343
0	1703018_BFF	0	1409012_SFF	16061	0.0622626	0.0682398	-0.225879
0	1703018_BFF	0	1409013_SFF	16420	0.0625457	0.0632765	-0.194569
0	1703018_BFF	0	1409026_SFF	12668	0.0719924	0.0528892	-0.0996593
0	1703018_BFF	0	1409027_SFF	15594	0.0641914	0.0639348	-0.189319
0	1703018_BFF	0	1409030_SFF	16467	0.0637032	0.0657072	-0.194193
0	1703018_BFF	0	1409031_SFF	15883	0.0642196	0.0666751	-0.199659
0	1703018_BFF	0	1409032_SFF	16831	0.0639891	0.0692769	-0.214974
0	1703018_BFF	0	1410001_SFF	15407	0.0654897	0.063932	-0.192227
0	1703018_BFF	0	1410002_SFF	16049	0.0665462	0.0629946	-0.175146
0	1703018_BFF	0	1412001_BFF	17215	0.0838222	0.0523962	-0.0419675
0	1703018_BFF	0	1412006_BFF	16996	0.0863733	0.0490115	-0.0225
0	1703018_BFF	0	1412010_BFF	15493	0.0911379	0.0422772	0.00225169
0	1703018_BFF	0	1412014_BFF	15620	0.0920615	0.0422535	0.00780674
0	1703018_BFF	0	1412024_BFF	16297	0.0864576	0.0471866	-0.0160791
0	1703018_BFF	0	1510003_SFF	13863	0.0639111	0.0586453	-0.156624
0	1703018_BFF	0	1510004_SFF	17167	0.0687948	0.0694938	-0.181721
0	1703018_BFF	0	1610001_BFF	17005	0.0892091	0.0486916	-0.0164998
0	1703018_BFF	0	1610002_BFF	17051	0.089027	0.0468594	-0.0138055
0	1703018_BFF	0	1610012_BFF	17218	0.0887443	0.0459403	-0.00632982
0	1703018_BFF	0	1610013_BFF	16527	0.089853	0.0420524	0.00875325
0	1703018_BFF	0	1610015_BFF	17142	0.0885544	0.046319	-0.00928232
0	1703018_BFF	0	1610016_BFF	17316	0.0880688	0.0445253	-0.00833714
0	1703018_BFF	0	1610017_BFF	17338	0.0896874	0.0462568	-0.0114282
0	1703018_BFF	0	1409001_SFF	16901	0.0630732	0.0697	-0.213677
0	1703018_BFF	0	1611012_BFF	15576	0.0858372	0.0419877	0.00250689
0	1703018_BFF	0	1611013_BFF	12223	0.0887671	0.038943	0.0192742
0	1703018_BFF	0	1611032_BFF	16753	0.089954	0.047872	-0.01747
0	1703018_BFF	0	1702005_BFF	16225	0.105639	0.0355008	0.0149263
0	1703018_BFF	0	1702006_BFF	16283	0.0896027	0.0426211	0.00154836
0	1703018_BFF	0	1702007_BFF	16469	0.0851904	0.0426863	-0.00294395
0	1703018_BFF	0	1702008_BFF	13719	0.0898025	0.0370289	0.0169006
0	1703018_BFF	0	1702009_BFF	17244	0.085827	0.0468569	-0.0164847
0	1703018_BFF	0	1702012_BFF	12696	0.0917612	0.0354442	0.0248924
0	1703018_BFF	0	1702013_BFF	17297	0.0863155	0.0495462	-0.0259675
0	1703018_BFF	0	1702014_BFF	13821	0.088995	0.0382027	0.00908707
0	1703018_BFF	0	1702016_BFF	15969	0.0879203	0.0440228	-0.00728863
0	1703018_BFF	0	1702017_BFF	14725	0.0916808	0.042309	0.000929615
0	1703018_BFF	0	1702018_BFF	17338	0.0848425	0.0529473	-0.0438104
0	1703018_BFF	0	1702019_BFF	16440	0.0889294	0.0461679	-0.00838611
0	1703018_BFF	0	1702020_BFF	17162	0.084489	0.0530241	-0.048152
0	1703018_BFF	0	1702022_BFF	16594	0.0877426	0.0429673	-0.00296443
0	1703018_BFF	0	1702024_BFF	13888	0.0837414	0.0388105	0.00542702
0	1703018_BFF	0	1702026_BFF	16980	0.0897527	0.0477621	-0.0124831
0	1703018_BFF	0	1702027_BFF	15630	0.0918106	0.0439539	-0.00346964
0	1703018_BFF	0	1702028_BFF	13140	0.0933029	0.0372146	0.0149776
0	1703018_BFF	0	1702029_BFF	15977	0.101959	0.0358015	0.00821968
0	1703018_BFF	0	1702031_BFF	16352	0.0894692	0.0412182	0.00981928
0	1703018_BFF	0	DG02_BFF	16935	0.090995	0.046649	-0.00777526
0	1804002BFF	0	1304001_SFF	12307	0.0745917	0.040546	-0.0807477
0	1804002BFF	0	1304004_SFF	12645	0.0738632	0.0396995	-0.0837334
0	1804002BFF	0	1304006_SFF	12905	0.0698179	0.0444789	-0.133063
0	1804002BFF	0	1304010_SFF	8046	0.0791698	0.0260999	0.0146341
0	1804002BFF	0	1304011_SFF	12744	0.0739956	0.0419021	-0.0957211
0	1804002BFF	0	1306009_SFF	12965	0.0748939	0.0441959	-0.0985252
0	1804002BFF	0	1306011_SFF	13030	0.0714505	0.0425173	-0.103748
0	1804002BFF	0	1306014_SFF	11895	0.0947457	0.030433	0.0506462
0	1804002BFF	0	1306015_BFF	12941	0.0915694	0.0336141	0.0186673
0	1804002BFF	0	1307003_SFF	13032	0.0746624	0.0441222	-0.10925
0	1804002BFF	0	1307004_SFF	12850	0.0729961	0.0436576	-0.109886
0	1804002BFF	0	1611011_BFF	13063	0.0936232	0.031616	0.0359976
0	1804002BFF	0	1409002_SFF	12413	0.0716185	0.0419721	-0.104789
0	1804002BFF	0	1409007_SFF	12651	0.0728006	0.0448976	-0.10709
0	1804002BFF	0	1409008_SFF	12910	0.0703331	0.0441518	-0.12514
0	1804002BFF	0	1409009_SFF	12481	0.0733114	0.0432658	-0.106627
0	1804002BFF	0	1409012_SFF	12205	0.0754609	0.043179	-0.0976457
0	1804002BFF	0	1409013_SFF	12419	0.0749658	0.0399388	-0.0782875
0	1804002BFF	0	1409026_SFF	9614	0.0812357	0.02798	0.0138385
0	1804002BFF	0	1409027_SFF	11802	0.0756651	0.0405863	-0.0790247
0	1804002BFF	0	1409030_SFF	12479	0.0736437	0.0407885	-0.0798396
0	1804002BFF	0	1409031_SFF	12077	0.0769231	0.0407386	-0.0728657
0	1804002BFF	0	1409032_SFF	12739	0.0717482	0.045765	-0.11749
0	1804002BFF	0	1410001_SFF	11726	0.0754733	0.038291	-0.0720884
0	1804002BFF	0	1410002_SFF	12168	0.0761834	0.0386259	-0.0632959
0	1804002BFF	0	1412001_BFF	13060	0.092879	0.0336141	0.0279545
0	1804002BFF	0	1412006_BFF	12893	0.0929962	0.0321104	0.0367468
0	1804002BFF	0	1412010_BFF	11720	0.100171	0.0289249	0.0692507
0	1804002BFF	0	1412014_BFF	11839	0.0974744	0.0256778	0.0786078
0	1804002BFF	0	1412024_BFF	12402	0.0951459	0.0312853	0.043936
0	1804002BFF	0	1510003_SFF	10607	0.0773074	0.033657	-0.0360197
0	1804002BFF	0	1510004_SFF	13020	0.0791859	0.0447773	-0.07706
0	1804002BFF	0	1610001_BFF	12892	0.0910642	0.0339746	0.0222566
0	1804002BFF	0	1610002_BFF	12934	0.0917736	0.0323179	0.031422
0	1804002BFF	0	1610012_BFF	13055	0.0973573	0.0348525	0.036952
0	1804002BFF	0	1610013_BFF	12609	0.0965977	0.0302165	0.051108
0	1804002BFF	0	1610015_BFF	13022	0.0936876	0.0333282	0.0323976
0	1804002BFF	0	1610016_BFF	13139	0.0903417	0.0351625	0.0152782
0	1804002BFF	0	1610017_BFF	13146	0.0914347	0.0368173	0.0104672
0	1804002BFF	0	1409001_SFF	12796	0.0722882	0.0434511	-0.101875
0	1804002BFF	0	1611012_BFF	11921	0.096049	0.0272628	0.0649134
0	1804002BFF	0	1611013_BFF	9400	0.0992553	0.0225532	0.0883467
0	1804002BFF	0	1611032_BFF	12752	0.0957497	0.0312108	0.0497738
0	1804002BFF	0	1702005_BFF	12337	0.109913	0.0196968	0.102259
0	1804002BFF	0	1702006_BFF	12373	0.0979552	0.0273175	0.0716158
0	1804002BFF	0	1702007_BFF	12489	0.0929618	0.0281848	0.0528346
0	1804002BFF	0	1702008_BFF	10430	0.0975072	0.0232023	0.0937726
0	1804002BFF	0	1702009_BFF	13071	0.0970086	0.0337388	0.0397592
0	1804002BFF	0	1702012_BFF	9652	0.0989432	0.0215499	0.102331
0	1804002BFF	0	1702013_BFF	13124	0.0963121	0.0329168	0.0407738
0	1804002BFF	0	1702014_BFF	10439	0.102692	0.0226075	0.105817
0	1804002BFF	0	1702016_BFF	12037	0.0948741	0.0305724	0.05259
0	1804002BFF	0	1702017_BFF	11027	0.09776	0.0254829	0.0821236
0	1804002BFF	0	1702018_BFF	13164	0.0933607	0.0357794	0.0202499
0	1804002BFF	0	1702019_BFF	12471	0.0955016	0.0318339	0.0436954
0	1804002BFF	0	1702020_BFF	13033	0.0898488	0.036139	0.00722948
0	1804002BFF	0	1702022_BFF	12606	0.0970966	0.0260987	0.0721563
0	1804002BFF	0	1702024_BFF	10498	0.0946847	0.0249571	0.0658353
0	1804002BFF	0	1702026_BFF	12893	0.0968743	0.0318002	0.047901
0	1804002BFF	0	1702027_BFF	11920	0.100587	0.0256711	0.0866656
0	1804002BFF	0	1702028_BFF	10011	0.104385	0.0242733	0.0965717
0	1804002BFF	0	1702029_BFF	12134	0.110433	0.0218395	0.0929439
0	1804002BFF	0	1702031_BFF	12422	0.0928997	0.0297054	0.0412338
0	1804002BFF	0	DG02_BFF	12835	0.0980912	0.0321776	0.0509009
0	1804002BFF	0	1703018_BFF	13100	0.0948855	0.0339695	0.032413
0	1804003BFF	0	1304001_SFF	15315	0.0698008	0.0507346	-0.129976
0	1804003BFF	0	1304004_SFF	15697	0.072689	0.0536408	-0.140311
0	1804003BFF	0	1304006_SFF	16035	0.0709698	0.054381	-0.15414
0	1804003BFF	0	1304010_SFF	9856	0.0767045	0.0350041	-0.0145978
0	1804003BFF	0	1304011_SFF	15803	0.0694805	0.0520154	-0.141842
0	1804003BFF	0	1306009_SFF	16107	0.0711492	0.0544484	-0.139257
0	1804003BFF	0	1306011_SFF	16176	0.071773	0.0540925	-0.139943
0	1804003BFF	0	1306014_SFF	14827	0.0910501	0.0377015	0.02816
0	1804003BFF	0	1306015_BFF	16057	0.091362	0.0425982	-0.00134936
0	1804003BFF	0	1307003_SFF	16172	0.0700594	0.0535493	-0.14414
0	1804003BFF	0	1307004_SFF	15961	0.0699831	0.0532548	-0.140144
0	1804003BFF	0	1611011_BFF	16230	0.0882317	0.0432532	-0.00890262
0	1804003BFF	0	1409002_SFF	15402	0.0677834	0.0510323	-0.13663
0	1804003BFF	0	1409007_SFF	15747	0.0722042	0.0539785	-0.13269
0	1804003BFF	0	1409008_SFF	16024	0.0725162	0.0556665	-0.158722
0	1804003BFF	0	1409009_SFF	15558	0.0690963	0.0526417	-0.146139
0	1804003BFF	0	1409012_SFF	15131	0.0692618	0.0527394	-0.146426
0	1804003BFF	0	1409013_SFF	15448	0.0710772	0.0515924	-0.129385
0	1804003BFF	0	1409026_SFF	11916	0.0749413	0.0396106	-0.0438517
0	1804003BFF	0	1409027_SFF	14664	0.0711948	0.0507365	-0.121373
0	1804003BFF	0	1409030_SFF	15497	0.072143	0.0498161	-0.113081
0	1804003BFF	0	1409031_SFF	14939	0.0718254	0.0527478	-0.1275
0	1804003BFF	0	1409032_SFF	15840	0.0684343	0.0535985	-0.146854
0	1804003BFF	0	1410001_SFF	14517	0.0704691	0.0489082	-0.121442
0	1804003BFF	0	1410002_SFF	15097	0.0720673	0.0474929	-0.101175
0	1804003BFF	0	1412001_BFF	16220	0.088471	0.0442047	-0.00964996
0	1804003BFF	0	1412006_BFF	16013	0.0906139	0.0417786	0.0047147
0	1804003BFF	0	1412010_BFF	14589	0.0927411	0.0357118	0.0385906
0	1804003BFF	0	1412014_BFF	14702	0.0935247	0.0352333	0.042594
0	1804003BFF	0	1412024_BFF	15366	0.0911753	0.0400234	0.0114358
0	1804003BFF	0	1510003_SFF	13092	0.0736328	0.0433089	-0.0747264
0	1804003BFF	0	1510004_SFF	16170	0.0722325	0.0534323	-0.115121
0	1804003BFF	0	1610001_BFF	16017	0.0900918	0.0447025	-0.00712216
0	1804003BFF	0	1610002_BFF	16063	0.0875926	0.0441387	-0.01644
0	1804003BFF	0	1610012_BFF	16219	0.0902028	0.0417412	0.00376524
0	1804003BFF	0	1610013_BFF	15582	0.0896547	0.0399179	0.00626582
0	1804003BFF	0	1610015_BFF	16147	0.0904193	0.0427943	0.000240674
0	1804003BFF	0	1610016_BFF	16311	0.087487	0.0468396	-0.0290042
0	1804003BFF	0	1610017_BFF	16328	0.0897232	0.0464233	-0.0201087
0	1804003BFF	0	1409001_SFF	15908	0.0702791	0.0541866	-0.14164
0	1804003BFF	0	1611012_BFF	14690	0.0882233	0.0354663	0.0240681
0	1804003BFF	0	1611013_BFF	11529	0.0889062	0.0341747	0.0334302
0	1804003BFF	0	1611032_BFF	15785	0.0910358	0.0394045	0.019887
0	1804003BFF	0	1702005_BFF	15287	0.106823	0.0283901	0.0506447
0	1804003BFF	0	1702006_BFF	15325	0.0933116	0.0358238	0.0403305
0	1804003BFF	0	1702007_BFF	15507	0.0884117	0.0381118	0.0171727
0	1804003BFF	0	1702008_BFF	12933	0.0937138	0.032707	0.0506618
0	1804003BFF	0	1702009_BFF	16241	0.0905732	0.0419309	0.00672011
0	1804003BFF	0	1702012_BFF	11978	0.0959259	0.0294707	0.0597424
0	1804003BFF	0	1702013_BFF	16283	0.0888657	0.0420684	0.00177515
0	1804003BFF	0	1702014_BFF	13020	0.0970046	0.0313364	0.0570988
0	1804003BFF	0	1702016_BFF	15025	0.0909817	0.0384027	0.0252328
0	1804003BFF	0	1702017_BFF	13837	0.0933728	0.0366409	0.0340038
0	1804003BFF	0	1702018_BFF	16329	0.0872068	0.0436646	-0.0110832
0	1804003BFF	0	1702019_BFF	15483	0.0927469	0.0410127	0.0136455
0	1804003BFF	0	1702020_BFF	16160	0.0878094	0.0454208	-0.0229743
0	1804003BFF	0	1702022_BFF	15633	0.0932642	0.0367812	0.0352045
0	1804003BFF	0	1702024_BFF	13094	0.0873683	0.0342141	0.0219205
0	1804003BFF	0	1702026_BFF	15987	0.0893851	0.0405329	0.010893
0	1804003BFF	0	1702027_BFF	14733	0.0947533	0.0364488	0.0369201
0	1804003BFF	0	1702028_BFF	12381	0.0977304	0.0285922	0.0645137
0	1804003BFF	0	1702029_BFF	15026	0.106216	0.0284174	0.0532063
0	1804003BFF	0	1702031_BFF	15420	0.087808	0.0411803	-0.00340442
0	1804003BFF	0	DG02_BFF	15956	0.0909376	0.0392329	0.0190055
0	1804003BFF	0	1703018_BFF	16277	0.0879769	0.0410395	0.00137593
0	1804003BFF	0	1804002BFF	12529	0.100966	0.0308085	0.0632475
0	1804004BFF	0	1304001_SFF	14902	0.0694538	0.0520735	-0.131535
0	1804004BFF	0	1304004_SFF	15288	0.0705128	0.0524594	-0.138324
0	1804004BFF	0	1304006_SFF	15614	0.0680159	0.0562316	-0.170279
0	1804004BFF	0	1304010_SFF	9646	0.0792038	0.0382542	-0.0186833
0	1804004BFF	0	1304011_SFF	15378	0.0727663	0.0505918	-0.120772
0	1804004BFF	0	1306009_SFF	15687	0.0713967	0.0576911	-0.154104
0	1804004BFF	0	1306011_SFF	15741	0.068293	0.0541897	-0.144722
0	1804004BFF	0	1306014_SFF	14426	0.0919174	0.0381256	0.0283229
0	1804004BFF	0	1306015_BFF	15629	0.0874016	0.0403097	0.000757959
0	1804004BFF	0	1307003_SFF	15737	0.0704073	0.0536951	-0.144931
0	1804004BFF	0	1307004_SFF	15519	0.0696566	0.0549004	-0.150461
0	1804004BFF	0	1611011_BFF	15788	0.0883582	0.0413605	-0.00118454
0	1804004BFF	0	1409002_SFF	15010	0.0681546	0.0534977	-0.147551
0	1804004BFF	0	1409007_SFF	15325	0.0718434	0.0550734	-0.137227
0	1804004BFF	0	1409008_SFF	15586	0.0706403	0.0533171	-0.147378
0	1804004BFF	0	1409009_SFF	15137	0.0693665	0.0533791	-0.146661
0	1804004BFF	0	1409012_SFF	14747	0.0687597	0.0527565	-0.147749
0	1804004BFF	0	1409013_SFF	15030	0.0709914	0.0498337	-0.123012
0	1804004BFF	0	1409026_SFF	11612	0.0743197	0.039442	-0.038806
0	1804004BFF	0	1409027_SFF	14282	0.0716986	0.0503431	-0.12072
0	1804004BFF	0	1409030_SFF	15074	0.0729733	0.0519437	-0.12252
0	1804004BFF	0	1409031_SFF	14577	0.0704535	0.0520683	-0.125155
0	1804004BFF	0	1409032_SFF	15411	0.0683278	0.0527545	-0.141356
0	1804004BFF	0	1410001_SFF	14105	0.0720312	0.048139	-0.114209
0	1804004BFF	0	1410002_SFF	14708	0.0716617	0.0479331	-0.103337
0	1804004BFF	0	1412001_BFF	15791	0.0886581	0.0420493	-0.00217662
0	1804004BFF	0	1412006_BFF	15592	0.0888917	0.0428425	-0.0013668
0	1804004BFF	0	1412010_BFF	14163	0.0930594	0.0362917	0.0375935
0	1804004BFF	0	1412014_BFF	14332	0.0944739	0.0344683	0.0479003
0	1804004BFF	0	1412024_BFF	14953	0.0888785	0.0371832	0.0191906
0	1804004BFF	0	1510003_SFF	12716	0.0714847	0.0438817	-0.0836579
0	1804004BFF	0	1510004_SFF	15739	0.0730669	0.0526717	-0.110404
0	1804004BFF	0	1610001_BFF	15596	0.0879713	0.0422544	-0.000806052
0	1804004BFF	0	1610002_BFF	15631	0.0875824	0.0403045	0.00120345
0	1804004BFF	0	1610012_BFF	15778	0.0875269	0.0410698	0.00305698
0	1804004BFF	0	1610013_BFF	15187	0.0878383	0.0366761	0.0187854
0	1804004BFF	0	1610015_BFF	15716	0.0895266	0.0430771	-0.00161011
0	1804004BFF	0	1610016_BFF	15880	0.0848866	0.0442065	-0.0226415
0	1804004BFF	0	1610017_BFF	15895	0.0877634	0.0472476	-0.0288148
0	1804004BFF	0	1409001_SFF	15490	0.0712072	0.0530665	-0.131999
0	1804004BFF	0	1611012_BFF	14303	0.0886527	0.0357268	0.0227461
0	1804004BFF	0	1611013_BFF	11244	0.0931163	0.0297937	0.0611925
0	1804004BFF	0	1611032_BFF	15356	0.0900625	0.041417	0.0125123
0	1804004BFF	0	1702005_BFF	14891	0.104224	0.0261903	0.0550191
0	1804004BFF	0	1702006_BFF	14946	0.0938713	0.0359293	0.0400356
0	1804004BFF	0	1702007_BFF	15090	0.0880716	0.0376408	0.0169014
0	1804004BFF	0	1702008_BFF	12592	0.0955368	0.0302573	0.0627454
0	1804004BFF	0	1702009_BFF	15796	0.0889466	0.0406432	0.00883991
0	1804004BFF	0	1702012_BFF	11650	0.0939914	0.0285837	0.0640274
0	1804004BFF	0	1702013_BFF	15855	0.0898139	0.0425733	0.00218606
0	1804004BFF	0	1702014_BFF	12668	0.0982002	0.0290496	0.0681135
0	1804004BFF	0	1702016_BFF	14620	0.0904925	0.0403557	0.0176257
0	1804004BFF	0	1702017_BFF	13448	0.0918352	0.0335366	0.0414423
0	1804004BFF	0	1702018_BFF	15899	0.0889364	0.0435876	-0.0080366
0	1804004BFF	0	1702019_BFF	15089	0.089668	0.0396315	0.0141835
0	1804004BFF	0	1702020_BFF	15738	0.0852078	0.0446054	-0.0249174
0	1804004BFF	0	1702022_BFF	15223	0.0903895	0.0368521	0.0290611
0	1804004BFF	0	1702024_BFF	12735	0.0865332	0.0336082	0.0272827
0	1804004BFF	0	1702026_BFF	15564	0.0898869	0.0380365	0.0215996
0	1804004BFF	0	1702027_BFF	14357	0.0950059	0.0348262	0.0444049
0	1804004BFF	0	1702028_BFF	12053	0.0949971	0.0291214	0.055043
0	1804004BFF	0	1702029_BFF	14629	0.107663	0.0268644	0.0592414
0	1804004BFF	0	1702031_BFF	15020	0.0877497	0.0388149	0.00703207
0	1804004BFF	0	DG02_BFF	15531	0.0947782	0.0383749	0.0335803
0	1804004BFF	0	1703018_BFF	15842	0.0878677	0.0399571	0.00916485
0	1804004BFF	0	1804002BFF	12214	0.0946455	0.0263632	0.0686475
0	1804004BFF	0	1804003BFF	15007	0.0936896	0.0344506	0.0464868
0	1804005BFF	0	1304001_SFF	15217	0.0687389	0.05415	-0.140916
0	1804005BFF	0	1304004_SFF	15621	0.0688176	0.0550541	-0.153418
0	1804005BFF	0	1304006_SFF	15958	0.068555	0.0602832	-0.187742
0	1804005BFF	0	1304010_SFF	9800	0.0785714	0.0390816	-0.0218426
0	1804005BFF	0	1304011_SFF	15717	0.0703697	0.055545	-0.153915
0	1804005BFF	0	1306009_SFF	16020	0.0692884	0.0580524	-0.158127
0	1804005BFF	0	1306011_SFF	16096	0.070328	0.0584617	-0.158149
0	1804005BFF	0	1306014_SFF	14753	0.0924558	0.0376195	0.0319149
0	1804005BFF	0	1306015_BFF	15971	0.0869075	0.0452069	-0.0171775
0	1804005BFF	0	1307003_SFF	16070	0.0711263	0.0600498	-0.169067
0	1804005BFF	0	1307004_SFF	15865	0.0714781	0.0587457	-0.155656
0	1804005BFF	0	1611011_BFF	16149	0.0859496	0.0439036	-0.0137095
0	1804005BFF	0	1409002_SFF	15329	0.068889	0.0555157	-0.151144
0	1804005BFF	0	1409007_SFF	15660	0.0692209	0.055364	-0.147127
0	1804005BFF	0	1409008_SFF	15930	0.068801	0.0564344	-0.164104
0	1804005BFF	0	1409009_SFF	15475	0.0703069	0.0555089	-0.152527
0	1804005BFF	0	1409012_SFF	15063	0.0691097	0.0538405	-0.148226
0	1804005BFF	0	1409013_SFF	15368	0.0704711	0.0534878	-0.138906
0	1804005BFF	0	1409026_SFF	11847	0.0755466	0.0417827	-0.0513736
0	1804005BFF	0	1409027_SFF	14607	0.0754433	0.0541521	-0.126441
0	1804005BFF	0	1409030_SFF	15419	0.0703677	0.054608	-0.135977
0	1804005BFF	0	1409031_SFF	14869	0.0736432	0.0558208	-0.133066
0	1804005BFF	0	1409032_SFF	15760	0.069797	0.0576142	-0.158547
0	1804005BFF	0	1410001_SFF	14416	0.0717259	0.0529967	-0.136729
0	1804005BFF	0	1410002_SFF	15035	0.0713668	0.0514799	-0.116622
0	1804005BFF	0	1412001_BFF	16127	0.0866869	0.0454517	-0.0157457
0	1804005BFF	0	1412006_BFF	15930	0.0889517	0.042059	0.00405471
0	1804005BFF	0	1412010_BFF	14527	0.0925174	0.0385489	0.0233079
0	1804005BFF	0	1412014_BFF	14585	0.094892	0.0382585	0.0314289
0	1804005BFF	0	1412024_BFF	15265	0.0897478	0.0408123	0.00888747
0	1804005BFF	0	1510003_SFF	12991	0.071819	0.0477253	-0.0975694
0	1804005BFF	0	1510004_SFF	16082	0.0760478	0.0562119	-0.114217
0	1804005BFF	0	1610001_BFF	15949	0.091291	0.0447677	0
0	1804005BFF	0	1610002_BFF	15978	0.0870572	0.0446239	-0.0149171
0	1804005BFF	0	1610012_BFF	16134	0.0890046	0.0448742	-0.00584586
0	1804005BFF	0	1610013_BFF	15511	0.0871639	0.040294	0.0052267
0	1804005BFF	0	1610015_BFF	16068	0.0887478	0.0455564	-0.00987714
0	1804005BFF	0	1610016_BFF	16222	0.0876587	0.0451856	-0.0182119
0	1804005BFF	0	1610017_BFF	16240	0.0873153	0.0498153	-0.0355318
0	1804005BFF	0	1409001_SFF	15817	0.0706834	0.0577227	-0.144759
0	1804005BFF	0	1611012_BFF	14607	0.088793	0.0391593	0.0148825
0	1804005BFF	0	1611013_BFF	11461	0.0913533	0.0337667	0.0405615
0	1804005BFF	0	1611032_BFF	15695	0.0893915	0.0419879	0.00941448
0	1804005BFF	0	1702005_BFF	15204	0.106485	0.0285451	0.0467254
0	1804005BFF	0	1702006_BFF	15265	0.0920406	0.0408123	0.0166375
0	1804005BFF	0	1702007_BFF	15429	0.0882105	0.042647	0.000816583
0	1804005BFF	0	1702008_BFF	12871	0.091679	0.0358946	0.0296013
0	1804005BFF	0	1702009_BFF	16150	0.0933746	0.0447678	0.00520464
0	1804005BFF	0	1702012_BFF	11885	0.0906184	0.0316365	0.0406158
0	1804005BFF	0	1702013_BFF	16201	0.0888217	0.0447503	-0.00413614
0	1804005BFF	0	1702014_BFF	12971	0.0949811	0.0346157	0.0380143
0	1804005BFF	0	1702016_BFF	14946	0.0915964	0.0425532	0.0121316
0	1804005BFF	0	1702017_BFF	13750	0.0930909	0.0388364	0.0209673
0	1804005BFF	0	1702018_BFF	16244	0.0888944	0.0458015	-0.014126
0	1804005BFF	0	1702019_BFF	15430	0.0876215	0.039339	0.0142074
0	1804005BFF	0	1702020_BFF	16075	0.0890202	0.0459098	-0.0155063
0	1804005BFF	0	1702022_BFF	15570	0.0905588	0.0390495	0.022378
0	1804005BFF	0	1702024_BFF	13020	0.0871736	0.0345622	0.0251606
0	1804005BFF	0	1702026_BFF	15897	0.0882556	0.0432157	0.00228036
0	1804005BFF	0	1702027_BFF	14676	0.0927364	0.0371355	0.0304595
0	1804005BFF	0	1702028_BFF	12335	0.0987434	0.0321848	0.0508912
0	1804005BFF	0	1702029_BFF	14971	0.105337	0.0319952	0.0347417
0	1804005BFF	0	1702031_BFF	15325	0.0873083	0.0445677	-0.0140645
0	1804005BFF	0	DG02_BFF	15865	0.0936653	0.0419162	0.0181384
0	1804005BFF	0	1703018_BFF	16190	0.0889438	0.0439778	-0.00267602
0	1804005BFF	0	1804002BFF	12385	0.0969721	0.0322164	0.0485893
0	1804005BFF	0	1804003BFF	15289	0.0924194	0.0408791	0.0182033
0	1804005BFF	0	1804004BFF	14910	0.0924212	0.0396378	0.0245787
0	1804006BFF	0	1304001_SFF	15506	0.0682961	0.0534632	-0.132556
0	1804006BFF	0	1304004_SFF	15911	0.0662435	0.0551819	-0.150538
0	1804006BFF	0	1304006_SFF	16246	0.0649391	0.0594608	-0.185064
0	1804006BFF	0	1304010_SFF	10005	0.0781609	0.0414793	-0.0306383
0	1804006BFF	0	1304011_SFF	16002	0.0668041	0.0549931	-0.151379
0	1804006BFF	0	1306009_SFF	16314	0.0672429	0.0576805	-0.15442
0	1804006BFF	0	1306011_SFF	16395	0.0662397	0.0589814	-0.163189
0	1804006BFF	0	1306014_SFF	15013	0.0891228	0.0386332	0.0144835
0	1804006BFF	0	1306015_BFF	16268	0.0821859	0.0445045	-0.0184893
0	1804006BFF	0	1307003_SFF	16362	0.0672289	0.0563501	-0.153494
0	1804006BFF	0	1307004_SFF	16169	0.0672893	0.056899	-0.152774
0	1804006BFF	0	1611011_BFF	16440	0.0840633	0.046837	-0.0236729
0	1804006BFF	0	1409002_SFF	15596	0.0636061	0.0550782	-0.155824
0	1804006BFF	0	1409007_SFF	15963	0.0676565	0.056631	-0.145487
0	1804006BFF	0	1409008_SFF	16225	0.0638521	0.0552234	-0.166472
0	1804006BFF	0	1409009_SFF	15767	0.0660874	0.0567007	-0.161678
0	1804006BFF	0	1409012_SFF	15316	0.0645077	0.0541917	-0.155072
0	1804006BFF	0	1409013_SFF	15651	0.0698997	0.0556514	-0.142125
0	1804006BFF	0	1409026_SFF	12069	0.0754826	0.0420085	-0.0394877
0	1804006BFF	0	1409027_SFF	14886	0.0675131	0.0545479	-0.138259
0	1804006BFF	0	1409030_SFF	15709	0.0656312	0.0521357	-0.131351
0	1804006BFF	0	1409031_SFF	15145	0.0678112	0.0543414	-0.137766
0	1804006BFF	0	1409032_SFF	16042	0.0670116	0.0575988	-0.157966
0	1804006BFF	0	1410001_SFF	14697	0.0663401	0.0521195	-0.135044
0	1804006BFF	0	1410002_SFF	15306	0.0710832	0.0511564	-0.105362
0	1804006BFF	0	1412001_BFF	16433	0.0841599	0.0447879	-0.0144643
0	1804006BFF	0	1412006_BFF	16224	0.088141	0.0445636	-0.00261905
0	1804006BFF	0	1412010_BFF	14765	0.0903488	0.0370471	0.0211797
0	1804006BFF	0	1412014_BFF	14898	0.0908176	0.0373204	0.0234131
0	1804006BFF	0	1412024_BFF	15555	0.0856316	0.0393443	0.0116875
0	1804006BFF	0	1510003_SFF	13238	0.0663998	0.0454751	-0.0935697
0	1804006BFF	0	1510004_SFF	16371	0.0692688	0.0563191	-0.122955
0	1804006BFF	0	1610001_BFF	16235	0.0882661	0.0450878	-0.00501074
0	1804006BFF	0	1610002_BFF	16277	0.0847208	0.0444185	-0.0149136
0	1804006BFF	0	1610012_BFF	16423	0.0889606	0.0463375	-0.0088506
0	1804006BFF	0	1610013_BFF	15774	0.0908457	0.0429187	0.00783387
0	1804006BFF	0	1610015_BFF	16355	0.0904922	0.0459187	-0.00529258
0	1804006BFF	0	1610016_BFF	16518	0.085543	0.0456472	-0.0187455
0	1804006BFF	0	1610017_BFF	16539	0.0863414	0.0465566	-0.0205085
0	1804006BFF	0	1409001_SFF	16102	0.067445	0.0581294	-0.151674
0	1804006BFF	0	1611012_BFF	14856	0.08542	0.0388395	0.0146322
0	1804006BFF	0	1611013_BFF	11685	0.0855798	0.0332905	0.0365586
0	1804006BFF	0	1611032_BFF	15986	0.0891405	0.0444764	-0.00507614
0	1804006BFF	0	1702005_BFF	15485	0.103197	0.0284792	0.0383267
0	1804006BFF	0	1702006_BFF	15540	0.0886744	0.0380952	0.0200921
0	1804006BFF	0	1702007_BFF	15708	0.0841609	0.0402343	0.00492732
0	1804006BFF	0	1702008_BFF	13109	0.0910062	0.0310474	0.0463458
0	1804006BFF	0	1702009_BFF	16446	0.0879849	0.043658	0
0	1804006BFF	0	1702012_BFF	12133	0.094041	0.0337921	0.0377207
0	1804006BFF	0	1702013_BFF	16505	0.0864586	0.0436837	-0.00209937
0	1804006BFF	0	1702014_BFF	13186	0.0925982	0.0329137	0.0390671
0	1804006BFF	0	1702016_BFF	15214	0.0890627	0.0431839	0.000127649
0	1804006BFF	0	1702017_BFF	14014	0.0902669	0.0376766	0.0189593
0	1804006BFF	0	1702018_BFF	16540	0.0849456	0.0474002	-0.0236463
0	1804006BFF	0	1702019_BFF	15697	0.0901446	0.0408358	0.0151534
0	1804006BFF	0	1702020_BFF	16368	0.0843109	0.0458211	-0.0215997
0	1804006BFF	0	1702022_BFF	15827	0.0887724	0.0374044	0.0203346
0	1804006BFF	0	1702024_BFF	13253	0.0873764	0.0352373	0.0285351
0	1804006BFF	0	1702026_BFF	16217	0.0897823	0.0432879	0.00422921
0	1804006BFF	0	1702027_BFF	14906	0.0917751	0.0376359	0.0208986
0	1804006BFF	0	1702028_BFF	12549	0.0960236	0.0315563	0.0419025
0	1804006BFF	0	1702029_BFF	15226	0.100486	0.0314593	0.0225045
0	1804006BFF	0	1702031_BFF	15596	0.0870736	0.0410362	0.00247148
0	1804006BFF	0	DG02_BFF	16161	0.0887321	0.0434379	-0.00125718
0	1804006BFF	0	1703018_BFF	16487	0.0868563	0.0440347	-0.0028702
0	1804006BFF	0	1804002BFF	12605	0.095359	0.0296708	0.0519061
0	1804006BFF	0	1804003BFF	15590	0.0896087	0.0393201	0.0133058
0	1804006BFF	0	1804004BFF	15190	0.0902567	0.0379197	0.0218941
0	1804006BFF	0	1804005BFF	15521	0.0869145	0.040719	0.00333082
0	1804007BFF	0	1304001_SFF	15170	0.0722479	0.0518128	-0.123809
0	1804007BFF	0	1304004_SFF	15570	0.0710983	0.0523443	-0.137125
0	1804007BFF	0	1304006_SFF	15898	0.0669896	0.0562964	-0.175178
0	1804007BFF	0	1304010_SFF	9831	0.0803581	0.0378395	-0.0199182
0	1804007BFF	0	1304011_SFF	15646	0.0718394	0.0522178	-0.133671
0	1804007BFF	0	1306009_SFF	15965	0.0714062	0.058503	-0.156825
0	1804007BFF	0	1306011_SFF	16023	0.0697747	0.0561068	-0.153978
0	1804007BFF	0	1306014_SFF	14691	0.089919	0.0378463	0.0259212
0	1804007BFF	0	1306015_BFF	15920	0.0898869	0.0434673	-0.00778354
0	1804007BFF	0	1307003_SFF	16016	0.0722403	0.0561314	-0.150386
0	1804007BFF	0	1307004_SFF	15815	0.0717673	0.0550111	-0.141292
0	1804007BFF	0	1611011_BFF	16077	0.0886359	0.0433539	-0.0112828
0	1804007BFF	0	1409002_SFF	15258	0.0706515	0.0547909	-0.149065
0	1804007BFF	0	1409007_SFF	15618	0.0702395	0.055833	-0.145384
0	1804007BFF	0	1409008_SFF	15865	0.0700914	0.0559092	-0.161913
0	1804007BFF	0	1409009_SFF	15409	0.0712571	0.0562658	-0.156418
0	1804007BFF	0	1409012_SFF	15006	0.0709716	0.0513794	-0.139097
0	1804007BFF	0	1409013_SFF	15313	0.0680468	0.051982	-0.138458
0	1804007BFF	0	1409026_SFF	11824	0.0754398	0.0416103	-0.05
0	1804007BFF	0	1409027_SFF	14558	0.0708202	0.0491826	-0.116402
0	1804007BFF	0	1409030_SFF	15363	0.0721213	0.0518128	-0.12287
0	1804007BFF	0	1409031_SFF	14837	0.0715778	0.0527061	-0.13247
0	1804007BFF	0	1409032_SFF	15694	0.0705365	0.0553715	-0.14856
0	1804007BFF	0	1410001_SFF	14358	0.0702744	0.0499373	-0.125641
0	1804007BFF	0	1410002_SFF	14965	0.0735717	0.0494487	-0.103765
0	1804007BFF	0	1412001_BFF	16070	0.0899813	0.0441195	-0.00928849
0	1804007BFF	0	1412006_BFF	15863	0.0893274	0.0404085	0.00525544
0	1804007BFF	0	1412010_BFF	14430	0.09307	0.0347886	0.0428627
0	1804007BFF	0	1412014_BFF	14574	0.0942089	0.0345135	0.0440154
0	1804007BFF	0	1412024_BFF	15219	0.0911361	0.0389645	0.0168153
0	1804007BFF	0	1510003_SFF	12956	0.0725533	0.044381	-0.0801415
0	1804007BFF	0	1510004_SFF	16015	0.0718077	0.0548236	-0.121563
0	1804007BFF	0	1610001_BFF	15871	0.0906055	0.0433495	-0.00188198
0	1804007BFF	0	1610002_BFF	15922	0.0883683	0.0422686	-0.00763217
0	1804007BFF	0	1610012_BFF	16066	0.0893813	0.0407693	0.00605806
0	1804007BFF	0	1610013_BFF	15441	0.0906677	0.0392462	0.0121335
0	1804007BFF	0	1610015_BFF	15994	0.0923471	0.043954	-0.00352626
0	1804007BFF	0	1610016_BFF	16157	0.088816	0.0450579	-0.0201902
0	1804007BFF	0	1610017_BFF	16178	0.0905551	0.0494499	-0.0316841
0	1804007BFF	0	1409001_SFF	15756	0.0716552	0.0570576	-0.149029
0	1804007BFF	0	1611012_BFF	14586	0.0883724	0.0351022	0.0268048
0	1804007BFF	0	1611013_BFF	11432	0.0894857	0.029916	0.0498285
0	1804007BFF	0	1611032_BFF	15635	0.0897346	0.0395267	0.0184318
0	1804007BFF	0	1702005_BFF	15146	0.110194	0.0283903	0.0589721
0	1804007BFF	0	1702006_BFF	15202	0.0915011	0.0363768	0.0330353
0	1804007BFF	0	1702007_BFF	15377	0.0872082	0.0381739	0.0131148
0	1804007BFF	0	1702008_BFF	12810	0.0937549	0.0317721	0.0548297
0	1804007BFF	0	1702009_BFF	16089	0.0899994	0.0410218	0.00697924
0	1804007BFF	0	1702012_BFF	11851	0.0992321	0.0296178	0.0673934
0	1804007BFF	0	1702013_BFF	16141	0.0905768	0.0408277	0.00995025
0	1804007BFF	0	1702014_BFF	12870	0.0982129	0.0293706	0.0659284
0	1804007BFF	0	1702016_BFF	14881	0.0916605	0.0396479	0.0175115
0	1804007BFF	0	1702017_BFF	13710	0.0975201	0.0355215	0.0479675
0	1804007BFF	0	1702018_BFF	16176	0.0887117	0.0459322	-0.0185497
0	1804007BFF	0	1702019_BFF	15345	0.088563	0.0387748	0.0150489
0	1804007BFF	0	1702020_BFF	16004	0.0849163	0.0453012	-0.026345
0	1804007BFF	0	1702022_BFF	15503	0.0919177	0.0366381	0.0318759
0	1804007BFF	0	1702024_BFF	12967	0.0878384	0.0345492	0.024149
0	1804007BFF	0	1702026_BFF	15838	0.0902892	0.0411037	0.00916325
0	1804007BFF	0	1702027_BFF	14625	0.0929231	0.0366496	0.0355314
0	1804007BFF	0	1702028_BFF	12287	0.0995361	0.0301131	0.0606578
0	1804007BFF	0	1702029_BFF	14912	0.104614	0.0284335	0.0491453
0	1804007BFF	0	1702031_BFF	15264	0.0902123	0.0402254	0.00349198
0	1804007BFF	0	DG02_BFF	15803	0.0923242	0.0410049	0.0153772
0	1804007BFF	0	1703018_BFF	16127	0.0928257	0.0437155	0.000120077
0	1804007BFF	0	1804002BFF	12442	0.0978942	0.0280502	0.07054
0	1804007BFF	0	1804003BFF	15228	0.0943	0.0377594	0.0348522
0	1804007BFF	0	1804004BFF	14890	0.0916723	0.0359973	0.0326611
0	1804007BFF	0	1804005BFF	15196	0.0932482	0.0381021	0.0303861
0	1804007BFF	0	1804006BFF	15425	0.0896596	0.0360454	0.0256217
0	1804008BFF	0	1304001_SFF	15455	0.069298	0.0519573	-0.130502
0	1804008BFF	0	1304004_SFF	15866	0.0681331	0.0538888	-0.150884
0	1804008BFF	0	1304006_SFF	16203	0.0668395	0.0583225	-0.18056
0	1804008BFF	0	1304010_SFF	9992	0.0760608	0.0373299	-0.022272
0	1804008BFF	0	1304011_SFF	15970	0.0680025	0.0534126	-0.14442
0	1804008BFF	0	1306009_SFF	16276	0.0701032	0.057508	-0.153377
0	1804008BFF	0	1306011_SFF	16350	0.0677676	0.0575535	-0.160965
0	1804008BFF	0	1306014_SFF	14973	0.0901623	0.0378682	0.0236255
0	1804008BFF	0	1306015_BFF	16225	0.0872111	0.0437596	-0.0102748
0	1804008BFF	0	1307003_SFF	16340	0.0698898	0.0580171	-0.161777
0	1804008BFF	0	1307004_SFF	16124	0.0726247	0.0588564	-0.154135
0	1804008BFF	0	1611011_BFF	16400	0.0862195	0.0451829	-0.0167304
0	1804008BFF	0	1409002_SFF	15570	0.0707129	0.055106	-0.147085
0	1804008BFF	0	1409007_SFF	15924	0.0694549	0.0569581	-0.151842
0	1804008BFF	0	1409008_SFF	16195	0.067737	0.0581044	-0.177108
0	1804008BFF	0	1409009_SFF	15715	0.0671333	0.0540248	-0.152344
0	1804008BFF	0	1409012_SFF	15283	0.0665445	0.0526075	-0.147581
0	1804008BFF	0	1409013_SFF	15618	0.0698553	0.055769	-0.148325
0	1804008BFF	0	1409026_SFF	12059	0.0740526	0.0419604	-0.0501253
0	1804008BFF	0	1409027_SFF	14843	0.0705383	0.0507984	-0.121066
0	1804008BFF	0	1409030_SFF	15678	0.0715015	0.0525577	-0.122736
0	1804008BFF	0	1409031_SFF	15130	0.0695968	0.050033	-0.115069
0	1804008BFF	0	1409032_SFF	16015	0.0670621	0.0563222	-0.157405
0	1804008BFF	0	1410001_SFF	14645	0.0693069	0.0483441	-0.114825
0	1804008BFF	0	1410002_SFF	15259	0.0723507	0.0501999	-0.107038
0	1804008BFF	0	1412001_BFF	16383	0.0849661	0.0446805	-0.0158107
0	1804008BFF	0	1412006_BFF	16163	0.0877931	0.0442368	-0.00622456
0	1804008BFF	0	1412010_BFF	14717	0.0902358	0.0362846	0.0276762
0	1804008BFF	0	1412014_BFF	14885	0.0910984	0.035136	0.0375635
0	1804008BFF	0	1412024_BFF	15527	0.0859149	0.0394152	0.00751503
0	1804008BFF	0	1510003_SFF	13248	0.0703502	0.0455163	-0.0915171
0	1804008BFF	0	1510004_SFF	16341	0.0733125	0.0562389	-0.120603
0	1804008BFF	0	1610001_BFF	16199	0.0860547	0.0438299	-0.00917046
0	1804008BFF	0	1610002_BFF	16227	0.0848586	0.0439391	-0.0172729
0	1804008BFF	0	1610012_BFF	16387	0.0881797	0.0456459	-0.0106057
0	1804008BFF	0	1610013_BFF	15762	0.0883771	0.0392717	0.0105302
0	1804008BFF	0	1610015_BFF	16309	0.089889	0.0438408	-0.00214337
0	1804008BFF	0	1610016_BFF	16481	0.085371	0.0439294	-0.0166265
0	1804008BFF	0	1610017_BFF	16507	0.0858424	0.0476767	-0.0315136
0	1804008BFF	0	1409001_SFF	16070	0.0705663	0.0574362	-0.145265
0	1804008BFF	0	1611012_BFF	14861	0.0862661	0.0382208	0.0142876
0	1804008BFF	0	1611013_BFF	11658	0.0879225	0.0319952	0.0410547
0	1804008BFF	0	1611032_BFF	15939	0.0897798	0.0407805	0.0149156
0	1804008BFF	0	1702005_BFF	15458	0.107776	0.0293699	0.0489798
0	1804008BFF	0	1702006_BFF	15510	0.0913604	0.0390071	0.0249026
0	1804008BFF	0	1702007_BFF	15649	0.0883763	0.0420474	0.00522755
0	1804008BFF	0	1702008_BFF	13066	0.0959743	0.0329864	0.0527463
0	1804008BFF	0	1702009_BFF	16404	0.0898561	0.0424287	0.00749303
0	1804008BFF	0	1702012_BFF	12066	0.0942317	0.0298359	0.0538228
0	1804008BFF	0	1702013_BFF	16459	0.0893128	0.0436235	0.000174825
0	1804008BFF	0	1702014_BFF	13136	0.0918088	0.0313642	0.0476501
0	1804008BFF	0	1702016_BFF	15174	0.0893634	0.0416502	0.0111083
0	1804008BFF	0	1702017_BFF	13982	0.0916893	0.0351166	0.0356465
0	1804008BFF	0	1702018_BFF	16504	0.086888	0.0454435	-0.0155806
0	1804008BFF	0	1702019_BFF	15646	0.087051	0.040202	0.00969325
0	1804008BFF	0	1702020_BFF	16340	0.0848225	0.046634	-0.0275829
0	1804008BFF	0	1702022_BFF	15797	0.0900171	0.0376021	0.0267148
0	1804008BFF	0	1702024_BFF	13212	0.0865123	0.0349682	0.0190972
0	1804008BFF	0	1702026_BFF	16146	0.0886288	0.041806	0.0066335
0	1804008BFF	0	1702027_BFF	14898	0.0914217	0.0359109	0.0320382
0	1804008BFF	0	1702028_BFF	12531	0.0961615	0.0307238	0.0495823
0	1804008BFF	0	1702029_BFF	15207	0.102453	0.0282765	0.0416667
0	1804008BFF	0	1702031_BFF	15578	0.0889716	0.0407626	0.00516373
0	1804008BFF	0	DG02_BFF	16123	0.0920424	0.0422998	0.0138203
0	1804008BFF	0	1703018_BFF	16453	0.0858202	0.0450374	-0.0119939
0	1804008BFF	0	1804002BFF	12642	0.0976902	0.0291093	0.0607066
0	1804008BFF	0	1804003BFF	15545	0.0930203	0.0366034	0.0368492
0	1804008BFF	0	1804004BFF	15167	0.0922397	0.037186	0.0333333
0	1804008BFF	0	1804005BFF	15466	0.0912324	0.0405405	0.0183914
0	1804008BFF	0	1804006BFF	15757	0.0906899	0.0410611	0.0115979
0	1804008BFF	0	1804007BFF	15412	0.0942772	0.0391254	0.0259788
0	1804009BFF	0	1304001_SFF	15305	0.0704998	0.0534466	-0.130594
0	1804009BFF	0	1304004_SFF	15719	0.0689611	0.055856	-0.150442
0	1804009BFF	0	1304006_SFF	16036	0.0674732	0.0577451	-0.173469
0	1804009BFF	0	1304010_SFF	9888	0.0763552	0.039644	-0.0281996
0	1804009BFF	0	1304011_SFF	15795	0.0693257	0.0553973	-0.149853
0	1804009BFF	0	1306009_SFF	16106	0.0687942	0.0599776	-0.163815
0	1804009BFF	0	1306011_SFF	16172	0.0690082	0.0591145	-0.164438
0	1804009BFF	0	1306014_SFF	14807	0.0907679	0.0386979	0.0163424
0	1804009BFF	0	1306015_BFF	16052	0.0838525	0.045851	-0.0221868
0	1804009BFF	0	1307003_SFF	16166	0.0674873	0.058889	-0.168049
0	1804009BFF	0	1307004_SFF	15952	0.0688942	0.0553536	-0.145092
0	1804009BFF	0	1611011_BFF	16232	0.0876663	0.0457122	-0.0142528
0	1804009BFF	0	1409002_SFF	15423	0.0673669	0.054918	-0.152046
0	1804009BFF	0	1409007_SFF	15748	0.0711836	0.0577851	-0.147262
0	1804009BFF	0	1409008_SFF	16017	0.0694887	0.0590622	-0.175245
0	1804009BFF	0	1409009_SFF	15545	0.0680605	0.0571888	-0.161677
0	1804009BFF	0	1409012_SFF	15134	0.0683891	0.0558345	-0.156454
0	1804009BFF	0	1409013_SFF	15456	0.0679995	0.0533126	-0.137949
0	1804009BFF	0	1409026_SFF	11908	0.0702889	0.0418206	-0.054716
0	1804009BFF	0	1409027_SFF	14690	0.0706603	0.0533696	-0.127238
0	1804009BFF	0	1409030_SFF	15497	0.0696264	0.055172	-0.140339
0	1804009BFF	0	1409031_SFF	14978	0.0707037	0.0528776	-0.128034
0	1804009BFF	0	1409032_SFF	15836	0.0678833	0.058727	-0.164226
0	1804009BFF	0	1410001_SFF	14509	0.0701633	0.0513474	-0.127648
0	1804009BFF	0	1410002_SFF	15105	0.0680569	0.0499834	-0.11367
0	1804009BFF	0	1412001_BFF	16213	0.0852402	0.0425584	-0.00365971
0	1804009BFF	0	1412006_BFF	16003	0.0866712	0.0440542	-0.00742273
0	1804009BFF	0	1412010_BFF	14572	0.0908592	0.0371946	0.0238567
0	1804009BFF	0	1412014_BFF	14675	0.0954003	0.0372743	0.0347096
0	1804009BFF	0	1412024_BFF	15353	0.0894939	0.0384941	0.0209592
0	1804009BFF	0	1510003_SFF	13075	0.0726577	0.0474952	-0.0876368
0	1804009BFF	0	1510004_SFF	16168	0.0742207	0.0572736	-0.123348
0	1804009BFF	0	1610001_BFF	16024	0.0879306	0.0436221	-0.00024108
0	1804009BFF	0	1610002_BFF	16053	0.0859652	0.0440416	-0.0133399
0	1804009BFF	0	1610012_BFF	16206	0.0896582	0.0449216	-0.00540086
0	1804009BFF	0	1610013_BFF	15592	0.0873525	0.041175	0.00358671
0	1804009BFF	0	1610015_BFF	16152	0.0864289	0.0435859	-0.0042658
0	1804009BFF	0	1610016_BFF	16306	0.0860419	0.0455047	-0.0200195
0	1804009BFF	0	1610017_BFF	16325	0.0847167	0.0489433	-0.0350558
0	1804009BFF	0	1409001_SFF	15902	0.0682933	0.0566595	-0.146483
0	1804009BFF	0	1611012_BFF	14727	0.0924153	0.0378217	0.0294664
0	1804009BFF	0	1611013_BFF	11533	0.0868811	0.0342495	0.0315925
0	1804009BFF	0	1611032_BFF	15775	0.0886212	0.0417116	0.00639464
0	1804009BFF	0	1702005_BFF	15291	0.106926	0.0295599	0.0435577
0	1804009BFF	0	1702006_BFF	15335	0.0916205	0.0394522	0.0199348
0	1804009BFF	0	1702007_BFF	15514	0.087985	0.0397061	0.0134563
0	1804009BFF	0	1702008_BFF	12930	0.0934261	0.0323279	0.0495436
0	1804009BFF	0	1702009_BFF	16236	0.0886918	0.0432988	0.00312943
0	1804009BFF	0	1702012_BFF	11936	0.0929122	0.0333445	0.0387748
0	1804009BFF	0	1702013_BFF	16288	0.0895751	0.045862	-0.00499765
0	1804009BFF	0	1702014_BFF	13032	0.0916206	0.0343002	0.0283373
0	1804009BFF	0	1702016_BFF	15042	0.0902141	0.0402207	0.0128535
0	1804009BFF	0	1702017_BFF	13839	0.0913361	0.0382253	0.0191131
0	1804009BFF	0	1702018_BFF	16326	0.0866716	0.0456327	-0.0135539
0	1804009BFF	0	1702019_BFF	15488	0.0876162	0.0421617	0.00286212
0	1804009BFF	0	1702020_BFF	16154	0.0851801	0.0472329	-0.0271446
0	1804009BFF	0	1702022_BFF	15622	0.0895532	0.0400717	0.01286
0	1804009BFF	0	1702024_BFF	13078	0.086787	0.0349442	0.0247404
0	1804009BFF	0	1702026_BFF	15984	0.0890265	0.0429805	0.00546087
0	1804009BFF	0	1702027_BFF	14733	0.0925813	0.0375348	0.0232026
0	1804009BFF	0	1702028_BFF	12386	0.0972873	0.0293073	0.059705
0	1804009BFF	0	1702029_BFF	15037	0.107202	0.0317218	0.035099
0	1804009BFF	0	1702031_BFF	15417	0.0882792	0.0409937	0.00600102
0	1804009BFF	0	DG02_BFF	15954	0.0910117	0.0414316	0.0150204
0	1804009BFF	0	1703018_BFF	16271	0.0894844	0.0447422	-0.00297477
0	1804009BFF	0	1804002BFF	12551	0.0966457	0.0294797	0.0574241
0	1804009BFF	0	1804003BFF	15381	0.0918666	0.0374488	0.0257991
0	1804009BFF	0	1804004BFF	14993	0.091376	0.0386847	0.0231979
0	1804009BFF	0	1804005BFF	15314	0.0940316	0.0415959	0.0191973
0	1804009BFF	0	1804006BFF	15578	0.0917319	0.0397355	0.0207296
0	1804009BFF	0	1804007BFF	15273	0.0914031	0.0375827	0.0253578
0	1804009BFF	0	1804008BFF	15554	0.0929021	0.0414684	0.0179276
0	1804010BFF	0	1304001_SFF	15619	0.0698508	0.0552532	-0.143843
0	1804010BFF	0	1304004_SFF	16020	0.0672285	0.0551186	-0.15456
0	1804010BFF	0	1304006_SFF	16361	0.0649105	0.0592262	-0.193129
0	1804010BFF	0	1304010_SFF	10089	0.0759243	0.0406383	-0.0334241
0	1804010BFF	0	1304011_SFF	16120	0.0669975	0.0555831	-0.158765
0	1804010BFF	0	1306009_SFF	16439	0.0689823	0.0608918	-0.174369
0	1804010BFF	0	1306011_SFF	16512	0.0693435	0.0592297	-0.164205
0	1804010BFF	0	1306014_SFF	15110	0.0897419	0.0403044	0.0149291
0	1804010BFF	0	1306015_BFF	16388	0.0862216	0.0447889	-0.0191102
0	1804010BFF	0	1307003_SFF	16498	0.0677052	0.0597648	-0.177567
0	1804010BFF	0	1307004_SFF	16280	0.0684275	0.0590909	-0.164549
0	1804010BFF	0	1611011_BFF	16557	0.0875159	0.0456604	-0.0168008
0	1804010BFF	0	1409002_SFF	15705	0.0673671	0.0570519	-0.166765
0	1804010BFF	0	1409007_SFF	16073	0.068811	0.0585454	-0.15849
0	1804010BFF	0	1409008_SFF	16339	0.0683028	0.0578983	-0.176043
0	1804010BFF	0	1409009_SFF	15873	0.0682921	0.0568891	-0.166544
0	1804010BFF	0	1409012_SFF	15430	0.0683085	0.0544394	-0.154068
0	1804010BFF	0	1409013_SFF	15765	0.0664129	0.0538535	-0.152034
0	1804010BFF	0	1409026_SFF	12158	0.0730383	0.0409607	-0.0543015
0	1804010BFF	0	1409027_SFF	14979	0.0678283	0.054276	-0.145416
0	1804010BFF	0	1409030_SFF	15820	0.0688369	0.0534134	-0.135336
0	1804010BFF	0	1409031_SFF	15261	0.066706	0.0550423	-0.14825
0	1804010BFF	0	1409032_SFF	16173	0.0660978	0.0566376	-0.163099
0	1804010BFF	0	1410001_SFF	14809	0.0659734	0.0515227	-0.139446
0	1804010BFF	0	1410002_SFF	15420	0.071725	0.0535019	-0.127739
0	1804010BFF	0	1412001_BFF	16543	0.085716	0.0450342	-0.0184615
0	1804010BFF	0	1412006_BFF	16332	0.0862111	0.0467793	-0.0226841
0	1804010BFF	0	1412010_BFF	14882	0.0921919	0.0376965	0.026027
0	1804010BFF	0	1412014_BFF	15017	0.092029	0.0367583	0.0327941
0	1804010BFF	0	1412024_BFF	15664	0.0895684	0.0426456	0.00155357
0	1804010BFF	0	1510003_SFF	13319	0.0742548	0.0515804	-0.106951
0	1804010BFF	0	1510004_SFF	16494	0.0703892	0.0558385	-0.127201
0	1804010BFF	0	1610001_BFF	16331	0.0871349	0.0477619	-0.0225604
0	1804010BFF	0	1610002_BFF	16383	0.0864921	0.0446805	-0.0167591
0	1804010BFF	0	1610012_BFF	16545	0.0897552	0.044243	-0.00431839
0	1804010BFF	0	1610013_BFF	15890	0.0931403	0.0427942	0.00628079
0	1804010BFF	0	1610015_BFF	16472	0.0865104	0.0458961	-0.0173122
0	1804010BFF	0	1610016_BFF	16639	0.0853417	0.0459162	-0.0261746
0	1804010BFF	0	1610017_BFF	16654	0.0870061	0.0487571	-0.033999
0	1804010BFF	0	1409001_SFF	16234	0.0679438	0.0573488	-0.152363
0	1804010BFF	0	1611012_BFF	14984	0.0891618	0.0381073	0.0175496
0	1804010BFF	0	1611013_BFF	11788	0.0922124	0.0359688	0.0363305
0	1804010BFF	0	1611032_BFF	16108	0.088217	0.0450708	-0.00650426
0	1804010BFF	0	1702005_BFF	15592	0.106529	0.0302078	0.0425467
0	1804010BFF	0	1702006_BFF	15640	0.0900895	0.0390665	0.0223971
0	1804010BFF	0	1702007_BFF	15829	0.0855392	0.0403689	0.00521971
0	1804010BFF	0	1702008_BFF	13169	0.0938568	0.0358417	0.0359728
0	1804010BFF	0	1702009_BFF	16567	0.0887306	0.045814	-0.0103636
0	1804010BFF	0	1702012_BFF	12212	0.0935965	0.0320996	0.0472656
0	1804010BFF	0	1702013_BFF	16616	0.0908763	0.0474844	-0.0134869
0	1804010BFF	0	1702014_BFF	13295	0.0922903	0.033396	0.0388777
0	1804010BFF	0	1702016_BFF	15330	0.0894977	0.0423353	0.00694617
0	1804010BFF	0	1702017_BFF	14122	0.0926214	0.0386631	0.0235135
0	1804010BFF	0	1702018_BFF	16660	0.0857143	0.0466387	-0.0230248
0	1804010BFF	0	1702019_BFF	15809	0.0871023	0.0437725	-0.00371137
0	1804010BFF	0	1702020_BFF	16497	0.0860763	0.0472813	-0.0299279
0	1804010BFF	0	1702022_BFF	15951	0.0879569	0.0404363	0.0124172
0	1804010BFF	0	1702024_BFF	13350	0.0838951	0.036779	0.00877454
0	1804010BFF	0	1702026_BFF	16325	0.0874119	0.0432466	-0.0019939
0	1804010BFF	0	1702027_BFF	15027	0.0924336	0.0371332	0.0307547
0	1804010BFF	0	1702028_BFF	12632	0.0951552	0.0323781	0.0430982
0	1804010BFF	0	1702029_BFF	15342	0.104484	0.0319385	0.0350248
0	1804010BFF	0	1702031_BFF	15717	0.0876121	0.0432016	-0.00963476
0	1804010BFF	0	DG02_BFF	16281	0.0902279	0.0426878	0.00744359
0	1804010BFF	0	1703018_BFF	16611	0.0884956	0.0436458	-0.00289687
0	1804010BFF	0	1804002BFF	12715	0.0938262	0.0299646	0.0520991
0	1804010BFF	0	1804003BFF	15677	0.0921095	0.0399311	0.0211803
0	1804010BFF	0	1804004BFF	15277	0.0919029	0.0392093	0.0253086
0	1804010BFF	0	1804005BFF	15611	0.0882711	0.0397156	0.0162686
0	1804010BFF	0	1804006BFF	15897	0.0856765	0.0399446	0.00559747
0	1804010BFF	0	1804007BFF	15548	0.0895292	0.0402624	0.0134578
0	1804010BFF	0	1804008BFF	15850	0.0863722	0.0377918	0.0188191
0	1804010BFF	0	1804009BFF	15674	0.0893837	0.0386628	0.0188691
0	1804011BFF	0	1304001_SFF	14765	0.0659668	0.0529631	-0.140208
0	1804011BFF	0	1304004_SFF	15147	0.0652274	0.0532779	-0.146392
0	1804011BFF	0	1304006_SFF	15471	0.0659944	0.058238	-0.175287
0	1804011BFF	0	1304010_SFF	9598	0.0756408	0.0387581	-0.0222345
0	1804011BFF	0	1304011_SFF	15248	0.0678122	0.0525315	-0.136466
0	1804011BFF	0	1306009_SFF	15542	0.0649852	0.0594518	-0.168292
0	1804011BFF	0	1306011_SFF	15628	0.0660993	0.0591886	-0.165094
0	1804011BFF	0	1306014_SFF	14288	0.0912654	0.0388438	0.0196945
0	1804011BFF	0	1306015_BFF	15500	0.0845161	0.0439355	-0.0158934
0	1804011BFF	0	1307003_SFF	15588	0.0670387	0.0579292	-0.166025
0	1804011BFF	0	1307004_SFF	15394	0.0679486	0.0567104	-0.151269
0	1804011BFF	0	1611011_BFF	15662	0.0868982	0.0450134	-0.0136763
0	1804011BFF	0	1409002_SFF	14872	0.0656939	0.0537924	-0.147205
0	1804011BFF	0	1409007_SFF	15197	0.0676449	0.0588274	-0.161703
0	1804011BFF	0	1409008_SFF	15453	0.0654242	0.0557173	-0.165123
0	1804011BFF	0	1409009_SFF	14998	0.0673423	0.0566742	-0.159907
0	1804011BFF	0	1409012_SFF	14622	0.0642183	0.0535494	-0.156511
0	1804011BFF	0	1409013_SFF	14905	0.0691714	0.0530023	-0.132375
0	1804011BFF	0	1409026_SFF	11498	0.0707949	0.0420943	-0.0514898
0	1804011BFF	0	1409027_SFF	14176	0.0672968	0.0530474	-0.134468
0	1804011BFF	0	1409030_SFF	14960	0.0665775	0.0522727	-0.133162
0	1804011BFF	0	1409031_SFF	14419	0.0678272	0.0531937	-0.133464
0	1804011BFF	0	1409032_SFF	15289	0.0655373	0.0572307	-0.159842
0	1804011BFF	0	1410001_SFF	13997	0.0670144	0.0532971	-0.142763
0	1804011BFF	0	1410002_SFF	14569	0.0688448	0.04942	-0.108001
0	1804011BFF	0	1412001_BFF	15650	0.0873482	0.0427476	6.19118e-05
0	1804011BFF	0	1412006_BFF	15450	0.0884142	0.0427184	0.0023125
0	1804011BFF	0	1412010_BFF	14088	0.0946905	0.0359881	0.0372717
0	1804011BFF	0	1412014_BFF	14183	0.0920116	0.0372277	0.0292295
0	1804011BFF	0	1412024_BFF	14816	0.0901053	0.0384044	0.0214983
0	1804011BFF	0	1510003_SFF	12618	0.0676811	0.0472341	-0.0939816
0	1804011BFF	0	1510004_SFF	15583	0.0687287	0.0551883	-0.124099
0	1804011BFF	0	1610001_BFF	15439	0.0923635	0.0378911	0.0285104
0	1804011BFF	0	1610002_BFF	15506	0.0886109	0.0369534	0.0187821
0	1804011BFF	0	1610012_BFF	15648	0.0923441	0.03943	0.0219168
0	1804011BFF	0	1610013_BFF	15051	0.0916883	0.0371404	0.0283679
0	1804011BFF	0	1610015_BFF	15573	0.0884865	0.0380787	0.0186828
0	1804011BFF	0	1610016_BFF	15741	0.0900197	0.0414205	0.00459698
0	1804011BFF	0	1610017_BFF	15752	0.0886872	0.0437405	-0.00741765
0	1804011BFF	0	1409001_SFF	15351	0.0674223	0.0577161	-0.152717
0	1804011BFF	0	1611012_BFF	14206	0.0890469	0.0363931	0.0310874
0	1804011BFF	0	1611013_BFF	11197	0.0921675	0.0303653	0.0601155
0	1804011BFF	0	1611032_BFF	15235	0.0847391	0.0395799	0.00888388
0	1804011BFF	0	1702005_BFF	14768	0.105769	0.0256636	0.0562711
0	1804011BFF	0	1702006_BFF	14800	0.09	0.0340541	0.037633
0	1804011BFF	0	1702007_BFF	14961	0.0889646	0.0372301	0.0260925
0	1804011BFF	0	1702008_BFF	12514	0.0926962	0.0332428	0.0438297
0	1804011BFF	0	1702009_BFF	15663	0.0895103	0.0423929	0.00760363
0	1804011BFF	0	1702012_BFF	11539	0.0916891	0.027992	0.0567526
0	1804011BFF	0	1702013_BFF	15714	0.0885834	0.0428281	0.00245158
0	1804011BFF	0	1702014_BFF	12603	0.0954535	0.0298342	0.0562057
0	1804011BFF	0	1702016_BFF	14486	0.090156	0.0415574	0.0106201
0	1804011BFF	0	1702017_BFF	13337	0.0904251	0.0353903	0.0267675
0	1804011BFF	0	1702018_BFF	15753	0.0844918	0.0444995	-0.0164794
0	1804011BFF	0	1702019_BFF	14955	0.089669	0.0413908	0.0105379
0	1804011BFF	0	1702020_BFF	15597	0.0848881	0.0426364	-0.0112911
0	1804011BFF	0	1702022_BFF	15092	0.0895176	0.0365757	0.0294266
0	1804011BFF	0	1702024_BFF	12641	0.0887588	0.0339372	0.0349149
0	1804011BFF	0	1702026_BFF	15451	0.0883438	0.0383147	0.022317
0	1804011BFF	0	1702027_BFF	14224	0.0910433	0.0340973	0.0366379
0	1804011BFF	0	1702028_BFF	12004	0.10005	0.0288237	0.0642788
0	1804011BFF	0	1702029_BFF	14501	0.106337	0.0267568	0.0559158
0	1804011BFF	0	1702031_BFF	14857	0.0906643	0.0374234	0.0237592
0	1804011BFF	0	DG02_BFF	15388	0.0916298	0.0400962	0.0195312
0	1804011BFF	0	1703018_BFF	15705	0.0915632	0.0371856	0.0279911
0	1804011BFF	0	1804002BFF	12147	0.100025	0.0297193	0.0640944
0	1804011BFF	0	1804003BFF	14875	0.0929748	0.0351597	0.0377175
0	1804011BFF	0	1804004BFF	14496	0.0900938	0.0335265	0.042248
0	1804011BFF	0	1804005BFF	14795	0.0907739	0.0375803	0.029317
0	1804011BFF	0	1804006BFF	15080	0.0887931	0.037931	0.0234878
0	1804011BFF	0	1804007BFF	14742	0.0919821	0.0360195	0.033985
0	1804011BFF	0	1804008BFF	15015	0.0907759	0.0365634	0.0324974
0	1804011BFF	0	1804009BFF	14878	0.0895282	0.0378411	0.0252395
0	1804011BFF	0	1804010BFF	15134	0.0909211	0.0378618	0.0258904
0	1804013BFF	0	1304001_SFF	13568	0.0639741	0.0546875	-0.150715
0	1804013BFF	0	1304004_SFF	13937	0.0649351	0.0546746	-0.153329
0	1804013BFF	0	1304006_SFF	14207	0.0619413	0.0587035	-0.187711
0	1804013BFF	0	1304010_SFF	8802	0.0736196	0.0373779	-0.0259724
0	1804013BFF	0	1304011_SFF	14008	0.0659623	0.0549686	-0.151388
0	1804013BFF	0	1306009_SFF	14282	0.0649769	0.0595155	-0.173052
0	1804013BFF	0	1306011_SFF	14347	0.0631491	0.0594549	-0.17194
0	1804013BFF	0	1306014_SFF	13149	0.085862	0.0379497	0.0117778
0	1804013BFF	0	1306015_BFF	14258	0.0836723	0.0426427	-0.00987028
0	1804013BFF	0	1307003_SFF	14340	0.0640167	0.0585774	-0.175631
0	1804013BFF	0	1307004_SFF	14133	0.0632562	0.0549777	-0.151728
0	1804013BFF	0	1611011_BFF	14386	0.0890449	0.043445	0.00206441
0	1804013BFF	0	1409002_SFF	13673	0.0628245	0.0533899	-0.149097
0	1804013BFF	0	1409007_SFF	13968	0.0629296	0.0581329	-0.166749
0	1804013BFF	0	1409008_SFF	14182	0.0632492	0.05648	-0.172321
0	1804013BFF	0	1409009_SFF	13772	0.0668022	0.0568545	-0.163248
0	1804013BFF	0	1409012_SFF	13457	0.0634614	0.0535781	-0.154917
0	1804013BFF	0	1409013_SFF	13688	0.0658241	0.0531853	-0.139444
0	1804013BFF	0	1409026_SFF	10532	0.0708318	0.0398785	-0.0376895
0	1804013BFF	0	1409027_SFF	13029	0.0659298	0.05104	-0.124956
0	1804013BFF	0	1409030_SFF	13741	0.0637508	0.0532712	-0.142534
0	1804013BFF	0	1409031_SFF	13314	0.0633919	0.0522758	-0.135571
0	1804013BFF	0	1409032_SFF	14031	0.0622194	0.0555912	-0.158016
0	1804013BFF	0	1410001_SFF	12871	0.0636314	0.0487142	-0.124729
0	1804013BFF	0	1410002_SFF	13389	0.0640825	0.0499664	-0.122581
0	1804013BFF	0	1412001_BFF	14377	0.085762	0.0440287	-0.00578861
0	1804013BFF	0	1412006_BFF	14195	0.0860162	0.0403663	0.00913874
0	1804013BFF	0	1412010_BFF	12917	0.0921267	0.0380119	0.0227273
0	1804013BFF	0	1412014_BFF	13047	0.0907488	0.0345673	0.0339608
0	1804013BFF	0	1412024_BFF	13626	0.0856451	0.0381623	0.0179706
0	1804013BFF	0	1510003_SFF	11612	0.0655357	0.0476231	-0.103233
0	1804013BFF	0	1510004_SFF	14346	0.0667782	0.0553464	-0.126494
0	1804013BFF	0	1610001_BFF	14212	0.0904165	0.0397551	0.0201189
0	1804013BFF	0	1610002_BFF	14238	0.0875825	0.0391207	0.0160212
0	1804013BFF	0	1610012_BFF	14379	0.0893664	0.0362334	0.0317514
0	1804013BFF	0	1610013_BFF	13859	0.0886067	0.0358612	0.0319452
0	1804013BFF	0	1610015_BFF	14334	0.0919492	0.0389284	0.0267103
0	1804013BFF	0	1610016_BFF	14453	0.0889089	0.039369	0.0153315
0	1804013BFF	0	1610017_BFF	14476	0.0884913	0.0440039	-0.00170952
0	1804013BFF	0	1409001_SFF	14082	0.0642664	0.055958	-0.149595
0	1804013BFF	0	1611012_BFF	13075	0.0870363	0.0354876	0.0303214
0	1804013BFF	0	1611013_BFF	10311	0.0893221	0.0278344	0.0626944
0	1804013BFF	0	1611032_BFF	14010	0.0895789	0.0383298	0.0188811
0	1804013BFF	0	1702005_BFF	13588	0.104504	0.0280394	0.0414965
0	1804013BFF	0	1702006_BFF	13623	0.0922704	0.0357484	0.0318734
0	1804013BFF	0	1702007_BFF	13729	0.0881346	0.0391143	0.0162578
0	1804013BFF	0	1702008_BFF	11473	0.0909963	0.0312909	0.0438082
0	1804013BFF	0	1702009_BFF	14389	0.0861769	0.041351	0.00421081
0	1804013BFF	0	1702012_BFF	10621	0.0900104	0.0292816	0.0492579
0	1804013BFF	0	1702013_BFF	14450	0.0872664	0.04	0.0102359
0	1804013BFF	0	1702014_BFF	11499	0.0933125	0.0309592	0.0457306
0	1804013BFF	0	1702016_BFF	13301	0.0888655	0.0377415	0.0177148
0	1804013BFF	0	1702017_BFF	12175	0.091499	0.0332649	0.0372289
0	1804013BFF	0	1702018_BFF	14480	0.0838398	0.0435083	-0.00734494
0	1804013BFF	0	1702019_BFF	13785	0.0893	0.0388103	0.0194547
0	1804013BFF	0	1702020_BFF	14361	0.0830026	0.0454704	-0.0206473
0	1804013BFF	0	1702022_BFF	13895	0.0896725	0.0359122	0.0258475
0	1804013BFF	0	1702024_BFF	11636	0.0867136	0.0326573	0.039442
0	1804013BFF	0	1702026_BFF	14171	0.0865853	0.0408581	0.0092567
0	1804013BFF	0	1702027_BFF	13093	0.0873749	0.0373482	0.0152108
0	1804013BFF	0	1702028_BFF	10996	0.0952164	0.0293743	0.0483783
0	1804013BFF	0	1702029_BFF	13341	0.102916	0.0281088	0.043504
0	1804013BFF	0	1702031_BFF	13692	0.0896144	0.0357873	0.032508
0	1804013BFF	0	DG02_BFF	14140	0.0904526	0.0374116	0.0249792
0	1804013BFF	0	1703018_BFF	14440	0.091759	0.0405125	0.0185462
0	1804013BFF	0	1804002BFF	11410	0.0973707	0.0251534	0.0688016
0	1804013BFF	0	1804003BFF	13767	0.0914506	0.0360282	0.0280414
0	1804013BFF	0	1804004BFF	13497	0.0876491	0.0361562	0.0215906
0	1804013BFF	0	1804005BFF	13656	0.0897774	0.0369801	0.0219031
0	1804013BFF	0	1804006BFF	13890	0.0882649	0.0385889	0.0216563
0	1804013BFF	0	1804007BFF	13633	0.0921294	0.0362356	0.0262702
0	1804013BFF	0	1804008BFF	13875	0.0843964	0.034955	0.0229795
0	1804013BFF	0	1804009BFF	13748	0.0861944	0.0395694	0.0105241
0	1804013BFF	0	1804010BFF	13962	0.0854462	0.0392494	0.00939691
0	1804013BFF	0	1804011BFF	13327	0.0922188	0.0333158	0.0430163
0	1804014BFF	0	1304001_SFF	14088	0.0658717	0.0520301	-0.142648
0	1804014BFF	0	1304004_SFF	14446	0.0638931	0.0506715	-0.14578
0	1804014BFF	0	1304006_SFF	14761	0.0660524	0.0575842	-0.180689
0	1804014BFF	0	1304010_SFF	9180	0.077342	0.037037	-0.02507
0	1804014BFF	0	1304011_SFF	14558	0.0666987	0.0524797	-0.145397
0	1804014BFF	0	1306009_SFF	14843	0.0679108	0.057805	-0.166744
0	1804014BFF	0	1306011_SFF	14897	0.067866	0.0555145	-0.149481
0	1804014BFF	0	1306014_SFF	13688	0.0905903	0.0360169	0.0327529
0	1804014BFF	0	1306015_BFF	14800	0.0893243	0.0387838	0.00932636
0	1804014BFF	0	1307003_SFF	14887	0.0667697	0.0548129	-0.163277
0	1804014BFF	0	1307004_SFF	14691	0.0692941	0.0547955	-0.146273
0	1804014BFF	0	1611011_BFF	14939	0.0880246	0.0412344	-0.004218
0	1804014BFF	0	1409002_SFF	14173	0.0661822	0.0524236	-0.147593
0	1804014BFF	0	1409007_SFF	14504	0.0671539	0.0546746	-0.148575
0	1804014BFF	0	1409008_SFF	14749	0.068886	0.057292	-0.17351
0	1804014BFF	0	1409009_SFF	14315	0.0669927	0.0542787	-0.156444
0	1804014BFF	0	1409012_SFF	13948	0.068612	0.0515486	-0.144883
0	1804014BFF	0	1409013_SFF	14227	0.0681802	0.0508189	-0.13166
0	1804014BFF	0	1409026_SFF	10963	0.07352	0.0419593	-0.0588177
0	1804014BFF	0	1409027_SFF	13507	0.0657437	0.0509366	-0.134343
0	1804014BFF	0	1409030_SFF	14279	0.0670915	0.0518944	-0.133535
0	1804014BFF	0	1409031_SFF	13777	0.0693184	0.0509545	-0.124387
0	1804014BFF	0	1409032_SFF	14569	0.0678152	0.0548425	-0.152184
0	1804014BFF	0	1410001_SFF	13392	0.0666816	0.0505526	-0.138201
0	1804014BFF	0	1410002_SFF	13921	0.0713311	0.0507147	-0.114032
0	1804014BFF	0	1412001_BFF	14934	0.0895273	0.0401768	0.00802662
0	1804014BFF	0	1412006_BFF	14727	0.0924153	0.0375501	0.0266728
0	1804014BFF	0	1412010_BFF	13422	0.0959619	0.033378	0.0516266
0	1804014BFF	0	1412014_BFF	13577	0.0958238	0.0330706	0.053392
0	1804014BFF	0	1412024_BFF	14194	0.090038	0.0354375	0.0292386
0	1804014BFF	0	1510003_SFF	12091	0.0679017	0.0456538	-0.0977654
0	1804014BFF	0	1510004_SFF	14886	0.0710735	0.0547494	-0.121759
0	1804014BFF	0	1610001_BFF	14746	0.0908721	0.0353994	0.0307296
0	1804014BFF	0	1610002_BFF	14793	0.089975	0.0373149	0.0182501
0	1804014BFF	0	1610012_BFF	14936	0.0929968	0.0374264	0.0277634
0	1804014BFF	0	1610013_BFF	14399	0.0968817	0.0339607	0.0469092
0	1804014BFF	0	1610015_BFF	14879	0.0937563	0.0344109	0.040625
0	1804014BFF	0	1610016_BFF	15021	0.089275	0.0361494	0.0175474
0	1804014BFF	0	1610017_BFF	15031	0.0904797	0.0385869	0.0114448
0	1804014BFF	0	1409001_SFF	14644	0.0688337	0.0559273	-0.14508
0	1804014BFF	0	1611012_BFF	13548	0.0932241	0.0326247	0.0441773
0	1804014BFF	0	1611013_BFF	10673	0.0916331	0.0292326	0.0580947
0	1804014BFF	0	1611032_BFF	14553	0.0921459	0.0383426	0.0277706
0	1804014BFF	0	1702005_BFF	14077	0.109753	0.0258578	0.0703605
0	1804014BFF	0	1702006_BFF	14130	0.0922859	0.0338995	0.0463987
0	1804014BFF	0	1702007_BFF	14283	0.0873766	0.0359168	0.0229759
0	1804014BFF	0	1702008_BFF	11973	0.0966341	0.0284807	0.0666988
0	1804014BFF	0	1702009_BFF	14942	0.0899478	0.0362067	0.0266839
0	1804014BFF	0	1702012_BFF	11069	0.0954919	0.0293613	0.0584882
0	1804014BFF	0	1702013_BFF	14999	0.0889393	0.0368691	0.0214637
0	1804014BFF	0	1702014_BFF	11981	0.0976546	0.0282948	0.0709146
0	1804014BFF	0	1702016_BFF	13858	0.0925819	0.0375956	0.0298921
0	1804014BFF	0	1702017_BFF	12749	0.0944388	0.0319241	0.0527344
0	1804014BFF	0	1702018_BFF	15033	0.088339	0.041043	-6.56858e-05
0	1804014BFF	0	1702019_BFF	14283	0.0922775	0.0358468	0.0351636
0	1804014BFF	0	1702020_BFF	14896	0.0882116	0.0438373	-0.0111891
0	1804014BFF	0	1702022_BFF	14406	0.0946828	0.034083	0.0453516
0	1804014BFF	0	1702024_BFF	12138	0.0887296	0.0318833	0.0384743
0	1804014BFF	0	1702026_BFF	14749	0.0934979	0.0372907	0.032327
0	1804014BFF	0	1702027_BFF	13566	0.0928793	0.0310335	0.0539422
0	1804014BFF	0	1702028_BFF	11431	0.0929927	0.0263319	0.0616138
0	1804014BFF	0	1702029_BFF	13877	0.107876	0.0265908	0.0600413
0	1804014BFF	0	1702031_BFF	14214	0.0958914	0.0334881	0.0449625
0	1804014BFF	0	DG02_BFF	14699	0.0911627	0.0360569	0.0319995
0	1804014BFF	0	1703018_BFF	14988	0.0923405	0.0368295	0.0263124
0	1804014BFF	0	1804002BFF	11689	0.0935067	0.0250663	0.0675292
0	1804014BFF	0	1804003BFF	14233	0.0933746	0.0323895	0.0512769
0	1804014BFF	0	1804004BFF	13886	0.0969322	0.033487	0.0547025
0	1804014BFF	0	1804005BFF	14125	0.0932389	0.0353274	0.0421582
0	1804014BFF	0	1804006BFF	14404	0.0920578	0.0347126	0.0363514
0	1804014BFF	0	1804007BFF	14121	0.0939735	0.033567	0.0486978
0	1804014BFF	0	1804008BFF	14359	0.0920677	0.0342642	0.0430464
0	1804014BFF	0	1804009BFF	14217	0.0939017	0.0343954	0.0448822
0	1804014BFF	0	1804010BFF	14478	0.0932449	0.0351568	0.0421046
0	1804014BFF	0	1804011BFF	13762	0.0960616	0.0314635	0.0589809
0	1804014BFF	0	1804013BFF	12767	0.0916425	0.0332889	0.0400156
0	1804015BFF	0	1304001_SFF	14652	0.0642233	0.0568523	-0.159891
0	1804015BFF	0	1304004_SFF	15034	0.0654516	0.0572702	-0.163889
0	1804015BFF	0	1304006_SFF	15359	0.0627645	0.0578814	-0.18282
0	1804015BFF	0	1304010_SFF	9530	0.0730325	0.0395593	-0.0357143
0	1804015BFF	0	1304011_SFF	15136	0.0649445	0.0573467	-0.169502
0	1804015BFF	0	1306009_SFF	15421	0.066403	0.0604371	-0.167107
0	1804015BFF	0	1306011_SFF	15493	0.0669335	0.0608662	-0.170894
0	1804015BFF	0	1306014_SFF	14193	0.0870852	0.0381878	0.0136586
0	1804015BFF	0	1306015_BFF	15389	0.0854506	0.0414582	-0.00251743
0	1804015BFF	0	1307003_SFF	15477	0.0659042	0.0576985	-0.167419
0	1804015BFF	0	1307004_SFF	15274	0.0652089	0.0599712	-0.169749
0	1804015BFF	0	1611011_BFF	15542	0.0873761	0.0444602	-0.00955171
0	1804015BFF	0	1409002_SFF	14740	0.0669607	0.0568521	-0.156847
0	1804015BFF	0	1409007_SFF	15082	0.0633868	0.0593423	-0.173403
0	1804015BFF	0	1409008_SFF	15338	0.0644152	0.0590038	-0.184137
0	1804015BFF	0	1409009_SFF	14881	0.0656542	0.0575902	-0.166927
0	1804015BFF	0	1409012_SFF	14492	0.0638973	0.0540298	-0.156462
0	1804015BFF	0	1409013_SFF	14798	0.0634545	0.0548047	-0.156387
0	1804015BFF	0	1409026_SFF	11427	0.0697471	0.0433185	-0.061786
0	1804015BFF	0	1409027_SFF	14074	0.0649424	0.0541424	-0.142742
0	1804015BFF	0	1409030_SFF	14836	0.0651793	0.0544621	-0.142693
0	1804015BFF	0	1409031_SFF	14327	0.066797	0.0551406	-0.144087
0	1804015BFF	0	1409032_SFF	15162	0.0668118	0.0577101	-0.159912
0	1804015BFF	0	1410001_SFF	13890	0.0641469	0.0531317	-0.147186
0	1804015BFF	0	1410002_SFF	14453	0.0661454	0.052515	-0.126203
0	1804015BFF	0	1412001_BFF	15530	0.0903413	0.0437218	0.00528082
0	1804015BFF	0	1412006_BFF	15327	0.0876231	0.0442357	-0.00380711
0	1804015BFF	0	1412010_BFF	13956	0.0919318	0.0364001	0.0292235
0	1804015BFF	0	1412014_BFF	14117	0.0917334	0.0350641	0.0322692
0	1804015BFF	0	1412024_BFF	14727	0.0878658	0.0387044	0.0178999
0	1804015BFF	0	1510003_SFF	12517	0.0665495	0.0481745	-0.102742
0	1804015BFF	0	1510004_SFF	15476	0.0693978	0.0577669	-0.130246
0	1804015BFF	0	1610001_BFF	15338	0.0908202	0.0391185	0.0210667
0	1804015BFF	0	1610002_BFF	15374	0.0891765	0.0414336	0.00473657
0	1804015BFF	0	1610012_BFF	15530	0.0882807	0.0403091	0.012594
0	1804015BFF	0	1610013_BFF	14954	0.0912799	0.035442	0.0338142
0	1804015BFF	0	1610015_BFF	15475	0.0896931	0.0392892	0.0171581
0	1804015BFF	0	1610016_BFF	15625	0.087424	0.041472	0.00012791
0	1804015BFF	0	1610017_BFF	15627	0.0884367	0.0429385	-0.00247713
0	1804015BFF	0	1409001_SFF	15219	0.0649846	0.0587424	-0.158675
0	1804015BFF	0	1611012_BFF	14120	0.0866856	0.0359065	0.0262535
0	1804015BFF	0	1611013_BFF	11087	0.088933	0.0328312	0.0406306
0	1804015BFF	0	1611032_BFF	15125	0.0874711	0.0413223	0.008522
0	1804015BFF	0	1702005_BFF	14655	0.106175	0.029205	0.040724
0	1804015BFF	0	1702006_BFF	14708	0.0898151	0.0362388	0.0276163
0	1804015BFF	0	1702007_BFF	14850	0.0888215	0.0399327	0.0173022
0	1804015BFF	0	1702008_BFF	12394	0.095046	0.0315475	0.0541004
0	1804015BFF	0	1702009_BFF	15541	0.0881539	0.0429187	0.0028664
0	1804015BFF	0	1702012_BFF	11446	0.0947056	0.0292679	0.0536954
0	1804015BFF	0	1702013_BFF	15600	0.0851923	0.0412821	0.00317559
0	1804015BFF	0	1702014_BFF	12464	0.0945924	0.0317715	0.0454545
0	1804015BFF	0	1702016_BFF	14377	0.0904918	0.0396467	0.0157512
0	1804015BFF	0	1702017_BFF	13223	0.0951373	0.0358466	0.0310187
0	1804015BFF	0	1702018_BFF	15628	0.0867673	0.046647	-0.0181132
0	1804015BFF	0	1702019_BFF	14853	0.0875917	0.0392513	0.0164499
0	1804015BFF	0	1702020_BFF	15479	0.0855998	0.0450287	-0.0167095
0	1804015BFF	0	1702022_BFF	14994	0.0911698	0.0358143	0.0327795
0	1804015BFF	0	1702024_BFF	12546	0.0877571	0.0334768	0.0391832
0	1804015BFF	0	1702026_BFF	15317	0.0881374	0.0376053	0.0240941
0	1804015BFF	0	1702027_BFF	14113	0.0921845	0.0366329	0.0245207
0	1804015BFF	0	1702028_BFF	11900	0.0967227	0.0303361	0.0497685
0	1804015BFF	0	1702029_BFF	14429	0.104928	0.0281378	0.0451775
0	1804015BFF	0	1702031_BFF	14792	0.088629	0.0364386	0.0228992
0	1804015BFF	0	DG02_BFF	15282	0.0916765	0.0418139	0.0127119
0	1804015BFF	0	1703018_BFF	15582	0.0904248	0.0394686	0.0214481
0	1804015BFF	0	1804002BFF	12107	0.0941604	0.0280003	0.0556283
0	1804015BFF	0	1804003BFF	14773	0.0902999	0.0372301	0.0223073
0	1804015BFF	0	1804004BFF	14420	0.0902219	0.0366852	0.0276127
0	1804015BFF	0	1804005BFF	14698	0.0930739	0.0395972	0.0240232
0	1804015BFF	0	1804006BFF	14938	0.0895702	0.0385594	0.0219701
0	1804015BFF	0	1804007BFF	14662	0.0926204	0.0364207	0.029256
0	1804015BFF	0	1804008BFF	14914	0.0921953	0.0368781	0.0332471
0	1804015BFF	0	1804009BFF	14778	0.0876979	0.0380972	0.0219275
0	1804015BFF	0	1804010BFF	15042	0.090347	0.0379604	0.0215095
0	1804015BFF	0	1804011BFF	14286	0.0968781	0.0335293	0.0552531
0	1804015BFF	0	1804013BFF	13257	0.0908954	0.0334163	0.0443849
0	1804015BFF	0	1804014BFF	13674	0.0949247	0.0342255	0.0445864
0	1804016BFF	0	1304001_SFF	15460	0.0672057	0.0585382	-0.156554
0	1804016BFF	0	1304004_SFF	15855	0.0657837	0.0602964	-0.169432
0	1804016BFF	0	1304006_SFF	16184	0.0611715	0.0650025	-0.217617
0	1804016BFF	0	1304010_SFF	9973	0.0750025	0.0414118	-0.0433248
0	1804016BFF	0	1304011_SFF	15951	0.0641966	0.0598082	-0.177459
0	1804016BFF	0	1306009_SFF	16260	0.0650677	0.0645141	-0.188304
0	1804016BFF	0	1306011_SFF	16335	0.0655647	0.0628711	-0.178363
0	1804016BFF	0	1306014_SFF	14947	0.088312	0.0416137	0.00123217
0	1804016BFF	0	1306015_BFF	16216	0.0831278	0.0460656	-0.0201045
0	1804016BFF	0	1307003_SFF	16318	0.0652654	0.0644687	-0.196307
0	1804016BFF	0	1307004_SFF	16117	0.0652106	0.0622945	-0.179279
0	1804016BFF	0	1611011_BFF	16396	0.0864235	0.0472676	-0.0177208
0	1804016BFF	0	1409002_SFF	15539	0.0651265	0.0626166	-0.185193
0	1804016BFF	0	1409007_SFF	15885	0.0631413	0.0599937	-0.171372
0	1804016BFF	0	1409008_SFF	16170	0.0643785	0.0624613	-0.195035
0	1804016BFF	0	1409009_SFF	15700	0.0648408	0.0634395	-0.192086
0	1804016BFF	0	1409012_SFF	15275	0.0627169	0.0625859	-0.197635
0	1804016BFF	0	1409013_SFF	15588	0.0653066	0.058699	-0.164659
0	1804016BFF	0	1409026_SFF	12047	0.0693119	0.0484768	-0.0840238
0	1804016BFF	0	1409027_SFF	14826	0.066235	0.0594226	-0.162523
0	1804016BFF	0	1409030_SFF	15649	0.0665218	0.0578312	-0.154644
0	1804016BFF	0	1409031_SFF	15118	0.0660802	0.060127	-0.162975
0	1804016BFF	0	1409032_SFF	15985	0.0659368	0.0626838	-0.178612
0	1804016BFF	0	1410001_SFF	14632	0.0686851	0.0578868	-0.155373
0	1804016BFF	0	1410002_SFF	15248	0.0680089	0.0560729	-0.138067
0	1804016BFF	0	1412001_BFF	16365	0.0846318	0.0459517	-0.015175
0	1804016BFF	0	1412006_BFF	16147	0.0868892	0.0481204	-0.0183
0	1804016BFF	0	1412010_BFF	14699	0.0908225	0.0410232	0.00460123
0	1804016BFF	0	1412014_BFF	14842	0.0906886	0.0393478	0.0147599
0	1804016BFF	0	1412024_BFF	15518	0.0876402	0.042789	0.00144873
0	1804016BFF	0	1510003_SFF	13159	0.0650505	0.0529676	-0.12799
0	1804016BFF	0	1510004_SFF	16317	0.0678434	0.0597536	-0.139905
0	1804016BFF	0	1610001_BFF	16163	0.0879168	0.0443606	-0.00198891
0	1804016BFF	0	1610002_BFF	16209	0.0879141	0.0418903	0.00529197
0	1804016BFF	0	1610012_BFF	16361	0.0885031	0.0418679	0.00730751
0	1804016BFF	0	1610013_BFF	15734	0.0882166	0.0417567	0.00902639
0	1804016BFF	0	1610015_BFF	16297	0.088728	0.044364	-0.00107914
0	1804016BFF	0	1610016_BFF	16461	0.083713	0.0440435	-0.0135266
0	1804016BFF	0	1610017_BFF	16489	0.0833889	0.0456062	-0.0199184
0	1804016BFF	0	1409001_SFF	16057	0.0658903	0.0615308	-0.170327
0	1804016BFF	0	1611012_BFF	14858	0.0856777	0.0397766	0.0119393
0	1804016BFF	0	1611013_BFF	11661	0.0910728	0.0345596	0.0418357
0	1804016BFF	0	1611032_BFF	15927	0.0856407	0.0426948	-0.00563035
0	1804016BFF	0	1702005_BFF	15432	0.103421	0.0287714	0.0362117
0	1804016BFF	0	1702006_BFF	15476	0.0880719	0.0395451	0.00759494
0	1804016BFF	0	1702007_BFF	15650	0.0861981	0.041853	0.00186893
0	1804016BFF	0	1702008_BFF	13052	0.0884922	0.0340944	0.0270413
0	1804016BFF	0	1702009_BFF	16388	0.0856114	0.0475958	-0.0240476
0	1804016BFF	0	1702012_BFF	12067	0.090992	0.0325682	0.0324059
0	1804016BFF	0	1702013_BFF	16443	0.0872712	0.0467068	-0.0158871
0	1804016BFF	0	1702014_BFF	13145	0.0930392	0.0356029	0.0228783
0	1804016BFF	0	1702016_BFF	15179	0.0867646	0.0442058	-0.00935658
0	1804016BFF	0	1702017_BFF	13979	0.0902783	0.0382717	0.0135003
0	1804016BFF	0	1702018_BFF	16486	0.0818877	0.0456751	-0.0206351
0	1804016BFF	0	1702019_BFF	15622	0.0855844	0.0434003	-0.00675507
0	1804016BFF	0	1702020_BFF	16314	0.0817703	0.0473826	-0.0288485
0	1804016BFF	0	1702022_BFF	15779	0.0893593	0.0394829	0.011846
0	1804016BFF	0	1702024_BFF	13209	0.0856991	0.03914	0.0147236
0	1804016BFF	0	1702026_BFF	16156	0.0861599	0.044256	-0.00985577
0	1804016BFF	0	1702027_BFF	14855	0.087378	0.0374958	0.0105466
0	1804016BFF	0	1702028_BFF	12511	0.0940772	0.0334106	0.0285783
0	1804016BFF	0	1702029_BFF	15191	0.104799	0.0326509	0.0252584
0	1804016BFF	0	1702031_BFF	15568	0.0881937	0.042202	0.00462963
0	1804016BFF	0	DG02_BFF	16103	0.0896727	0.0431597	0.00187334
0	1804016BFF	0	1703018_BFF	16429	0.0884412	0.0426685	0.00479858
0	1804016BFF	0	1804002BFF	12607	0.0898707	0.0303006	0.0360425
0	1804016BFF	0	1804003BFF	15516	0.0899716	0.0403454	0.00564434
0	1804016BFF	0	1804004BFF	15125	0.090314	0.0398678	0.0119876
0	1804016BFF	0	1804005BFF	15424	0.089471	0.0419476	0.00342988
0	1804016BFF	0	1804006BFF	15693	0.0887657	0.0421207	0.00710015
0	1804016BFF	0	1804007BFF	15391	0.0903775	0.0395686	0.0103771
0	1804016BFF	0	1804008BFF	15682	0.08717	0.0427879	-0.00424046
0	1804016BFF	0	1804009BFF	15505	0.0858433	0.041019	0.0039823
0	1804016BFF	0	1804010BFF	15825	0.0878989	0.0432227	-0.00425821
0	1804016BFF	0	1804011BFF	15011	0.0933316	0.0355073	0.037202
0	1804016BFF	0	1804013BFF	13872	0.0891003	0.0387111	0.0224148
0	1804016BFF	0	1804014BFF	14334	0.0932747	0.0350914	0.0357535
0	1804016BFF	0	1804015BFF	14930	0.0930342	0.035432	0.0401105
0	1804017BFF	0	1304001_SFF	15259	0.066256	0.05695	-0.162806
0	1804017BFF	0	1304004_SFF	15685	0.0649665	0.0591648	-0.18013
0	1804017BFF	0	1304006_SFF	16007	0.0643468	0.0618479	-0.204411
0	1804017BFF	0	1304010_SFF	9859	0.0725226	0.0394563	-0.0382378
0	1804017BFF	0	1304011_SFF	15771	0.0659438	0.0587788	-0.175387
0	1804017BFF	0	1306009_SFF	16064	0.0666708	0.0618775	-0.183074
0	1804017BFF	0	1306011_SFF	16136	0.0686044	0.0606718	-0.16921
0	1804017BFF	0	1306014_SFF	14780	0.0901218	0.0421516	0.00972046
0	1804017BFF	0	1306015_BFF	16029	0.0898996	0.0444819	-0.0101766
0	1804017BFF	0	1307003_SFF	16132	0.0655219	0.059571	-0.180595
0	1804017BFF	0	1307004_SFF	15919	0.067655	0.0597399	-0.174776
0	1804017BFF	0	1611011_BFF	16188	0.0898814	0.0471955	-0.020131
0	1804017BFF	0	1409002_SFF	15363	0.0645707	0.056955	-0.168248
0	1804017BFF	0	1409007_SFF	15714	0.0661194	0.0589283	-0.170801
0	1804017BFF	0	1409008_SFF	15973	0.0667376	0.0616666	-0.198444
0	1804017BFF	0	1409009_SFF	15532	0.0649627	0.0571079	-0.175098
0	1804017BFF	0	1409012_SFF	15109	0.06559	0.0569197	-0.173351
0	1804017BFF	0	1409013_SFF	15413	0.0663077	0.0579381	-0.169254
0	1804017BFF	0	1409026_SFF	11925	0.0732914	0.04587	-0.0726565
0	1804017BFF	0	1409027_SFF	14650	0.0680546	0.0567918	-0.157194
0	1804017BFF	0	1409030_SFF	15457	0.0656013	0.0564146	-0.158358
0	1804017BFF	0	1409031_SFF	14913	0.0678603	0.0583384	-0.158258
0	1804017BFF	0	1409032_SFF	15800	0.0644937	0.0600633	-0.182168
0	1804017BFF	0	1410001_SFF	14473	0.0666759	0.0547226	-0.156833
0	1804017BFF	0	1410002_SFF	15073	0.0680024	0.0534731	-0.13429
0	1804017BFF	0	1412001_BFF	16178	0.0899988	0.0433923	-0.00356711
0	1804017BFF	0	1412006_BFF	15981	0.0922345	0.0446155	-0.00114818
0	1804017BFF	0	1412010_BFF	14546	0.0945277	0.0363674	0.0384565
0	1804017BFF	0	1412014_BFF	14691	0.0934586	0.0356	0.0402689
0	1804017BFF	0	1412024_BFF	15310	0.0915088	0.0412149	0.00896262
0	1804017BFF	0	1510003_SFF	13046	0.0692933	0.0522766	-0.118444
0	1804017BFF	0	1510004_SFF	16129	0.0711141	0.0606361	-0.147075
0	1804017BFF	0	1610001_BFF	15985	0.0918361	0.0395996	0.0179437
0	1804017BFF	0	1610002_BFF	16025	0.0904212	0.04	0.00657731
0	1804017BFF	0	1610012_BFF	16172	0.0916399	0.0390181	0.0183983
0	1804017BFF	0	1610013_BFF	15542	0.0919444	0.0366105	0.0268197
0	1804017BFF	0	1610015_BFF	16111	0.0886972	0.0404692	0.0051804
0	1804017BFF	0	1610016_BFF	16278	0.0909817	0.0423271	-0.00214198
0	1804017BFF	0	1610017_BFF	16287	0.0889667	0.0428563	-0.00769419
0	1804017BFF	0	1409001_SFF	15860	0.0663304	0.0603405	-0.172962
0	1804017BFF	0	1611012_BFF	14648	0.0880666	0.0384353	0.0155416
0	1804017BFF	0	1611013_BFF	11559	0.0902327	0.034259	0.0355196
0	1804017BFF	0	1611032_BFF	15751	0.0921846	0.0419021	0.0137681
0	1804017BFF	0	1702005_BFF	15240	0.110171	0.0291339	0.0567734
0	1804017BFF	0	1702006_BFF	15295	0.0916639	0.0372017	0.0302595
0	1804017BFF	0	1702007_BFF	15454	0.0907208	0.0381778	0.0213164
0	1804017BFF	0	1702008_BFF	12908	0.0921134	0.0330803	0.0441833
0	1804017BFF	0	1702009_BFF	16206	0.0907071	0.0445514	-0.00171679
0	1804017BFF	0	1702012_BFF	11937	0.0942448	0.0291531	0.0580792
0	1804017BFF	0	1702013_BFF	16261	0.0898469	0.0430478	0.00130363
0	1804017BFF	0	1702014_BFF	13013	0.0972105	0.033505	0.0515666
0	1804017BFF	0	1702016_BFF	14980	0.0893191	0.0420561	0.00918885
0	1804017BFF	0	1702017_BFF	13844	0.0896417	0.0372002	0.022282
0	1804017BFF	0	1702018_BFF	16288	0.089084	0.0450025	-0.0118389
0	1804017BFF	0	1702019_BFF	15451	0.0904796	0.0388324	0.0198007
0	1804017BFF	0	1702020_BFF	16121	0.0895106	0.0464611	-0.0200393
0	1804017BFF	0	1702022_BFF	15596	0.0929726	0.0368684	0.036138
0	1804017BFF	0	1702024_BFF	13076	0.0853472	0.035179	0.0181513
0	1804017BFF	0	1702026_BFF	15960	0.0904135	0.0415414	0.00964765
0	1804017BFF	0	1702027_BFF	14707	0.091521	0.0369892	0.0285992
0	1804017BFF	0	1702028_BFF	12375	0.0953535	0.0318384	0.0478395
0	1804017BFF	0	1702029_BFF	15028	0.106069	0.0290791	0.0479478
0	1804017BFF	0	1702031_BFF	15376	0.0939126	0.0373309	0.0257202
0	1804017BFF	0	DG02_BFF	15923	0.0919425	0.0422031	0.0120417
0	1804017BFF	0	1703018_BFF	16239	0.0914465	0.0410124	0.0111825
0	1804017BFF	0	1804002BFF	12465	0.095708	0.0306458	0.0535659
0	1804017BFF	0	1804003BFF	15355	0.0948877	0.0364051	0.0400148
0	1804017BFF	0	1804004BFF	14964	0.0915531	0.0347501	0.0400203
0	1804017BFF	0	1804005BFF	15260	0.091481	0.0393185	0.0240745
0	1804017BFF	0	1804006BFF	15544	0.0909676	0.0386644	0.0184164
0	1804017BFF	0	1804007BFF	15249	0.0960719	0.0374451	0.0358479
0	1804017BFF	0	1804008BFF	15513	0.0912138	0.0378392	0.0259772
0	1804017BFF	0	1804009BFF	15355	0.0901986	0.0391403	0.018456
0	1804017BFF	0	1804010BFF	15641	0.0923215	0.039064	0.0251214
0	1804017BFF	0	1804011BFF	14847	0.0951707	0.0332727	0.0523466
0	1804017BFF	0	1804013BFF	13716	0.0957276	0.0328084	0.0510543
0	1804017BFF	0	1804014BFF	14197	0.0966401	0.030922	0.065793
0	1804017BFF	0	1804015BFF	14718	0.0926077	0.0336323	0.0437632
0	1804017BFF	0	1804016BFF	15476	0.091238	0.0362497	0.0283832
0	1805001BFF	0	1304001_SFF	14305	0.0727718	0.047396	-0.113883
0	1805001BFF	0	1304004_SFF	14685	0.0722506	0.0485529	-0.127385
0	1805001BFF	0	1304006_SFF	14984	0.0697411	0.0511879	-0.14895
0	1805001BFF	0	1304010_SFF	9278	0.0782496	0.0308256	0.00288951
0	1805001BFF	0	1304011_SFF	14767	0.072662	0.0473353	-0.11797
0	1805001BFF	0	1306009_SFF	15069	0.0735284	0.0510319	-0.127766
0	1805001BFF	0	1306011_SFF	15135	0.0706971	0.0486951	-0.122072
0	1805001BFF	0	1306014_SFF	13859	0.0918537	0.0333357	0.0422973
0	1805001BFF	0	1306015_BFF	15009	0.0888134	0.0369112	0.00926907
0	1805001BFF	0	1307003_SFF	15111	0.0729932	0.0513533	-0.139535
0	1805001BFF	0	1307004_SFF	14917	0.073138	0.0474626	-0.113358
0	1805001BFF	0	1611011_BFF	15173	0.0928623	0.038094	0.0151007
0	1805001BFF	0	1409002_SFF	14378	0.0701071	0.0458339	-0.116242
0	1805001BFF	0	1409007_SFF	14733	0.0760877	0.049888	-0.110213
0	1805001BFF	0	1409008_SFF	14963	0.0703736	0.0500568	-0.147532
0	1805001BFF	0	1409009_SFF	14535	0.0691434	0.0482972	-0.134708
0	1805001BFF	0	1409012_SFF	14148	0.0737207	0.0461549	-0.112992
0	1805001BFF	0	1409013_SFF	14430	0.0734581	0.0462231	-0.104655
0	1805001BFF	0	1409026_SFF	11192	0.0765726	0.0346676	-0.0240217
0	1805001BFF	0	1409027_SFF	13713	0.0726318	0.0454313	-0.101192
0	1805001BFF	0	1409030_SFF	14493	0.0721728	0.0482992	-0.120146
0	1805001BFF	0	1409031_SFF	13967	0.0755352	0.0448915	-0.0911382
0	1805001BFF	0	1409032_SFF	14790	0.071332	0.0483435	-0.121634
0	1805001BFF	0	1410001_SFF	13577	0.0748324	0.0437505	-0.0954296
0	1805001BFF	0	1410002_SFF	14149	0.075129	0.0429006	-0.0801872
0	1805001BFF	0	1412001_BFF	15164	0.0925877	0.0363361	0.0219681
0	1805001BFF	0	1412006_BFF	14967	0.0916015	0.0385515	0.0106966
0	1805001BFF	0	1412010_BFF	13666	0.0970291	0.0312454	0.0604584
0	1805001BFF	0	1412014_BFF	13748	0.0977597	0.0329502	0.052448
0	1805001BFF	0	1412024_BFF	14376	0.0909154	0.0345715	0.027348
0	1805001BFF	0	1510003_SFF	12261	0.0733219	0.0391485	-0.0634124
0	1805001BFF	0	1510004_SFF	15126	0.0765569	0.0477324	-0.0881424
0	1805001BFF	0	1610001_BFF	14990	0.0923282	0.0393596	0.0107235
0	1805001BFF	0	1610002_BFF	15022	0.0891359	0.0400746	-0.00322878
0	1805001BFF	0	1610012_BFF	15172	0.0910888	0.0396124	0.00622913
0	1805001BFF	0	1610013_BFF	14582	0.0950487	0.0362776	0.0260864
0	1805001BFF	0	1610015_BFF	15097	0.0895542	0.0379546	0.00741801
0	1805001BFF	0	1610016_BFF	15258	0.0910998	0.0416831	-0.00724165
0	1805001BFF	0	1610017_BFF	15272	0.0906888	0.0436092	-0.0139357
0	1805001BFF	0	1409001_SFF	14867	0.073384	0.0486985	-0.115279
0	1805001BFF	0	1611012_BFF	13741	0.0916964	0.0318026	0.0383564
0	1805001BFF	0	1611013_BFF	10811	0.0963833	0.0258995	0.0771806
0	1805001BFF	0	1611032_BFF	14764	0.0929965	0.0358981	0.0294836
0	1805001BFF	0	1702005_BFF	14299	0.111406	0.0240576	0.0828372
0	1805001BFF	0	1702006_BFF	14360	0.0961003	0.0326602	0.0506712
0	1805001BFF	0	1702007_BFF	14516	0.0932764	0.0358225	0.0267953
0	1805001BFF	0	1702008_BFF	12130	0.09662	0.0270404	0.0760365
0	1805001BFF	0	1702009_BFF	15177	0.0948804	0.0394017	0.018453
0	1805001BFF	0	1702012_BFF	11232	0.0982906	0.0280449	0.0776635
0	1805001BFF	0	1702013_BFF	15245	0.0869793	0.0381109	0.00471098
0	1805001BFF	0	1702014_BFF	12211	0.0989272	0.0255507	0.0870787
0	1805001BFF	0	1702016_BFF	14091	0.0993542	0.0371159	0.0395688
0	1805001BFF	0	1702017_BFF	12952	0.0955065	0.0308061	0.0616349
0	1805001BFF	0	1702018_BFF	15267	0.0905875	0.0383834	0.00767346
0	1805001BFF	0	1702019_BFF	14470	0.0959226	0.0346234	0.0380175
0	1805001BFF	0	1702020_BFF	15124	0.0899233	0.0434409	-0.0182216
0	1805001BFF	0	1702022_BFF	14611	0.093765	0.0318938	0.0478599
0	1805001BFF	0	1702024_BFF	12274	0.0943458	0.0325892	0.0377465
0	1805001BFF	0	1702026_BFF	14954	0.0954928	0.036512	0.0302913
0	1805001BFF	0	1702027_BFF	13763	0.0980164	0.0309526	0.0652879
0	1805001BFF	0	1702028_BFF	11642	0.0987803	0.0251675	0.0820071
0	1805001BFF	0	1702029_BFF	14059	0.113379	0.0243261	0.0852987
0	1805001BFF	0	1702031_BFF	14432	0.092087	0.035546	0.0197405
0	1805001BFF	0	DG02_BFF	14932	0.0973078	0.0341548	0.0465736
0	1805001BFF	0	1703018_BFF	15221	0.0918468	0.040339	0.00548889
0	1805001BFF	0	1804002BFF	11794	0.100136	0.0236561	0.094631
0	1805001BFF	0	1804003BFF	14416	0.0961432	0.0323252	0.052862
0	1805001BFF	0	1804004BFF	14066	0.0954074	0.0331295	0.0482244
0	1805001BFF	0	1804005BFF	14380	0.0937413	0.0343533	0.0364348
0	1805001BFF	0	1804006BFF	14614	0.0942247	0.0344191	0.0331462
0	1805001BFF	0	1804007BFF	14289	0.0931486	0.0321926	0.0480668
0	1805001BFF	0	1804008BFF	14569	0.092182	0.0330839	0.0386537
0	1805001BFF	0	1804009BFF	14429	0.0969575	0.0325733	0.0497738
0	1805001BFF	0	1804010BFF	14690	0.0928523	0.0367597	0.0280579
0	1805001BFF	0	1804011BFF	13973	0.094611	0.0324197	0.0466021
0	1805001BFF	0	1804013BFF	12902	0.0949465	0.0326306	0.0442931
0	1805001BFF	0	1804014BFF	13372	0.0957224	0.0296141	0.0632795
0	1805001BFF	0	1804015BFF	13898	0.0946899	0.031947	0.0459441
0	1805001BFF	0	1804016BFF	14546	0.0906091	0.03458	0.0232999
0	1805001BFF	0	1804017BFF	14407	0.0964115	0.033803	0.0453467
0	1805002BFF	0	1304001_SFF	15308	0.0687222	0.0523909	-0.138227
0	1805002BFF	0	1304004_SFF	15696	0.0691896	0.0523063	-0.145557
0	1805002BFF	0	1304006_SFF	16022	0.0688428	0.0577331	-0.179077
0	1805002BFF	0	1304010_SFF	9863	0.0799959	0.0369056	-0.0263617
0	1805002BFF	0	1304011_SFF	15787	0.0691708	0.0516881	-0.142077
0	1805002BFF	0	1306009_SFF	16090	0.0701057	0.057862	-0.162103
0	1805002BFF	0	1306011_SFF	16158	0.0724718	0.0581136	-0.159829
0	1805002BFF	0	1306014_SFF	14818	0.0925901	0.0386692	0.0277778
0	1805002BFF	0	1306015_BFF	16052	0.0888986	0.0409295	-0.0019656
0	1805002BFF	0	1307003_SFF	16141	0.0693266	0.0544576	-0.156394
0	1805002BFF	0	1307004_SFF	15935	0.0707876	0.0539693	-0.143338
0	1805002BFF	0	1611011_BFF	16205	0.0883678	0.0414687	-0.00449138
0	1805002BFF	0	1409002_SFF	15362	0.0699128	0.0529879	-0.148243
0	1805002BFF	0	1409007_SFF	15720	0.0698473	0.0551527	-0.152398
0	1805002BFF	0	1409008_SFF	16010	0.0688944	0.0557152	-0.168586
0	1805002BFF	0	1409009_SFF	15536	0.0664264	0.0545185	-0.165937
0	1805002BFF	0	1409012_SFF	15118	0.0708427	0.0527186	-0.148769
0	1805002BFF	0	1409013_SFF	15428	0.0676044	0.053539	-0.146854
0	1805002BFF	0	1409026_SFF	11897	0.0768261	0.0424477	-0.0571794
0	1805002BFF	0	1409027_SFF	14678	0.0721488	0.0520507	-0.130246
0	1805002BFF	0	1409030_SFF	15485	0.0728447	0.0517921	-0.126466
0	1805002BFF	0	1409031_SFF	14969	0.0707462	0.0535106	-0.136742
0	1805002BFF	0	1409032_SFF	15830	0.0690461	0.0550853	-0.154025
0	1805002BFF	0	1410001_SFF	14479	0.0707922	0.0523517	-0.138702
0	1805002BFF	0	1410002_SFF	15105	0.072956	0.0486594	-0.104419
0	1805002BFF	0	1412001_BFF	16201	0.0908586	0.0424665	-0.00132371
0	1805002BFF	0	1412006_BFF	15987	0.0919497	0.0410959	0.00819374
0	1805002BFF	0	1412010_BFF	14568	0.0930121	0.0363811	0.0379315
0	1805002BFF	0	1412014_BFF	14679	0.0931944	0.0357654	0.0380824
0	1805002BFF	0	1412024_BFF	15362	0.0876839	0.0371696	0.0155103
0	1805002BFF	0	1510003_SFF	13039	0.0714779	0.0457857	-0.0970823
0	1805002BFF	0	1510004_SFF	16155	0.0755803	0.0536676	-0.109575
0	1805002BFF	0	1610001_BFF	15998	0.0913864	0.0442555	-0.00458937
0	1805002BFF	0	1610002_BFF	16041	0.0871517	0.0437005	-0.0167943
0	1805002BFF	0	1610012_BFF	16200	0.0899383	0.0418519	0.00131453
0	1805002BFF	0	1610013_BFF	15577	0.0873724	0.0398023	0.0003151
0	1805002BFF	0	1610015_BFF	16124	0.0885636	0.0418631	-0.00331965
0	1805002BFF	0	1610016_BFF	16287	0.089949	0.0434703	-0.0114634
0	1805002BFF	0	1610017_BFF	16310	0.0887799	0.0477621	-0.0292733
0	1805002BFF	0	1409001_SFF	15900	0.0721384	0.0548428	-0.139512
0	1805002BFF	0	1611012_BFF	14668	0.0897873	0.0353831	0.0221672
0	1805002BFF	0	1611013_BFF	11548	0.0914444	0.0295289	0.053632
0	1805002BFF	0	1611032_BFF	15746	0.092849	0.0397561	0.0198939
0	1805002BFF	0	1702005_BFF	15283	0.106916	0.0263037	0.0632163
0	1805002BFF	0	1702006_BFF	15321	0.0932707	0.0335487	0.0450567
0	1805002BFF	0	1702007_BFF	15514	0.0892742	0.0403507	0.0074869
0	1805002BFF	0	1702008_BFF	12923	0.0958756	0.0318038	0.0593823
0	1805002BFF	0	1702009_BFF	16215	0.0917669	0.0421832	0.00770226
0	1805002BFF	0	1702012_BFF	11938	0.0980901	0.0284805	0.0722552
0	1805002BFF	0	1702013_BFF	16280	0.0883907	0.0431818	-0.00549905
0	1805002BFF	0	1702014_BFF	12993	0.0969753	0.0280151	0.0683348
0	1805002BFF	0	1702016_BFF	15012	0.0913269	0.0389022	0.0199087
0	1805002BFF	0	1702017_BFF	13817	0.0956792	0.0348122	0.0453734
0	1805002BFF	0	1702018_BFF	16313	0.0907865	0.0462208	-0.0169024
0	1805002BFF	0	1702019_BFF	15479	0.0923186	0.0362427	0.027909
0	1805002BFF	0	1702020_BFF	16137	0.0892979	0.0437504	-0.0147385
0	1805002BFF	0	1702022_BFF	15633	0.093776	0.0388921	0.0259411
0	1805002BFF	0	1702024_BFF	13069	0.09029	0.0316015	0.0387303
0	1805002BFF	0	1702026_BFF	15965	0.093016	0.038835	0.0223407
0	1805002BFF	0	1702027_BFF	14719	0.0942319	0.0353285	0.0438641
0	1805002BFF	0	1702028_BFF	12383	0.0991682	0.0291529	0.0673135
0	1805002BFF	0	1702029_BFF	15013	0.105042	0.0291747	0.0501368
0	1805002BFF	0	1702031_BFF	15406	0.0898351	0.0401792	0.00352203
0	1805002BFF	0	DG02_BFF	15933	0.0915082	0.0387247	0.0204996
0	1805002BFF	0	1703018_BFF	16260	0.0872694	0.0413899	-0.0014835
0	1805002BFF	0	1804002BFF	12495	0.097399	0.0287315	0.0646789
0	1805002BFF	0	1804003BFF	15341	0.0932143	0.0353302	0.042402
0	1805002BFF	0	1804004BFF	15027	0.0920343	0.0352698	0.0374718
0	1805002BFF	0	1804005BFF	15281	0.0943656	0.0397225	0.0232356
0	1805002BFF	0	1804006BFF	15556	0.0899974	0.0387632	0.014307
0	1805002BFF	0	1804007BFF	15247	0.0947727	0.0369909	0.0367737
0	1805002BFF	0	1804008BFF	15526	0.0892052	0.0374855	0.0215633
0	1805002BFF	0	1804009BFF	15369	0.0920684	0.0370876	0.0273486
0	1805002BFF	0	1804010BFF	15654	0.0915421	0.0396065	0.0188851
0	1805002BFF	0	1804011BFF	14833	0.091283	0.0351918	0.0328472
0	1805002BFF	0	1804013BFF	13753	0.0845634	0.0336654	0.0217454
0	1805002BFF	0	1804014BFF	14182	0.0963193	0.0340573	0.0510531
0	1805002BFF	0	1804015BFF	14738	0.0904465	0.0356901	0.0298117
0	1805002BFF	0	1804016BFF	15511	0.089227	0.0387467	0.00967094
0	1805002BFF	0	1804017BFF	15327	0.0932342	0.0374503	0.0335014
0	1805002BFF	0	1805001BFF	14439	0.0970981	0.0303345	0.0650606
0	1805003BFF	0	1304001_SFF	13146	0.0724935	0.0457173	-0.101968
0	1805003BFF	0	1304004_SFF	13496	0.073281	0.0480142	-0.114955
0	1805003BFF	0	1304006_SFF	13742	0.0708048	0.0478824	-0.132138
0	1805003BFF	0	1304010_SFF	8629	0.0776452	0.0293197	0.0116625
0	1805003BFF	0	1304011_SFF	13565	0.0728345	0.0479912	-0.11749
0	1805003BFF	0	1306009_SFF	13820	0.0710564	0.0508683	-0.131601
0	1805003BFF	0	1306011_SFF	13884	0.0718813	0.0493374	-0.12358
0	1805003BFF	0	1306014_SFF	12739	0.0985164	0.0332051	0.0593308
0	1805003BFF	0	1306015_BFF	13779	0.0891937	0.0359968	0.0166715
0	1805003BFF	0	1307003_SFF	13873	0.0730195	0.0492323	-0.130398
0	1805003BFF	0	1307004_SFF	13709	0.0712671	0.0456634	-0.1073
0	1805003BFF	0	1611011_BFF	13914	0.0901251	0.0376599	0.0115263
0	1805003BFF	0	1409002_SFF	13266	0.069501	0.0473391	-0.128345
0	1805003BFF	0	1409007_SFF	13516	0.0699911	0.0466854	-0.114366
0	1805003BFF	0	1409008_SFF	13733	0.0693221	0.0487876	-0.144353
0	1805003BFF	0	1409009_SFF	13346	0.0698337	0.0490034	-0.132581
0	1805003BFF	0	1409012_SFF	12992	0.0710437	0.0449507	-0.113403
0	1805003BFF	0	1409013_SFF	13252	0.0711591	0.044748	-0.108115
0	1805003BFF	0	1409026_SFF	10333	0.0807123	0.0355173	-0.0155921
0	1805003BFF	0	1409027_SFF	12641	0.074203	0.0441421	-0.0910656
0	1805003BFF	0	1409030_SFF	13321	0.0731927	0.044366	-0.0933849
0	1805003BFF	0	1409031_SFF	12853	0.0744573	0.0448144	-0.0935934
0	1805003BFF	0	1409032_SFF	13593	0.0715074	0.0483337	-0.11818
0	1805003BFF	0	1410001_SFF	12505	0.0736505	0.0431028	-0.0847899
0	1805003BFF	0	1410002_SFF	12987	0.0761531	0.040733	-0.0666957
0	1805003BFF	0	1412001_BFF	13929	0.0915356	0.0367578	0.0187055
0	1805003BFF	0	1412006_BFF	13742	0.0911803	0.0367487	0.0195783
0	1805003BFF	0	1412010_BFF	12554	0.0959853	0.0306675	0.0633494
0	1805003BFF	0	1412014_BFF	12660	0.0968404	0.0296209	0.0672904
0	1805003BFF	0	1412024_BFF	13196	0.0926038	0.0327372	0.038864
0	1805003BFF	0	1510003_SFF	11295	0.0756972	0.0390438	-0.0597541
0	1805003BFF	0	1510004_SFF	13869	0.07542	0.0463624	-0.0834649
0	1805003BFF	0	1610001_BFF	13752	0.0923502	0.038249	0.0204297
0	1805003BFF	0	1610002_BFF	13798	0.0900855	0.0372518	0.0138371
0	1805003BFF	0	1610012_BFF	13920	0.0926006	0.0383621	0.0167558
0	1805003BFF	0	1610013_BFF	13395	0.0942889	0.0362822	0.0314148
0	1805003BFF	0	1610015_BFF	13853	0.0921822	0.038692	0.0138612
0	1805003BFF	0	1610016_BFF	13993	0.0882584	0.0397342	-0.000284495
0	1805003BFF	0	1610017_BFF	13996	0.0890254	0.0435124	-0.0139205
0	1805003BFF	0	1409001_SFF	13646	0.0729151	0.0471933	-0.105469
0	1805003BFF	0	1611012_BFF	12665	0.0936439	0.0304777	0.0521549
0	1805003BFF	0	1611013_BFF	9977	0.0938158	0.0272627	0.0705332
0	1805003BFF	0	1611032_BFF	13560	0.0936578	0.0377581	0.0257593
0	1805003BFF	0	1702005_BFF	13135	0.109402	0.0236772	0.0804077
0	1805003BFF	0	1702006_BFF	13184	0.0959496	0.0324636	0.0554027
0	1805003BFF	0	1702007_BFF	13340	0.0890555	0.0338081	0.0286897
0	1805003BFF	0	1702008_BFF	11197	0.0968116	0.0296508	0.0688628
0	1805003BFF	0	1702009_BFF	13913	0.0950909	0.0344282	0.0393454
0	1805003BFF	0	1702012_BFF	10258	0.0992396	0.0269058	0.0838572
0	1805003BFF	0	1702013_BFF	13993	0.0908311	0.0367327	0.0209727
0	1805003BFF	0	1702014_BFF	11254	0.101742	0.02488	0.0964226
0	1805003BFF	0	1702016_BFF	12918	0.0959901	0.0325128	0.0535083
0	1805003BFF	0	1702017_BFF	11891	0.095114	0.0282567	0.0721921
0	1805003BFF	0	1702018_BFF	14001	0.0898507	0.0397829	0.00430305
0	1805003BFF	0	1702019_BFF	13321	0.0892576	0.0321297	0.0359347
0	1805003BFF	0	1702020_BFF	13865	0.0882077	0.0416156	-0.0108096
0	1805003BFF	0	1702022_BFF	13436	0.0952664	0.0328223	0.0508906
0	1805003BFF	0	1702024_BFF	11263	0.0884311	0.0281453	0.0475207
0	1805003BFF	0	1702026_BFF	13737	0.0950717	0.0345054	0.0383747
0	1805003BFF	0	1702027_BFF	12684	0.0976821	0.0297225	0.0708702
0	1805003BFF	0	1702028_BFF	10698	0.101047	0.0270144	0.0776447
0	1805003BFF	0	1702029_BFF	12937	0.108139	0.025199	0.0744325
0	1805003BFF	0	1702031_BFF	13248	0.0936745	0.0360054	0.0265401
0	1805003BFF	0	DG02_BFF	13692	0.092901	0.0328659	0.0429115
0	1805003BFF	0	1703018_BFF	13959	0.0906942	0.0395444	0.0103818
0	1805003BFF	0	1804002BFF	10895	0.0990363	0.0245984	0.0864979
0	1805003BFF	0	1804003BFF	13260	0.0937406	0.0329563	0.0507412
0	1805003BFF	0	1804004BFF	12977	0.0977884	0.0309779	0.0639059
0	1805003BFF	0	1804005BFF	13216	0.0920097	0.0360169	0.0290356
0	1805003BFF	0	1804006BFF	13444	0.0908212	0.0330259	0.0336227
0	1805003BFF	0	1804007BFF	13178	0.0918956	0.0315678	0.0512582
0	1805003BFF	0	1804008BFF	13398	0.0962084	0.0312733	0.0549166
0	1805003BFF	0	1804009BFF	13316	0.0916942	0.0322169	0.042905
0	1805003BFF	0	1804010BFF	13513	0.0922815	0.0364834	0.0289038
0	1805003BFF	0	1804011BFF	12906	0.0925926	0.0333953	0.043978
0	1805003BFF	0	1804013BFF	11960	0.0916388	0.0344482	0.0298119
0	1805003BFF	0	1804014BFF	12387	0.0997013	0.0300315	0.069574
0	1805003BFF	0	1804015BFF	12794	0.0934032	0.0305612	0.0524169
0	1805003BFF	0	1804016BFF	13387	0.0909838	0.0353328	0.0278103
0	1805003BFF	0	1804017BFF	13246	0.0921033	0.0321607	0.0464441
0	1805003BFF	0	1805001BFF	12536	0.0979579	0.0292757	0.0725734
0	1805003BFF	0	1805002BFF	13279	0.0967693	0.0314783	0.0626939
0	1815076BFF_GHFF	0	1304001_SFF	13670	0.0711778	0.0480614	-0.115436
0	1815076BFF_GHFF	0	1304004_SFF	14034	0.0718256	0.0471712	-0.108492
0	1815076BFF_GHFF	0	1304006_SFF	14317	0.0676119	0.0499406	-0.143864
0	1815076BFF_GHFF	0	1304010_SFF	8889	0.076274	0.0323996	-0.0102041
0	1815076BFF_GHFF	0	1304011_SFF	14122	0.0694661	0.0468064	-0.117224
0	1815076BFF_GHFF	0	1306009_SFF	14382	0.0728689	0.0515227	-0.124483
0	1815076BFF_GHFF	0	1306011_SFF	14444	0.0700637	0.0508169	-0.128006
0	1815076BFF_GHFF	0	1306014_SFF	13249	0.0935165	0.0340403	0.0467111
0	1815076BFF_GHFF	0	1306015_BFF	14340	0.0928173	0.0388424	0.0147671
0	1815076BFF_GHFF	0	1307003_SFF	14431	0.0689488	0.0494768	-0.13421
0	1815076BFF_GHFF	0	1307004_SFF	14248	0.0722908	0.0500421	-0.120222
0	1815076BFF_GHFF	0	1611011_BFF	14483	0.093627	0.0405993	0.0113636
0	1815076BFF_GHFF	0	1409002_SFF	13755	0.0705925	0.0470374	-0.112618
0	1815076BFF_GHFF	0	1409007_SFF	14078	0.0725955	0.047521	-0.102214
0	1815076BFF_GHFF	0	1409008_SFF	14302	0.0709691	0.0516012	-0.141559
0	1815076BFF_GHFF	0	1409009_SFF	13884	0.0691443	0.0469605	-0.121704
0	1815076BFF_GHFF	0	1409012_SFF	13513	0.0687486	0.0456597	-0.119202
0	1815076BFF_GHFF	0	1409013_SFF	13788	0.0715115	0.0468523	-0.109532
0	1815076BFF_GHFF	0	1409026_SFF	10688	0.076628	0.0361153	-0.0278569
0	1815076BFF_GHFF	0	1409027_SFF	13116	0.0706008	0.0468131	-0.104074
0	1815076BFF_GHFF	0	1409030_SFF	13871	0.0704347	0.0449138	-0.0967609
0	1815076BFF_GHFF	0	1409031_SFF	13384	0.072624	0.0460998	-0.0944388
0	1815076BFF_GHFF	0	1409032_SFF	14131	0.070271	0.0494657	-0.127796
0	1815076BFF_GHFF	0	1410001_SFF	12980	0.0724191	0.0432203	-0.0914787
0	1815076BFF_GHFF	0	1410002_SFF	13492	0.0744886	0.0429143	-0.0774766
0	1815076BFF_GHFF	0	1412001_BFF	14478	0.0896533	0.0372289	0.0204764
0	1815076BFF_GHFF	0	1412006_BFF	14271	0.0919347	0.036928	0.0259581
0	1815076BFF_GHFF	0	1412010_BFF	13053	0.0981384	0.0339386	0.055267
0	1815076BFF_GHFF	0	1412014_BFF	13136	0.0945493	0.0314403	0.0594456
0	1815076BFF_GHFF	0	1412024_BFF	13743	0.0880448	0.0336171	0.0287667
0	1815076BFF_GHFF	0	1510003_SFF	11716	0.0721236	0.0390065	-0.0596899
0	1815076BFF_GHFF	0	1510004_SFF	14431	0.0749775	0.0496154	-0.0971629
0	1815076BFF_GHFF	0	1610001_BFF	14284	0.0908009	0.0378045	0.0206634
0	1815076BFF_GHFF	0	1610002_BFF	14342	0.0907823	0.0384186	0.0126389
0	1815076BFF_GHFF	0	1610012_BFF	14468	0.0908211	0.0377385	0.0199192
0	1815076BFF_GHFF	0	1610013_BFF	13921	0.0933841	0.035917	0.0285088
0	1815076BFF_GHFF	0	1610015_BFF	14399	0.0945899	0.0378499	0.0272458
0	1815076BFF_GHFF	0	1610016_BFF	14566	0.0887684	0.0411232	-0.00608239
0	1815076BFF_GHFF	0	1610017_BFF	14562	0.0902349	0.0440874	-0.00904184
0	1815076BFF_GHFF	0	1409001_SFF	14199	0.0724699	0.0487358	-0.112005
0	1815076BFF_GHFF	0	1611012_BFF	13173	0.0921582	0.0323389	0.0412047
0	1815076BFF_GHFF	0	1611013_BFF	10435	0.0919023	0.0274078	0.0671358
0	1815076BFF_GHFF	0	1611032_BFF	14116	0.0915982	0.0360584	0.0333289
0	1815076BFF_GHFF	0	1702005_BFF	13645	0.108171	0.0246977	0.0691637
0	1815076BFF_GHFF	0	1702006_BFF	13718	0.0984108	0.0311999	0.0660872
0	1815076BFF_GHFF	0	1702007_BFF	13844	0.0910142	0.0341664	0.0321782
0	1815076BFF_GHFF	0	1702008_BFF	11624	0.0990193	0.0276153	0.0816343
0	1815076BFF_GHFF	0	1702009_BFF	14491	0.0921952	0.0370575	0.0260736
0	1815076BFF_GHFF	0	1702012_BFF	10771	0.100269	0.0265528	0.0823085
0	1815076BFF_GHFF	0	1702013_BFF	14539	0.095261	0.0391361	0.0243821
0	1815076BFF_GHFF	0	1702014_BFF	11675	0.0953319	0.025182	0.0779242
0	1815076BFF_GHFF	0	1702016_BFF	13425	0.0953445	0.0360521	0.0409824
0	1815076BFF_GHFF	0	1702017_BFF	12347	0.0967037	0.0305337	0.0655035
0	1815076BFF_GHFF	0	1702018_BFF	14562	0.0918143	0.0401044	0.00961278
0	1815076BFF_GHFF	0	1702019_BFF	13847	0.0920055	0.0349534	0.0347319
0	1815076BFF_GHFF	0	1702020_BFF	14435	0.0888812	0.0413578	-0.00613155
0	1815076BFF_GHFF	0	1702022_BFF	13964	0.0944572	0.0335864	0.0497835
0	1815076BFF_GHFF	0	1702024_BFF	11782	0.0908165	0.0319131	0.0378788
0	1815076BFF_GHFF	0	1702026_BFF	14274	0.0918453	0.0355892	0.0314026
0	1815076BFF_GHFF	0	1702027_BFF	13138	0.0952961	0.0331862	0.0529697
0	1815076BFF_GHFF	0	1702028_BFF	11160	0.100358	0.0268817	0.0737509
0	1815076BFF_GHFF	0	1702029_BFF	13461	0.108907	0.0237724	0.0785534
0	1815076BFF_GHFF	0	1702031_BFF	13779	0.0897743	0.0388998	0.0124038
0	1815076BFF_GHFF	0	DG02_BFF	14249	0.0953049	0.034248	0.0447029
0	1815076BFF_GHFF	0	1703018_BFF	14539	0.0894835	0.0378293	0.0170758
0	1815076BFF_GHFF	0	1804002BFF	11312	0.0973303	0.0258133	0.0775575
0	1815076BFF_GHFF	0	1804003BFF	13805	0.0940963	0.0315828	0.0582351
0	1815076BFF_GHFF	0	1804004BFF	13466	0.0951285	0.0328977	0.0530687
0	1815076BFF_GHFF	0	1804005BFF	13740	0.0911936	0.0369723	0.0290098
0	1815076BFF_GHFF	0	1804006BFF	13942	0.0920241	0.0317028	0.0457095
0	1815076BFF_GHFF	0	1804007BFF	13672	0.0934757	0.0335723	0.0475764
0	1815076BFF_GHFF	0	1804008BFF	13913	0.0937253	0.0347876	0.0427984
0	1815076BFF_GHFF	0	1804009BFF	13835	0.0932418	0.0333213	0.0453472
0	1815076BFF_GHFF	0	1804010BFF	14055	0.0934187	0.0360726	0.0351892
0	1815076BFF_GHFF	0	1804011BFF	13386	0.0955476	0.0320484	0.0528169
0	1815076BFF_GHFF	0	1804013BFF	12414	0.0912679	0.0318995	0.0453748
0	1815076BFF_GHFF	0	1804014BFF	12807	0.0927618	0.0286562	0.0673706
0	1815076BFF_GHFF	0	1804015BFF	13302	0.0936701	0.0330026	0.0433658
0	1815076BFF_GHFF	0	1804016BFF	13915	0.0897593	0.036148	0.020324
0	1815076BFF_GHFF	0	1804017BFF	13787	0.094872	0.0365562	0.0404716
0	1815076BFF_GHFF	0	1805001BFF	13001	0.0977617	0.030613	0.0658009
0	1815076BFF_GHFF	0	1805002BFF	13776	0.0950929	0.0317944	0.0585948
0	1815076BFF_GHFF	0	1805003BFF	12018	0.0986021	0.0278749	0.0781942
0	1815092SFF	0	1304001_SFF	15433	0.079181	0.0327221	0.0263559
0	1815092SFF	0	1304004_SFF	15824	0.0747599	0.031724	0.0249334
0	1815092SFF	0	1304006_SFF	16168	0.0743444	0.0337704	0.0124411
0	1815092SFF	0	1304010_SFF	9973	0.0875363	0.0260704	0.057554
0	1815092SFF	0	1304011_SFF	15922	0.0756814	0.0315287	0.0262181
0	1815092SFF	0	1306009_SFF	16232	0.0748521	0.0342533	0.00851617
0	1815092SFF	0	1306011_SFF	16314	0.0740468	0.0376977	-0.00978981
0	1815092SFF	0	1306014_SFF	14940	0.0787149	0.0335341	-0.0343535
0	1815092SFF	0	1306015_BFF	16179	0.0668768	0.0595216	-0.169597
0	1815092SFF	0	1307003_SFF	16288	0.0742878	0.0357318	0.00596607
0	1815092SFF	0	1307004_SFF	16092	0.0747576	0.0342406	0.00996509
0	1815092SFF	0	1611011_BFF	16352	0.0633562	0.0587084	-0.175535
0	1815092SFF	0	1409002_SFF	15530	0.0757244	0.0349002	0.0123447
0	1815092SFF	0	1409007_SFF	15873	0.0772381	0.034083	0.0143068
0	1815092SFF	0	1409008_SFF	16141	0.0750263	0.0358094	0.00513799
0	1815092SFF	0	1409009_SFF	15697	0.0740269	0.0344652	0.010694
0	1815092SFF	0	1409012_SFF	15242	0.0757118	0.0328041	0.022084
0	1815092SFF	0	1409013_SFF	15588	0.0746728	0.0322043	0.0210463
0	1815092SFF	0	1409026_SFF	12022	0.0810181	0.024372	0.053295
0	1815092SFF	0	1409027_SFF	14820	0.0778003	0.0306343	0.0304548
0	1815092SFF	0	1409030_SFF	15652	0.0760286	0.0336059	0.0113464
0	1815092SFF	0	1409031_SFF	15083	0.0763111	0.0311609	0.0253431
0	1815092SFF	0	1409032_SFF	15974	0.0748091	0.0353074	0.00450118
0	1815092SFF	0	1410001_SFF	14633	0.0745575	0.029659	0.0323074
0	1815092SFF	0	1410002_SFF	15232	0.0791098	0.0301996	0.034
0	1815092SFF	0	1412001_BFF	16332	0.0647196	0.0620867	-0.190684
0	1815092SFF	0	1412006_BFF	16123	0.0670471	0.061465	-0.18168
0	1815092SFF	0	1412010_BFF	14704	0.070049	0.0529788	-0.15064
0	1815092SFF	0	1412014_BFF	14787	0.0680327	0.0495706	-0.134888
0	1815092SFF	0	1412024_BFF	15474	0.066951	0.0557063	-0.152865
0	1815092SFF	0	1510003_SFF	13158	0.0740994	0.0259158	0.0371795
0	1815092SFF	0	1510004_SFF	16293	0.0815688	0.0326521	0.0178212
0	1815092SFF	0	1610001_BFF	16126	0.0623837	0.0668486	-0.220293
0	1815092SFF	0	1610002_BFF	16171	0.060355	0.0687651	-0.230185
0	1815092SFF	0	1610012_BFF	16337	0.0630471	0.067087	-0.21826
0	1815092SFF	0	1610013_BFF	15685	0.0603124	0.0615875	-0.191198
0	1815092SFF	0	1610015_BFF	16253	0.0629422	0.0681105	-0.221392
0	1815092SFF	0	1610016_BFF	16433	0.0626788	0.0707722	-0.2306
0	1815092SFF	0	1610017_BFF	16451	0.0626102	0.0723968	-0.23723
0	1815092SFF	0	1409001_SFF	16034	0.0760883	0.0353624	0.00582751
0	1815092SFF	0	1611012_BFF	14774	0.0655882	0.0507649	-0.133028
0	1815092SFF	0	1611013_BFF	11605	0.0672124	0.046704	-0.117629
0	1815092SFF	0	1611032_BFF	15901	0.0690523	0.0600591	-0.177471
0	1815092SFF	0	1702005_BFF	15410	0.0802077	0.0341986	-0.0967188
0	1815092SFF	0	1702006_BFF	15448	0.0697178	0.0528224	-0.142244
0	1815092SFF	0	1702007_BFF	15637	0.0675321	0.0569163	-0.162384
0	1815092SFF	0	1702008_BFF	13028	0.0690052	0.046592	-0.129086
0	1815092SFF	0	1702009_BFF	16357	0.0655988	0.0617473	-0.191244
0	1815092SFF	0	1702012_BFF	12062	0.0704692	0.0402918	-0.0939091
0	1815092SFF	0	1702013_BFF	16407	0.0675322	0.0623514	-0.186154
0	1815092SFF	0	1702014_BFF	13130	0.0699924	0.045773	-0.121675
0	1815092SFF	0	1702016_BFF	15135	0.0668649	0.060522	-0.190484
0	1815092SFF	0	1702017_BFF	13949	0.070471	0.0503979	-0.136646
0	1815092SFF	0	1702018_BFF	16442	0.0651381	0.061124	-0.183803
0	1815092SFF	0	1702019_BFF	15612	0.0668076	0.0551499	-0.156839
0	1815092SFF	0	1702020_BFF	16282	0.0630758	0.0645498	-0.2022
0	1815092SFF	0	1702022_BFF	15751	0.0671069	0.0531395	-0.153017
0	1815092SFF	0	1702024_BFF	13167	0.065087	0.0489861	-0.124421
0	1815092SFF	0	1702026_BFF	16100	0.0665839	0.0588199	-0.173551
0	1815092SFF	0	1702027_BFF	14826	0.0680561	0.0530824	-0.155656
0	1815092SFF	0	1702028_BFF	12487	0.0756787	0.0424441	-0.0960961
0	1815092SFF	0	1702029_BFF	15142	0.0791177	0.0434553	-0.13107
0	1815092SFF	0	1702031_BFF	15512	0.062081	0.0654977	-0.205927
0	1815092SFF	0	DG02_BFF	16075	0.0679938	0.0586625	-0.170244
0	1815092SFF	0	1703018_BFF	16394	0.0636208	0.0662437	-0.213585
0	1815092SFF	0	1804002BFF	12553	0.0720147	0.0418227	-0.103318
0	1815092SFF	0	1804003BFF	15484	0.0711057	0.0519246	-0.141232
0	1815092SFF	0	1804004BFF	15113	0.0696751	0.0513465	-0.141454
0	1815092SFF	0	1804005BFF	15416	0.0707706	0.0539699	-0.146377
0	1815092SFF	0	1804006BFF	15689	0.0687743	0.0562177	-0.156829
0	1815092SFF	0	1804007BFF	15353	0.0704748	0.0529538	-0.143366
0	1815092SFF	0	1804008BFF	15659	0.0677566	0.053324	-0.151215
0	1815092SFF	0	1804009BFF	15503	0.0680513	0.0550861	-0.156155
0	1815092SFF	0	1804010BFF	15793	0.0677515	0.0542645	-0.154438
0	1815092SFF	0	1804011BFF	14972	0.0682608	0.0556372	-0.154264
0	1815092SFF	0	1804013BFF	13827	0.0635713	0.0526506	-0.147364
0	1815092SFF	0	1804014BFF	14285	0.0667133	0.0549527	-0.165893
0	1815092SFF	0	1804015BFF	14848	0.0666083	0.0565733	-0.163486
0	1815092SFF	0	1804016BFF	15617	0.0665301	0.0601908	-0.176818
0	1815092SFF	0	1804017BFF	15447	0.0673917	0.0574222	-0.173071
0	1815092SFF	0	1805001BFF	14550	0.0724399	0.0454983	-0.117241
0	1815092SFF	0	1805002BFF	15473	0.0707684	0.0540296	-0.152765
0	1815092SFF	0	1805003BFF	13361	0.0711025	0.0487239	-0.131733
0	1815092SFF	0	1815076BFF_GHFF	13891	0.0704053	0.0482327	-0.127426
0	1815093BFF_SFF	0	1304001_SFF	14985	0.0684685	0.0529863	-0.13055
0	1815093BFF_SFF	0	1304004_SFF	15372	0.0688915	0.052498	-0.133824
0	1815093BFF_SFF	0	1304006_SFF	15698	0.0658046	0.056504	-0.168874
0	1815093BFF_SFF	0	1304010_SFF	9649	0.0771064	0.0363768	-0.0144702
0	1815093BFF_SFF	0	1304011_SFF	15461	0.0669426	0.0521312	-0.133622
0	1815093BFF_SFF	0	1306009_SFF	15759	0.0665017	0.0567929	-0.15538
0	1815093BFF_SFF	0	1306011_SFF	15839	0.0669866	0.0565692	-0.154292
0	1815093BFF_SFF	0	1306014_SFF	14505	0.0854878	0.0381248	0.00702623
0	1815093BFF_SFF	0	1306015_BFF	15713	0.0866162	0.0418125	0.000439147
0	1815093BFF_SFF	0	1307003_SFF	15826	0.0684317	0.0549096	-0.144891
0	1815093BFF_SFF	0	1307004_SFF	15636	0.0677923	0.0542338	-0.143057
0	1815093BFF_SFF	0	1611011_BFF	15880	0.086398	0.0421285	-0.000991326
0	1815093BFF_SFF	0	1409002_SFF	15089	0.0681291	0.0536815	-0.141291
0	1815093BFF_SFF	0	1409007_SFF	15430	0.0650032	0.0557356	-0.148265
0	1815093BFF_SFF	0	1409008_SFF	15679	0.0640347	0.0534473	-0.15707
0	1815093BFF_SFF	0	1409009_SFF	15235	0.0687233	0.0540203	-0.140891
0	1815093BFF_SFF	0	1409012_SFF	14823	0.0689469	0.0531606	-0.141738
0	1815093BFF_SFF	0	1409013_SFF	15123	0.0700258	0.0522383	-0.127627
0	1815093BFF_SFF	0	1409026_SFF	11668	0.0747343	0.0409667	-0.042889
0	1815093BFF_SFF	0	1409027_SFF	14376	0.0713689	0.049527	-0.10569
0	1815093BFF_SFF	0	1409030_SFF	15184	0.0679004	0.0510406	-0.12011
0	1815093BFF_SFF	0	1409031_SFF	14632	0.0684117	0.0512575	-0.118193
0	1815093BFF_SFF	0	1409032_SFF	15524	0.0689255	0.0568153	-0.148852
0	1815093BFF_SFF	0	1410001_SFF	14211	0.0686792	0.0492576	-0.118627
0	1815093BFF_SFF	0	1410002_SFF	14796	0.0711003	0.0486618	-0.0972391
0	1815093BFF_SFF	0	1412001_BFF	15880	0.0874685	0.0438287	-0.00313037
0	1815093BFF_SFF	0	1412006_BFF	15674	0.0888733	0.0427459	0.00569025
0	1815093BFF_SFF	0	1412010_BFF	14276	0.0933034	0.0362847	0.0310888
0	1815093BFF_SFF	0	1412014_BFF	14401	0.0929797	0.0377057	0.0251678
0	1815093BFF_SFF	0	1412024_BFF	15035	0.0905886	0.0389092	0.0228682
0	1815093BFF_SFF	0	1510003_SFF	12813	0.0687583	0.0446422	-0.082458
0	1815093BFF_SFF	0	1510004_SFF	15824	0.0716001	0.0544742	-0.114337
0	1815093BFF_SFF	0	1610001_BFF	15675	0.0844657	0.043126	-0.00371012
0	1815093BFF_SFF	0	1610002_BFF	15716	0.0872996	0.0416136	0.00337584
0	1815093BFF_SFF	0	1610012_BFF	15875	0.0873071	0.0428346	0.00170565
0	1815093BFF_SFF	0	1610013_BFF	15252	0.0892998	0.0409127	0.0111453
0	1815093BFF_SFF	0	1610015_BFF	15800	0.0859494	0.0421519	0.00135535
0	1815093BFF_SFF	0	1610016_BFF	15971	0.0850917	0.0459583	-0.0214304
0	1815093BFF_SFF	0	1610017_BFF	15971	0.0849665	0.0477115	-0.0283556
0	1815093BFF_SFF	0	1409001_SFF	15563	0.0684315	0.0541027	-0.131135
0	1815093BFF_SFF	0	1611012_BFF	14388	0.0879205	0.0383653	0.0201711
0	1815093BFF_SFF	0	1611013_BFF	11335	0.0915748	0.03176	0.0545061
0	1815093BFF_SFF	0	1611032_BFF	15468	0.0899276	0.0388544	0.0172843
0	1815093BFF_SFF	0	1702005_BFF	14956	0.105509	0.0262771	0.0526996
0	1815093BFF_SFF	0	1702006_BFF	15030	0.0924817	0.0369261	0.0309677
0	1815093BFF_SFF	0	1702007_BFF	15174	0.0885067	0.0378279	0.0239341
0	1815093BFF_SFF	0	1702008_BFF	12685	0.0936539	0.032164	0.0445682
0	1815093BFF_SFF	0	1702009_BFF	15894	0.087014	0.0425947	0.0035109
0	1815093BFF_SFF	0	1702012_BFF	11734	0.0910176	0.0281234	0.0549451
0	1815093BFF_SFF	0	1702013_BFF	15940	0.0882685	0.0432246	0.00314237
0	1815093BFF_SFF	0	1702014_BFF	12790	0.0967944	0.0303362	0.0536428
0	1815093BFF_SFF	0	1702016_BFF	14701	0.0908101	0.0414258	0.012064
0	1815093BFF_SFF	0	1702017_BFF	13550	0.0936531	0.0349815	0.0348308
0	1815093BFF_SFF	0	1702018_BFF	15976	0.0846895	0.0426264	-0.00577112
0	1815093BFF_SFF	0	1702019_BFF	15170	0.0881345	0.0379038	0.0217837
0	1815093BFF_SFF	0	1702020_BFF	15824	0.0883468	0.0422776	0.000564476
0	1815093BFF_SFF	0	1702022_BFF	15320	0.0900131	0.0374021	0.0248361
0	1815093BFF_SFF	0	1702024_BFF	12846	0.08851	0.0336291	0.0337395
0	1815093BFF_SFF	0	1702026_BFF	15660	0.0883142	0.0399745	0.0143579
0	1815093BFF_SFF	0	1702027_BFF	14440	0.0907202	0.034903	0.0298738
0	1815093BFF_SFF	0	1702028_BFF	12156	0.0939454	0.0288746	0.0516469
0	1815093BFF_SFF	0	1702029_BFF	14727	0.104774	0.0291302	0.039575
0	1815093BFF_SFF	0	1702031_BFF	15119	0.083868	0.0402804	-0.000262536
0	1815093BFF_SFF	0	DG02_BFF	15617	0.0882372	0.0393161	0.0140366
0	1815093BFF_SFF	0	1703018_BFF	15937	0.0889126	0.0454916	-0.00460494
0	1815093BFF_SFF	0	1804002BFF	12272	0.0947686	0.0261571	0.0638008
0	1815093BFF_SFF	0	1804003BFF	15077	0.0907342	0.0368774	0.0240372
0	1815093BFF_SFF	0	1804004BFF	14690	0.0884956	0.0353982	0.027668
0	1815093BFF_SFF	0	1804005BFF	15013	0.0917871	0.0382335	0.0237665
0	1815093BFF_SFF	0	1804006BFF	15261	0.0872813	0.0374812	0.0232632
0	1815093BFF_SFF	0	1804007BFF	14938	0.0897041	0.0368189	0.0225802
0	1815093BFF_SFF	0	1804008BFF	15202	0.0882779	0.0382844	0.0163819
0	1815093BFF_SFF	0	1804009BFF	15080	0.0911804	0.03813	0.0246715
0	1815093BFF_SFF	0	1804010BFF	15359	0.0879615	0.0400417	0.00964691
0	1815093BFF_SFF	0	1804011BFF	14577	0.0876038	0.0382109	0.020596
0	1815093BFF_SFF	0	1804013BFF	13477	0.0878534	0.0363582	0.0283143
0	1815093BFF_SFF	0	1804014BFF	13959	0.0908375	0.0322373	0.0452454
0	1815093BFF_SFF	0	1804015BFF	14438	0.0908021	0.037332	0.0310659
0	1815093BFF_SFF	0	1804016BFF	15199	0.0858609	0.0382262	0.0162138
0	1815093BFF_SFF	0	1804017BFF	15031	0.0914111	0.0382543	0.0223987
0	1815093BFF_SFF	0	1805001BFF	14129	0.0930002	0.0339019	0.0340566
0	1815093BFF_SFF	0	1805002BFF	15061	0.091893	0.0350574	0.0314681
0	1815093BFF_SFF	0	1805003BFF	13017	0.0939541	0.0296535	0.05716
0	1815093BFF_SFF	0	1815076BFF_GHFF	13511	0.0944416	0.032344	0.0480992
0	1815093BFF_SFF	0	1815092SFF	15171	0.0673654	0.0546437	-0.15623
0	1815094SFF	0	1304001_SFF	11069	0.086548	0.0224953	0.0723934
0	1815094SFF	0	1304004_SFF	11352	0.0853594	0.0242248	0.0596138
0	1815094SFF	0	1304006_SFF	11579	0.0840314	0.0257362	0.0403568
0	1815094SFF	0	1304010_SFF	7435	0.0906523	0.0169469	0.126052
0	1815094SFF	0	1304011_SFF	11425	0.0858643	0.0227571	0.0714577
0	1815094SFF	0	1306009_SFF	11624	0.0825877	0.023916	0.0558575
0	1815094SFF	0	1306011_SFF	11679	0.0816851	0.0261152	0.0413274
0	1815094SFF	0	1306014_SFF	10860	0.0889503	0.0239411	0.0589399
0	1815094SFF	0	1306015_BFF	11565	0.0716818	0.0453091	-0.0599743
0	1815094SFF	0	1307003_SFF	11670	0.0819195	0.0257069	0.0404427
0	1815094SFF	0	1307004_SFF	11549	0.0874535	0.0256299	0.0626257
0	1815094SFF	0	1611011_BFF	11675	0.075803	0.044197	-0.0441337
0	1815094SFF	0	1409002_SFF	11150	0.0888789	0.024574	0.0670913
0	1815094SFF	0	1409007_SFF	11391	0.0855061	0.0243174	0.0659694
0	1815094SFF	0	1409008_SFF	11563	0.0843207	0.0249935	0.0458104
0	1815094SFF	0	1409009_SFF	11232	0.0835114	0.0235043	0.0602435
0	1815094SFF	0	1409012_SFF	10980	0.0833333	0.0261384	0.0446468
0	1815094SFF	0	1409013_SFF	11180	0.0865832	0.0258497	0.05586
0	1815094SFF	0	1409026_SFF	8797	0.089235	0.0171649	0.117602
0	1815094SFF	0	1409027_SFF	10694	0.0838788	0.022162	0.071366
0	1815094SFF	0	1409030_SFF	11205	0.0815707	0.0247211	0.0499368
0	1815094SFF	0	1409031_SFF	10795	0.0867068	0.0248263	0.0668817
0	1815094SFF	0	1409032_SFF	11450	0.0862009	0.0264629	0.0506841
0	1815094SFF	0	1410001_SFF	10599	0.0857628	0.022738	0.0739329
0	1815094SFF	0	1410002_SFF	10983	0.0872257	0.0214878	0.0844792
0	1815094SFF	0	1412001_BFF	11678	0.0763829	0.0435006	-0.043494
0	1815094SFF	0	1412006_BFF	11558	0.0752725	0.04724	-0.0608034
0	1815094SFF	0	1412010_BFF	10642	0.0780868	0.0383387	-0.0286656
0	1815094SFF	0	1412014_BFF	10677	0.0824202	0.0366208	-0.012251
0	1815094SFF	0	1412024_BFF	11136	0.0732759	0.0422055	-0.0406799
0	1815094SFF	0	1510003_SFF	9561	0.0908901	0.0188265	0.107804
0	1815094SFF	0	1510004_SFF	11663	0.090457	0.0257224	0.0765868
0	1815094SFF	0	1610001_BFF	11540	0.0692374	0.0518198	-0.0990044
0	1815094SFF	0	1610002_BFF	11580	0.0677893	0.0519862	-0.0918349
0	1815094SFF	0	1610012_BFF	11679	0.0732939	0.0523161	-0.0880014
0	1815094SFF	0	1610013_BFF	11253	0.0733138	0.0472763	-0.0672895
0	1815094SFF	0	1610015_BFF	11636	0.0709007	0.0501891	-0.0866788
0	1815094SFF	0	1610016_BFF	11746	0.0684488	0.0526137	-0.0922146
0	1815094SFF	0	1610017_BFF	11755	0.0659294	0.0565717	-0.117106
0	1815094SFF	0	1409001_SFF	11494	0.0863929	0.0264486	0.0542424
0	1815094SFF	0	1611012_BFF	10725	0.0751515	0.0390676	-0.0260479
0	1815094SFF	0	1611013_BFF	8588	0.0754541	0.0351653	-0.0120436
0	1815094SFF	0	1611032_BFF	11381	0.0758281	0.0469203	-0.070333
0	1815094SFF	0	1702005_BFF	11067	0.0906298	0.0237643	0.0129344
0	1815094SFF	0	1702006_BFF	11114	0.0781897	0.0395897	-0.0288278
0	1815094SFF	0	1702007_BFF	11227	0.0743743	0.0434666	-0.0492611
0	1815094SFF	0	1702008_BFF	9423	0.0805476	0.0339595	-0.00528493
0	1815094SFF	0	1702009_BFF	11699	0.0723994	0.0466707	-0.0636775
0	1815094SFF	0	1702012_BFF	8819	0.0842499	0.0319764	0.00645712
0	1815094SFF	0	1702013_BFF	11738	0.0770148	0.0469416	-0.0585414
0	1815094SFF	0	1702014_BFF	9583	0.0792028	0.0337055	-0.0148181
0	1815094SFF	0	1702016_BFF	10912	0.0743218	0.0437133	-0.0580601
0	1815094SFF	0	1702017_BFF	10133	0.0752985	0.0402645	-0.0457627
0	1815094SFF	0	1702018_BFF	11751	0.0757382	0.0474002	-0.0620478
0	1815094SFF	0	1702019_BFF	11229	0.0755187	0.0439042	-0.0529322
0	1815094SFF	0	1702020_BFF	11645	0.072134	0.0498068	-0.073567
0	1815094SFF	0	1702022_BFF	11281	0.0756139	0.0399787	-0.0359028
0	1815094SFF	0	1702024_BFF	9704	0.075742	0.0363768	-0.0124669
0	1815094SFF	0	1702026_BFF	11508	0.0729058	0.0452729	-0.0583579
0	1815094SFF	0	1702027_BFF	10652	0.0780135	0.0378333	-0.0322289
0	1815094SFF	0	1702028_BFF	9046	0.0842361	0.0305107	0.0063276
0	1815094SFF	0	1702029_BFF	10848	0.0894174	0.0326327	-0.0191706
0	1815094SFF	0	1702031_BFF	11152	0.0741571	0.0509326	-0.0728695
0	1815094SFF	0	DG02_BFF	11501	0.0798191	0.0417355	-0.036811
0	1815094SFF	0	1703018_BFF	11711	0.0715567	0.0515754	-0.0898876
0	1815094SFF	0	1804002BFF	9263	0.0806434	0.0293641	0.00226083
0	1815094SFF	0	1804003BFF	11157	0.0795913	0.0404231	-0.0333845
0	1815094SFF	0	1804004BFF	10868	0.0817998	0.0375414	-0.0232213
0	1815094SFF	0	1804005BFF	11103	0.0811492	0.0444925	-0.0458301
0	1815094SFF	0	1804006BFF	11278	0.0759	0.0417627	-0.0384543
0	1815094SFF	0	1804007BFF	11107	0.0775187	0.0406951	-0.042594
0	1815094SFF	0	1804008BFF	11249	0.0738732	0.0398258	-0.0388826
0	1815094SFF	0	1804009BFF	11167	0.0778186	0.0445061	-0.0505964
0	1815094SFF	0	1804010BFF	11367	0.0782968	0.0450427	-0.0526562
0	1815094SFF	0	1804011BFF	10870	0.074333	0.0420423	-0.0454103
0	1815094SFF	0	1804013BFF	10066	0.07272	0.0407312	-0.0382415
0	1815094SFF	0	1804014BFF	10416	0.0758449	0.0429147	-0.0564081
0	1815094SFF	0	1804015BFF	10774	0.0728606	0.0426954	-0.0543867
0	1815094SFF	0	1804016BFF	11247	0.0728194	0.0446341	-0.0586115
0	1815094SFF	0	1804017BFF	11138	0.073981	0.0420183	-0.0540852
0	1815094SFF	0	1805001BFF	10580	0.0804348	0.0362949	-0.0225418
0	1815094SFF	0	1805002BFF	11146	0.0767989	0.0409115	-0.0456647
0	1815094SFF	0	1805003BFF	9801	0.0781553	0.0339761	-0.016129
0	1815094SFF	0	1815076BFF_GHFF	10147	0.0771657	0.0353799	-0.021028
0	1815094SFF	0	1815092SFF	11266	0.0838807	0.0248535	0.0494411
0	1815094SFF	0	1815093BFF_SFF	10984	0.0798434	0.0384195	-0.0201472
0	1815095SFF	0	1304001_SFF	15998	0.0785723	0.0340668	0.0217737
0	1815095SFF	0	1304004_SFF	16429	0.0791284	0.0335991	0.0267478
0	1815095SFF	0	1304006_SFF	16779	0.0747959	0.0359378	0.000140687
0	1815095SFF	0	1304010_SFF	10293	0.0840377	0.0251627	0.0545267
0	1815095SFF	0	1304011_SFF	16521	0.0773561	0.0342594	0.0195787
0	1815095SFF	0	1306009_SFF	16847	0.0762153	0.0352585	0.0117808
0	1815095SFF	0	1306011_SFF	16927	0.0783955	0.0381048	0.00347506
0	1815095SFF	0	1306014_SFF	15496	0.0780847	0.0360093	-0.0451771
0	1815095SFF	0	1306015_BFF	16790	0.0645622	0.0606909	-0.172567
0	1815095SFF	0	1307003_SFF	16899	0.0768093	0.0368661	0.00493421
0	1815095SFF	0	1307004_SFF	16698	0.0774344	0.0362918	0.00966584
0	1815095SFF	0	1611011_BFF	16967	0.0641245	0.0606471	-0.173857
0	1815095SFF	0	1409002_SFF	16116	0.0741499	0.0348101	0.00797333
0	1815095SFF	0	1409007_SFF	16487	0.0759993	0.0354218	0.00889854
0	1815095SFF	0	1409008_SFF	16759	0.0711856	0.0350856	-0.00731326
0	1815095SFF	0	1409009_SFF	16276	0.0752028	0.035451	0.00648415
0	1815095SFF	0	1409012_SFF	15826	0.0721597	0.0308985	0.0197998
0	1815095SFF	0	1409013_SFF	16157	0.0784799	0.0336077	0.0237889
0	1815095SFF	0	1409026_SFF	12479	0.0818175	0.0246013	0.0531466
0	1815095SFF	0	1409027_SFF	15369	0.075867	0.0322728	0.0214156
0	1815095SFF	0	1409030_SFF	16219	0.0747888	0.0336026	0.0131992
0	1815095SFF	0	1409031_SFF	15635	0.0771346	0.0322354	0.0255027
0	1815095SFF	0	1409032_SFF	16568	0.0767141	0.0347658	0.0160346
0	1815095SFF	0	1410001_SFF	15176	0.0782156	0.0328809	0.0268792
0	1815095SFF	0	1410002_SFF	15798	0.0774149	0.0295607	0.0339406
0	1815095SFF	0	1412001_BFF	16951	0.0677246	0.0621202	-0.175251
0	1815095SFF	0	1412006_BFF	16733	0.0677703	0.0614355	-0.173114
0	1815095SFF	0	1412010_BFF	15245	0.0701214	0.0520171	-0.13857
0	1815095SFF	0	1412014_BFF	15364	0.0698386	0.0516793	-0.135641
0	1815095SFF	0	1412024_BFF	16037	0.0663466	0.054499	-0.144011
0	1815095SFF	0	1510003_SFF	13653	0.0768329	0.0276862	0.0419366
0	1815095SFF	0	1510004_SFF	16911	0.0798297	0.032878	0.0178718
0	1815095SFF	0	1610001_BFF	16741	0.0625411	0.0660056	-0.206423
0	1815095SFF	0	1610002_BFF	16783	0.0600012	0.0681046	-0.217773
0	1815095SFF	0	1610012_BFF	16947	0.063374	0.0701599	-0.223467
0	1815095SFF	0	1610013_BFF	16268	0.0635604	0.0639292	-0.189115
0	1815095SFF	0	1610015_BFF	16867	0.0642082	0.068299	-0.21339
0	1815095SFF	0	1610016_BFF	17042	0.0632555	0.0712358	-0.221557
0	1815095SFF	0	1610017_BFF	17069	0.060109	0.0742281	-0.244549
0	1815095SFF	0	1409001_SFF	16637	0.0766965	0.0358839	0.0071389
0	1815095SFF	0	1611012_BFF	15329	0.0692804	0.053102	-0.13198
0	1815095SFF	0	1611013_BFF	12042	0.0675137	0.0458396	-0.103455
0	1815095SFF	0	1611032_BFF	16494	0.069116	0.0599612	-0.170591
0	1815095SFF	0	1702005_BFF	15984	0.083521	0.036474	-0.0921557
0	1815095SFF	0	1702006_BFF	16018	0.068423	0.053752	-0.142939
0	1815095SFF	0	1702007_BFF	16201	0.0666008	0.0575273	-0.161283
0	1815095SFF	0	1702008_BFF	13513	0.0708947	0.0466958	-0.1115
0	1815095SFF	0	1702009_BFF	16972	0.06605	0.0619255	-0.184382
0	1815095SFF	0	1702012_BFF	12488	0.073991	0.0441224	-0.0956314
0	1815095SFF	0	1702013_BFF	17025	0.0675477	0.0623789	-0.181481
0	1815095SFF	0	1702014_BFF	13608	0.0732657	0.0461493	-0.111149
0	1815095SFF	0	1702016_BFF	15706	0.0683178	0.0583217	-0.164791
0	1815095SFF	0	1702017_BFF	14487	0.067992	0.0525299	-0.147101
0	1815095SFF	0	1702018_BFF	17074	0.065304	0.0618484	-0.178668
0	1815095SFF	0	1702019_BFF	16173	0.0665306	0.0564521	-0.157423
0	1815095SFF	0	1702020_BFF	16891	0.0632289	0.0659523	-0.200205
0	1815095SFF	0	1702022_BFF	16332	0.0697404	0.0554127	-0.149409
0	1815095SFF	0	1702024_BFF	13678	0.0638251	0.0514695	-0.137174
0	1815095SFF	0	1702026_BFF	16709	0.0677479	0.0609851	-0.174636
0	1815095SFF	0	1702027_BFF	15377	0.0700397	0.0533264	-0.143507
0	1815095SFF	0	1702028_BFF	12930	0.0761021	0.0436195	-0.0983842
0	1815095SFF	0	1702029_BFF	15706	0.0801604	0.0434229	-0.123308
0	1815095SFF	0	1702031_BFF	16093	0.0626359	0.0649351	-0.195143
0	1815095SFF	0	DG02_BFF	16671	0.0683822	0.0571052	-0.156731
0	1815095SFF	0	1703018_BFF	17012	0.0630731	0.0675406	-0.212473
0	1815095SFF	0	1804002BFF	12949	0.0729014	0.0437099	-0.10476
0	1815095SFF	0	1804003BFF	16034	0.069415	0.0542597	-0.15042
0	1815095SFF	0	1804004BFF	15614	0.0712822	0.0538619	-0.139068
0	1815095SFF	0	1804005BFF	15941	0.069569	0.0529452	-0.139791
0	1815095SFF	0	1804006BFF	16249	0.0686811	0.057542	-0.152974
0	1815095SFF	0	1804007BFF	15896	0.0717162	0.0548566	-0.144092
0	1815095SFF	0	1804008BFF	16218	0.0686275	0.0553089	-0.151641
0	1815095SFF	0	1804009BFF	16031	0.0703013	0.0561412	-0.144774
0	1815095SFF	0	1804010BFF	16370	0.0675015	0.0565058	-0.161263
0	1815095SFF	0	1804011BFF	15491	0.0674585	0.0557098	-0.152988
0	1815095SFF	0	1804013BFF	14247	0.0667509	0.0552397	-0.147294
0	1815095SFF	0	1804014BFF	14768	0.0650054	0.0532232	-0.154923
0	1815095SFF	0	1804015BFF	15361	0.0655556	0.0593711	-0.171626
0	1815095SFF	0	1804016BFF	16188	0.0656042	0.0622683	-0.180749
0	1815095SFF	0	1804017BFF	16000	0.065375	0.058875	-0.17751
0	1815095SFF	0	1805001BFF	15018	0.0730457	0.0472766	-0.113776
0	1815095SFF	0	1805002BFF	16022	0.0705904	0.0544252	-0.147311
0	1815095SFF	0	1805003BFF	13772	0.0710137	0.0482138	-0.126747
0	1815095SFF	0	1815076BFF_GHFF	14333	0.0706063	0.0479313	-0.118195
0	1815095SFF	0	1815092SFF	16175	0.0770943	0.0338176	0.0196793
0	1815095SFF	0	1815093BFF_SFF	15691	0.0669811	0.0534701	-0.14311
0	1815095SFF	0	1815094SFF	11624	0.0854267	0.0258947	0.0529219
0	1815096SFF	0	1304001_SFF	14834	0.0773224	0.0310098	0.0334415
0	1815096SFF	0	1304004_SFF	15229	0.0796507	0.0304682	0.0392694
0	1815096SFF	0	1304006_SFF	15546	0.0756465	0.0340924	0.004914
0	1815096SFF	0	1304010_SFF	9649	0.0896466	0.0243549	0.0771429
0	1815096SFF	0	1304011_SFF	15329	0.0763259	0.0314437	0.0256038
0	1815096SFF	0	1306009_SFF	15613	0.0819189	0.0360597	0.0198471
0	1815096SFF	0	1306011_SFF	15677	0.0766728	0.0341902	0.0176952
0	1815096SFF	0	1306014_SFF	14367	0.0829679	0.0335491	-0.0175134
0	1815096SFF	0	1306015_BFF	15550	0.0700322	0.0578778	-0.139438
0	1815096SFF	0	1307003_SFF	15662	0.0763632	0.0341591	0.0111807
0	1815096SFF	0	1307004_SFF	15466	0.0795939	0.034398	0.0234537
0	1815096SFF	0	1611011_BFF	15721	0.0657083	0.0583932	-0.15414
0	1815096SFF	0	1409002_SFF	14945	0.0784878	0.0323185	0.0271603
0	1815096SFF	0	1409007_SFF	15275	0.0767921	0.0335843	0.0196915
0	1815096SFF	0	1409008_SFF	15520	0.075	0.0331186	0.00805956
0	1815096SFF	0	1409009_SFF	15082	0.0765814	0.0325554	0.0203623
0	1815096SFF	0	1409012_SFF	14694	0.0786035	0.0293317	0.0404952
0	1815096SFF	0	1409013_SFF	14986	0.0794074	0.0316962	0.0326355
0	1815096SFF	0	1409026_SFF	11630	0.0838349	0.0235598	0.0687475
0	1815096SFF	0	1409027_SFF	14245	0.0771499	0.0295542	0.0403877
0	1815096SFF	0	1409030_SFF	15060	0.0782869	0.0314077	0.0351384
0	1815096SFF	0	1409031_SFF	14507	0.0809264	0.0303991	0.0455985
0	1815096SFF	0	1409032_SFF	15355	0.0773689	0.0330837	0.0206829
0	1815096SFF	0	1410001_SFF	14097	0.0759027	0.0292261	0.0383024
0	1815096SFF	0	1410002_SFF	14645	0.0811198	0.0288153	0.0499221
0	1815096SFF	0	1412001_BFF	15705	0.0683859	0.0567335	-0.144472
0	1815096SFF	0	1412006_BFF	15490	0.0690768	0.0584893	-0.150468
0	1815096SFF	0	1412010_BFF	14143	0.0709185	0.0485046	-0.111876
0	1815096SFF	0	1412014_BFF	14251	0.0729773	0.0491194	-0.109395
0	1815096SFF	0	1412024_BFF	14875	0.0686387	0.0528403	-0.127244
0	1815096SFF	0	1510003_SFF	12676	0.0826759	0.0287157	0.0546507
0	1815096SFF	0	1510004_SFF	15663	0.0850412	0.0335185	0.0308981
0	1815096SFF	0	1610001_BFF	15495	0.0641497	0.0653114	-0.192707
0	1815096SFF	0	1610002_BFF	15537	0.0651992	0.0644269	-0.1826
0	1815096SFF	0	1610012_BFF	15695	0.0649251	0.0664543	-0.196331
0	1815096SFF	0	1610013_BFF	15085	0.0658933	0.0603911	-0.162698
0	1815096SFF	0	1610015_BFF	15625	0.065984	0.064448	-0.186391
0	1815096SFF	0	1610016_BFF	15782	0.0631732	0.0681789	-0.201407
0	1815096SFF	0	1610017_BFF	15805	0.0598545	0.0680797	-0.210383
0	1815096SFF	0	1409001_SFF	15431	0.0758862	0.0316247	0.0270747
0	1815096SFF	0	1611012_BFF	14256	0.0699355	0.0509259	-0.112129
0	1815096SFF	0	1611013_BFF	11236	0.0703097	0.0450338	-0.0942708
0	1815096SFF	0	1611032_BFF	15280	0.0714005	0.0561518	-0.139734
0	1815096SFF	0	1702005_BFF	14823	0.0837212	0.032517	-0.0697729
0	1815096SFF	0	1702006_BFF	14875	0.0699832	0.0496134	-0.117154
0	1815096SFF	0	1702007_BFF	15036	0.0696994	0.0548018	-0.135467
0	1815096SFF	0	1702008_BFF	12560	0.0704618	0.0437898	-0.0911617
0	1815096SFF	0	1702009_BFF	15721	0.0680618	0.059729	-0.161595
0	1815096SFF	0	1702012_BFF	11605	0.0762602	0.0424817	-0.0771339
0	1815096SFF	0	1702013_BFF	15775	0.0696038	0.0569889	-0.146431
0	1815096SFF	0	1702014_BFF	12646	0.0710106	0.0448363	-0.106216
0	1815096SFF	0	1702016_BFF	14559	0.0693729	0.0550862	-0.146192
0	1815096SFF	0	1702017_BFF	13426	0.069641	0.048339	-0.115059
0	1815096SFF	0	1702018_BFF	15803	0.0687211	0.0615706	-0.163221
0	1815096SFF	0	1702019_BFF	15025	0.0684193	0.0557737	-0.143072
0	1815096SFF	0	1702020_BFF	15657	0.0648272	0.0608035	-0.167928
0	1815096SFF	0	1702022_BFF	15144	0.0724379	0.0500528	-0.110748
0	1815096SFF	0	1702024_BFF	12726	0.0714286	0.0469118	-0.087128
0	1815096SFF	0	1702026_BFF	15463	0.0682274	0.0539999	-0.13292
0	1815096SFF	0	1702027_BFF	14255	0.069309	0.0494563	-0.122651
0	1815096SFF	0	1702028_BFF	12015	0.076571	0.0415314	-0.0816502
0	1815096SFF	0	1702029_BFF	14566	0.0801867	0.0406426	-0.106142
0	1815096SFF	0	1702031_BFF	14931	0.0650325	0.0624205	-0.175511
0	1815096SFF	0	DG02_BFF	15443	0.071942	0.0541993	-0.132728
0	1815096SFF	0	1703018_BFF	15750	0.0667937	0.0645079	-0.18384
0	1815096SFF	0	1804002BFF	12088	0.0768531	0.0392124	-0.0708798
0	1815096SFF	0	1804003BFF	14906	0.0735945	0.048571	-0.106012
0	1815096SFF	0	1804004BFF	14514	0.0706215	0.0520876	-0.129134
0	1815096SFF	0	1804005BFF	14837	0.0718474	0.0520995	-0.125115
0	1815096SFF	0	1804006BFF	15103	0.0685956	0.052771	-0.12616
0	1815096SFF	0	1804007BFF	14796	0.0720465	0.0500135	-0.117114
0	1815096SFF	0	1804008BFF	15065	0.0715566	0.0522403	-0.121918
0	1815096SFF	0	1804009BFF	14945	0.0718635	0.0541987	-0.128319
0	1815096SFF	0	1804010BFF	15205	0.0680697	0.053535	-0.138806
0	1815096SFF	0	1804011BFF	14418	0.0685948	0.0545845	-0.144091
0	1815096SFF	0	1804013BFF	13360	0.0670659	0.0518713	-0.127407
0	1815096SFF	0	1804014BFF	13793	0.0684405	0.0511129	-0.131557
0	1815096SFF	0	1804015BFF	14333	0.0680946	0.0550478	-0.138449
0	1815096SFF	0	1804016BFF	15054	0.0656304	0.0579912	-0.157214
0	1815096SFF	0	1804017BFF	14872	0.0702663	0.0562803	-0.150537
0	1815096SFF	0	1805001BFF	14009	0.0754515	0.0461846	-0.1027
0	1815096SFF	0	1805002BFF	14881	0.0741214	0.0499966	-0.115924
0	1815096SFF	0	1805003BFF	12940	0.0747295	0.0448223	-0.0936942
0	1815096SFF	0	1815076BFF_GHFF	13387	0.0726078	0.0459401	-0.0966179
0	1815096SFF	0	1815092SFF	15048	0.0767544	0.031765	0.0227631
0	1815096SFF	0	1815093BFF_SFF	14605	0.07114	0.0513523	-0.119978
0	1815096SFF	0	1815094SFF	10932	0.0856202	0.0239663	0.0633925
0	1815096SFF	0	1815095SFF	15572	0.0789879	0.0323016	0.0304245
0	2411005_SFF	0	1304001_SFF	15455	0.0790683	0.0345519	0.0182927
0	2411005_SFF	0	1304004_SFF	15844	0.0763696	0.0331356	0.0151917
0	2411005_SFF	0	1304006_SFF	16173	0.0784641	0.0349348	0.00696481
0	2411005_SFF	0	1304010_SFF	10053	0.086044	0.0246693	0.065411
0	2411005_SFF	0	1304011_SFF	15917	0.0779041	0.0343658	0.0100473
0	2411005_SFF	0	1306009_SFF	16221	0.0781703	0.0350163	0.0148431
0	2411005_SFF	0	1306011_SFF	16297	0.0782966	0.0356507	0.0103224
0	2411005_SFF	0	1306014_SFF	14981	0.0843735	0.0349109	-0.0159559
0	2411005_SFF	0	1306015_BFF	16168	0.0692726	0.0590673	-0.146187
0	2411005_SFF	0	1307003_SFF	16280	0.0765971	0.0363636	0.000357143
0	2411005_SFF	0	1307004_SFF	16085	0.0755362	0.0353124	0.006996
0	2411005_SFF	0	1611011_BFF	16337	0.0691681	0.060415	-0.152344
0	2411005_SFF	0	1409002_SFF	15530	0.0775918	0.0336124	0.01571
0	2411005_SFF	0	1409007_SFF	15885	0.0791942	0.0366383	0.00873268
0	2411005_SFF	0	1409008_SFF	16151	0.0774565	0.0375828	-0.00990245
0	2411005_SFF	0	1409009_SFF	15734	0.077984	0.0345748	0.00868263
0	2411005_SFF	0	1409012_SFF	15272	0.0772001	0.0327397	0.0173665
0	2411005_SFF	0	1409013_SFF	15599	0.0793	0.0329508	0.026386
0	2411005_SFF	0	1409026_SFF	12102	0.0854404	0.0259461	0.0628799
0	2411005_SFF	0	1409027_SFF	14883	0.0788819	0.0344689	0.0197592
0	2411005_SFF	0	1409030_SFF	15659	0.0784214	0.0337186	0.0217232
0	2411005_SFF	0	1409031_SFF	15100	0.082649	0.0325166	0.0385429
0	2411005_SFF	0	1409032_SFF	15997	0.077202	0.0341939	0.0125217
0	2411005_SFF	0	1410001_SFF	14650	0.0770648	0.0306485	0.0316566
0	2411005_SFF	0	1410002_SFF	15260	0.0817824	0.0313237	0.0425767
0	2411005_SFF	0	1412001_BFF	16324	0.069407	0.0603406	-0.153619
0	2411005_SFF	0	1412006_BFF	16133	0.0710345	0.0606211	-0.152561
0	2411005_SFF	0	1412010_BFF	14738	0.0716515	0.0513638	-0.122061
0	2411005_SFF	0	1412014_BFF	14851	0.072453	0.049559	-0.109846
0	2411005_SFF	0	1412024_BFF	15473	0.0694759	0.0545466	-0.123811
0	2411005_SFF	0	1510003_SFF	13219	0.079885	0.029276	0.0449341
0	2411005_SFF	0	1510004_SFF	16280	0.0851966	0.0351351	0.0257597
0	2411005_SFF	0	1610001_BFF	16133	0.0645881	0.0660757	-0.192511
0	2411005_SFF	0	1610002_BFF	16151	0.06464	0.0664355	-0.188403
0	2411005_SFF	0	1610012_BFF	16321	0.0676429	0.0670915	-0.188816
0	2411005_SFF	0	1610013_BFF	15661	0.0663431	0.061618	-0.162183
0	2411005_SFF	0	1610015_BFF	16237	0.0653446	0.0652214	-0.186257
0	2411005_SFF	0	1610016_BFF	16406	0.0645496	0.0696087	-0.201692
0	2411005_SFF	0	1610017_BFF	16425	0.0627702	0.0705632	-0.209423
0	2411005_SFF	0	1409001_SFF	16029	0.0782332	0.0328155	0.0250356
0	2411005_SFF	0	1611012_BFF	14791	0.0701102	0.0499628	-0.102852
0	2411005_SFF	0	1611013_BFF	11680	0.0731164	0.0458048	-0.0787394
0	2411005_SFF	0	1611032_BFF	15886	0.0706912	0.0604935	-0.159161
0	2411005_SFF	0	1702005_BFF	15397	0.0859908	0.034747	-0.0702541
0	2411005_SFF	0	1702006_BFF	15466	0.069184	0.0506272	-0.118692
0	2411005_SFF	0	1702007_BFF	15641	0.0694968	0.0560706	-0.138306
0	2411005_SFF	0	1702008_BFF	13076	0.0710462	0.0467268	-0.100791
0	2411005_SFF	0	1702009_BFF	16345	0.0672989	0.05855	-0.153683
0	2411005_SFF	0	1702012_BFF	12079	0.0758341	0.0437122	-0.0789425
0	2411005_SFF	0	1702013_BFF	16393	0.072836	0.0599646	-0.149205
0	2411005_SFF	0	1702014_BFF	13151	0.0723899	0.0429625	-0.0888351
0	2411005_SFF	0	1702016_BFF	15178	0.0711556	0.0576492	-0.14587
0	2411005_SFF	0	1702017_BFF	14022	0.0730994	0.0530595	-0.125883
0	2411005_SFF	0	1702018_BFF	16427	0.0669629	0.0599014	-0.155516
0	2411005_SFF	0	1702019_BFF	15614	0.0692327	0.0557833	-0.137064
0	2411005_SFF	0	1702020_BFF	16259	0.0674703	0.0639031	-0.169566
0	2411005_SFF	0	1702022_BFF	15745	0.0708796	0.0538584	-0.128726
0	2411005_SFF	0	1702024_BFF	13233	0.0706567	0.0494219	-0.0967413
0	2411005_SFF	0	1702026_BFF	16102	0.0731586	0.059061	-0.144869
0	2411005_SFF	0	1702027_BFF	14855	0.071895	0.0531807	-0.129105
0	2411005_SFF	0	1702028_BFF	12538	0.0778434	0.0410751	-0.0711215
0	2411005_SFF	0	1702029_BFF	15179	0.0778049	0.0419659	-0.114562
0	2411005_SFF	0	1702031_BFF	15513	0.0663959	0.0629794	-0.165924
0	2411005_SFF	0	DG02_BFF	16065	0.0733271	0.0588858	-0.146188
0	2411005_SFF	0	1703018_BFF	16374	0.0671186	0.0644925	-0.179128
0	2411005_SFF	0	1804002BFF	12480	0.0773237	0.0403846	-0.071598
0	2411005_SFF	0	1804003BFF	15432	0.0717341	0.0519051	-0.121868
0	2411005_SFF	0	1804004BFF	15034	0.0721697	0.050153	-0.107651
0	2411005_SFF	0	1804005BFF	15375	0.0717398	0.0537886	-0.127229
0	2411005_SFF	0	1804006BFF	15633	0.0701081	0.0545001	-0.127468
0	2411005_SFF	0	1804007BFF	15306	0.0725206	0.0515484	-0.118094
0	2411005_SFF	0	1804008BFF	15581	0.0689301	0.0527566	-0.127153
0	2411005_SFF	0	1804009BFF	15423	0.0717759	0.0558257	-0.133504
0	2411005_SFF	0	1804010BFF	15742	0.0708296	0.0530428	-0.127395
0	2411005_SFF	0	1804011BFF	14891	0.0691693	0.0540595	-0.131741
0	2411005_SFF	0	1804013BFF	13701	0.0656156	0.0536457	-0.128932
0	2411005_SFF	0	1804014BFF	14240	0.0705056	0.052177	-0.126149
0	2411005_SFF	0	1804015BFF	14790	0.0678837	0.0538201	-0.130461
0	2411005_SFF	0	1804016BFF	15557	0.0668509	0.0583017	-0.152363
0	2411005_SFF	0	1804017BFF	15408	0.0708723	0.0571132	-0.144638
0	2411005_SFF	0	1805001BFF	14435	0.0748182	0.0462071	-0.0986842
0	2411005_SFF	0	1805002BFF	15424	0.0736515	0.0523859	-0.123322
0	2411005_SFF	0	1805003BFF	13285	0.0715845	0.0439594	-0.0887179
0	2411005_SFF	0	1815076BFF_GHFF	13805	0.0722926	0.0441869	-0.0898066
0	2411005_SFF	0	1815092SFF	15556	0.0813834	0.0331062	0.0277528
0	2411005_SFF	0	1815093BFF_SFF	15114	0.0692735	0.0530634	-0.120779
0	2411005_SFF	0	1815094SFF	11191	0.084979	0.0246627	0.0634871
0	2411005_SFF	0	1815095SFF	16135	0.0751162	0.0321661	0.0173461
0	2411005_SFF	0	1815096SFF	14969	0.0798317	0.0295945	0.0426978
0	2411007_SFF	0	1304001_SFF	13359	0.0796467	0.0297178	0.0463766
0	2411007_SFF	0	1304004_SFF	13673	0.0765743	0.0310832	0.0303498
0	2411007_SFF	0	1304006_SFF	13920	0.0779454	0.0313218	0.0259246
0	2411007_SFF	0	1304010_SFF	8886	0.0863156	0.0203691	0.0858789
0	2411007_SFF	0	1304011_SFF	13708	0.0813394	0.0281587	0.0548989
0	2411007_SFF	0	1306009_SFF	13947	0.0779379	0.0316914	0.0320448
0	2411007_SFF	0	1306011_SFF	14017	0.0786188	0.0312478	0.0371867
0	2411007_SFF	0	1306014_SFF	12964	0.0814563	0.0342487	-0.0251437
0	2411007_SFF	0	1306015_BFF	13887	0.0671131	0.0553035	-0.142845
0	2411007_SFF	0	1307003_SFF	13987	0.0773575	0.0332452	0.0189777
0	2411007_SFF	0	1307004_SFF	13864	0.0793422	0.0308713	0.0386295
0	2411007_SFF	0	1611011_BFF	14052	0.0659693	0.0549388	-0.141201
0	2411007_SFF	0	1409002_SFF	13451	0.0786559	0.0315962	0.035504
0	2411007_SFF	0	1409007_SFF	13721	0.0780555	0.0317032	0.0339069
0	2411007_SFF	0	1409008_SFF	13913	0.0765471	0.0330626	0.0152091
0	2411007_SFF	0	1409009_SFF	13645	0.0765848	0.0334188	0.0176838
0	2411007_SFF	0	1409012_SFF	13230	0.0780801	0.0303099	0.0367089
0	2411007_SFF	0	1409013_SFF	13500	0.0785926	0.0292593	0.0410238
0	2411007_SFF	0	1409026_SFF	10678	0.0851283	0.0221015	0.0756491
0	2411007_SFF	0	1409027_SFF	12895	0.0801086	0.0304769	0.0430725
0	2411007_SFF	0	1409030_SFF	13517	0.0796035	0.0298883	0.0435417
0	2411007_SFF	0	1409031_SFF	13058	0.0810231	0.0300965	0.0449589
0	2411007_SFF	0	1409032_SFF	13805	0.0788845	0.0304238	0.0408215
0	2411007_SFF	0	1410001_SFF	12748	0.0802479	0.0294948	0.0476761
0	2411007_SFF	0	1410002_SFF	13224	0.0782668	0.0284332	0.048438
0	2411007_SFF	0	1412001_BFF	14017	0.0677035	0.0560034	-0.143887
0	2411007_SFF	0	1412006_BFF	13873	0.0663159	0.0554314	-0.148422
0	2411007_SFF	0	1412010_BFF	12822	0.0733115	0.0474965	-0.104241
0	2411007_SFF	0	1412014_BFF	12905	0.0709028	0.047036	-0.108591
0	2411007_SFF	0	1412024_BFF	13357	0.0694767	0.050685	-0.114805
0	2411007_SFF	0	1510003_SFF	11617	0.0824654	0.0262546	0.0589632
0	2411007_SFF	0	1510004_SFF	13991	0.0819813	0.0285898	0.0476622
0	2411007_SFF	0	1610001_BFF	13864	0.064195	0.061959	-0.182129
0	2411007_SFF	0	1610002_BFF	13903	0.0628641	0.0612817	-0.176058
0	2411007_SFF	0	1610012_BFF	14008	0.0635351	0.0623929	-0.184107
0	2411007_SFF	0	1610013_BFF	13462	0.0649235	0.0569009	-0.152391
0	2411007_SFF	0	1610015_BFF	13965	0.0643036	0.0613677	-0.178583
0	2411007_SFF	0	1610016_BFF	14099	0.0619902	0.0617065	-0.179703
0	2411007_SFF	0	1610017_BFF	14108	0.0619507	0.0662745	-0.199739
0	2411007_SFF	0	1409001_SFF	13862	0.0777666	0.029433	0.0381215
0	2411007_SFF	0	1611012_BFF	12833	0.0712226	0.0487026	-0.105074
0	2411007_SFF	0	1611013_BFF	10243	0.0712682	0.0450063	-0.0894328
0	2411007_SFF	0	1611032_BFF	13694	0.071126	0.0550606	-0.143491
0	2411007_SFF	0	1702005_BFF	13245	0.0851642	0.0299736	-0.0514472
0	2411007_SFF	0	1702006_BFF	13309	0.0673229	0.0477121	-0.114858
0	2411007_SFF	0	1702007_BFF	13487	0.0653963	0.0507155	-0.13496
0	2411007_SFF	0	1702008_BFF	11443	0.0716595	0.0454426	-0.102637
0	2411007_SFF	0	1702009_BFF	14057	0.0681511	0.0549193	-0.142553
0	2411007_SFF	0	1702012_BFF	10632	0.072611	0.0416667	-0.0899554
0	2411007_SFF	0	1702013_BFF	14074	0.068353	0.0557056	-0.147337
0	2411007_SFF	0	1702014_BFF	11520	0.0742188	0.043316	-0.0908442
0	2411007_SFF	0	1702016_BFF	13147	0.0705864	0.0548414	-0.139228
0	2411007_SFF	0	1702017_BFF	12269	0.0709919	0.0475996	-0.113378
0	2411007_SFF	0	1702018_BFF	14096	0.0652667	0.0578888	-0.156209
0	2411007_SFF	0	1702019_BFF	13459	0.071402	0.0517126	-0.121744
0	2411007_SFF	0	1702020_BFF	13957	0.0669915	0.0593251	-0.158775
0	2411007_SFF	0	1702022_BFF	13573	0.073823	0.0480365	-0.107313
0	2411007_SFF	0	1702024_BFF	11558	0.0660149	0.0434331	-0.0903395
0	2411007_SFF	0	1702026_BFF	13841	0.0697926	0.0548371	-0.137862
0	2411007_SFF	0	1702027_BFF	12830	0.0710055	0.0479345	-0.111609
0	2411007_SFF	0	1702028_BFF	10969	0.0734798	0.0386544	-0.0854266
0	2411007_SFF	0	1702029_BFF	13025	0.0831478	0.0395393	-0.0979537
0	2411007_SFF	0	1702031_BFF	13394	0.0635359	0.0605495	-0.172449
0	2411007_SFF	0	DG02_BFF	13809	0.0713303	0.0540227	-0.138397
0	2411007_SFF	0	1703018_BFF	14068	0.0642593	0.0629798	-0.188073
0	2411007_SFF	0	1804002BFF	10707	0.0736901	0.036238	-0.0634834
0	2411007_SFF	0	1804003BFF	13244	0.070296	0.0471912	-0.111538
0	2411007_SFF	0	1804004BFF	12906	0.0739191	0.046335	-0.0994126
0	2411007_SFF	0	1804005BFF	13174	0.0714286	0.0502505	-0.116777
0	2411007_SFF	0	1804006BFF	13409	0.0701767	0.0515326	-0.121832
0	2411007_SFF	0	1804007BFF	13132	0.0722662	0.047746	-0.107006
0	2411007_SFF	0	1804008BFF	13381	0.0692026	0.0461849	-0.103419
0	2411007_SFF	0	1804009BFF	13243	0.0697727	0.0497621	-0.11719
0	2411007_SFF	0	1804010BFF	13527	0.0680121	0.0493088	-0.123042
0	2411007_SFF	0	1804011BFF	12822	0.0676182	0.0488223	-0.114123
0	2411007_SFF	0	1804013BFF	11793	0.0636818	0.0492665	-0.124802
0	2411007_SFF	0	1804014BFF	12199	0.0673006	0.0487745	-0.124527
0	2411007_SFF	0	1804015BFF	12685	0.0659046	0.050611	-0.130026
0	2411007_SFF	0	1804016BFF	13401	0.0651444	0.0551451	-0.145434
0	2411007_SFF	0	1804017BFF	13218	0.0653654	0.0517476	-0.138048
0	2411007_SFF	0	1805001BFF	12402	0.0740203	0.0411224	-0.084803
0	2411007_SFF	0	1805002BFF	13234	0.0717848	0.0464712	-0.109032
0	2411007_SFF	0	1805003BFF	11410	0.0754601	0.039702	-0.0639394
0	2411007_SFF	0	1815076BFF_GHFF	11881	0.0728053	0.0425048	-0.0830093
0	2411007_SFF	0	1815092SFF	13356	0.0763702	0.0272537	0.0477657
0	2411007_SFF	0	1815093BFF_SFF	12988	0.0716816	0.0495072	-0.109624
0	2411007_SFF	0	1815094SFF	9758	0.0865956	0.0212134	0.0845307
0	2411007_SFF	0	1815095SFF	13847	0.0766231	0.0298982	0.0390756
0	2411007_SFF	0	1815096SFF	12887	0.0803911	0.0278575	0.0544267
0	2411007_SFF	0	2411005_SFF	13445	0.0823354	0.0302715	0.045188
0	2811016_SFF	0	1304001_SFF	10844	0.0954445	0.0177056	0.0823631
0	2811016_SFF	0	1304004_SFF	11089	0.0951393	0.0177654	0.0791032
0	2811016_SFF	0	1304006_SFF	11257	0.0914986	0.0187439	0.0583008
0	2811016_SFF	0	1304010_SFF	7402	0.0982167	0.0118887	0.136074
0	2811016_SFF	0	1304011_SFF	11108	0.0937162	0.0190853	0.0710493
0	2811016_SFF	0	1306009_SFF	11308	0.0945348	0.0200743	0.067623
0	2811016_SFF	0	1306011_SFF	11353	0.095041	0.021404	0.0636252
0	2811016_SFF	0	1306014_SFF	10514	0.102054	0.0184516	0.121176
0	2811016_SFF	0	1306015_BFF	11283	0.084552	0.0352743	0.012234
0	2811016_SFF	0	1307003_SFF	11338	0.0911095	0.0213442	0.0484382
0	2811016_SFF	0	1307004_SFF	11233	0.095077	0.0211876	0.0644491
0	2811016_SFF	0	1611011_BFF	11360	0.0829225	0.0360915	0.00467867
0	2811016_SFF	0	1409002_SFF	10876	0.0925892	0.0190327	0.0662904
0	2811016_SFF	0	1409007_SFF	11102	0.0941272	0.0199063	0.0725378
0	2811016_SFF	0	1409008_SFF	11263	0.0954453	0.0209536	0.061812
0	2811016_SFF	0	1409009_SFF	11014	0.0914291	0.0209733	0.0508272
0	2811016_SFF	0	1409012_SFF	10729	0.0926461	0.0179886	0.0748776
0	2811016_SFF	0	1409013_SFF	10925	0.0924485	0.0183066	0.0664683
0	2811016_SFF	0	1409026_SFF	8655	0.0985557	0.0110919	0.138131
0	2811016_SFF	0	1409027_SFF	10501	0.0975145	0.0179983	0.0887489
0	2811016_SFF	0	1409030_SFF	10964	0.0933966	0.0176943	0.0789864
0	2811016_SFF	0	1409031_SFF	10616	0.0966466	0.0178033	0.0865977
0	2811016_SFF	0	1409032_SFF	11172	0.094343	0.0203187	0.0637131
0	2811016_SFF	0	1410001_SFF	10341	0.095542	0.0168262	0.0910853
0	2811016_SFF	0	1410002_SFF	10680	0.0986891	0.0181648	0.0895652
0	2811016_SFF	0	1412001_BFF	11360	0.0840669	0.0360915	0.00490196
0	2811016_SFF	0	1412006_BFF	11223	0.0831329	0.0337699	0.0156306
0	2811016_SFF	0	1412010_BFF	10345	0.0845819	0.0290962	0.0471434
0	2811016_SFF	0	1412014_BFF	10426	0.0896796	0.0294456	0.0508666
0	2811016_SFF	0	1412024_BFF	10839	0.0885691	0.0299843	0.0433673
0	2811016_SFF	0	1510003_SFF	9449	0.0958832	0.0149222	0.104949
0	2811016_SFF	0	1510004_SFF	11337	0.100467	0.0201993	0.0909267
0	2811016_SFF	0	1610001_BFF	11224	0.0802744	0.0393799	-0.00868726
0	2811016_SFF	0	1610002_BFF	11247	0.077265	0.0391215	-0.0202654
0	2811016_SFF	0	1610012_BFF	11341	0.0795344	0.0405608	-0.0178509
0	2811016_SFF	0	1610013_BFF	10942	0.0806068	0.0349114	9.25241e-05
0	2811016_SFF	0	1610015_BFF	11282	0.0832299	0.0390002	-0.00131165
0	2811016_SFF	0	1610016_BFF	11409	0.0792357	0.0402314	-0.0220327
0	2811016_SFF	0	1610017_BFF	11407	0.0759183	0.0450601	-0.0499821
0	2811016_SFF	0	1409001_SFF	11226	0.0944237	0.019152	0.0737772
0	2811016_SFF	0	1611012_BFF	10438	0.0835409	0.0251006	0.0507359
0	2811016_SFF	0	1611013_BFF	8455	0.0887049	0.0256653	0.061544
0	2811016_SFF	0	1611032_BFF	11118	0.0873359	0.0342688	0.0297743
0	2811016_SFF	0	1702005_BFF	10751	0.101758	0.0176728	0.0917539
0	2811016_SFF	0	1702006_BFF	10790	0.0839666	0.0265987	0.0535843
0	2811016_SFF	0	1702007_BFF	10939	0.0831886	0.03099	0.0333631
0	2811016_SFF	0	1702008_BFF	9287	0.0848498	0.0227199	0.0721987
0	2811016_SFF	0	1702009_BFF	11369	0.0850559	0.0352714	0.0179739
0	2811016_SFF	0	1702012_BFF	8662	0.0892404	0.0214731	0.0875165
0	2811016_SFF	0	1702013_BFF	11394	0.0835527	0.0361594	0.0115081
0	2811016_SFF	0	1702014_BFF	9378	0.0897846	0.0252719	0.0696517
0	2811016_SFF	0	1702016_BFF	10623	0.0845336	0.0333239	0.0262724
0	2811016_SFF	0	1702017_BFF	9909	0.0847714	0.0262388	0.0585586
0	2811016_SFF	0	1702018_BFF	11424	0.0817577	0.0368522	-0.00364769
0	2811016_SFF	0	1702019_BFF	10911	0.0834937	0.032261	0.0225771
0	2811016_SFF	0	1702020_BFF	11324	0.0846874	0.0371777	0.00311056
0	2811016_SFF	0	1702022_BFF	11015	0.0879709	0.0284158	0.056039
0	2811016_SFF	0	1702024_BFF	9349	0.0823617	0.0251364	0.043794
0	2811016_SFF	0	1702026_BFF	11203	0.0888155	0.0342765	0.0288326
0	2811016_SFF	0	1702027_BFF	10422	0.0903857	0.027346	0.0658851
0	2811016_SFF	0	1702028_BFF	8940	0.0922819	0.0225951	0.0844449
0	2811016_SFF	0	1702029_BFF	10594	0.0990183	0.0228431	0.0723378
0	2811016_SFF	0	1702031_BFF	10860	0.0834254	0.0379374	-0.00119222
0	2811016_SFF	0	DG02_BFF	11197	0.0857373	0.0326873	0.0274638
0	2811016_SFF	0	1703018_BFF	11388	0.0790306	0.0388128	-0.0124343
0	2811016_SFF	0	1804002BFF	8851	0.0938877	0.0189809	0.101824
0	2811016_SFF	0	1804003BFF	10801	0.0898065	0.0292566	0.0561898
0	2811016_SFF	0	1804004BFF	10553	0.0905904	0.0289017	0.0577774
0	2811016_SFF	0	1804005BFF	10683	0.0897688	0.031171	0.0464691
0	2811016_SFF	0	1804006BFF	10904	0.0859318	0.0285216	0.0415285
0	2811016_SFF	0	1804007BFF	10696	0.0865744	0.0272064	0.0555355
0	2811016_SFF	0	1804008BFF	10886	0.0857064	0.0293956	0.042013
0	2811016_SFF	0	1804009BFF	10777	0.0856454	0.0286722	0.0466194
0	2811016_SFF	0	1804010BFF	11003	0.0838862	0.0299918	0.0392088
0	2811016_SFF	0	1804011BFF	10433	0.0839643	0.030001	0.032721
0	2811016_SFF	0	1804013BFF	9733	0.0811672	0.0284599	0.0334646
0	2811016_SFF	0	1804014BFF	10025	0.0880798	0.0280299	0.056713
0	2811016_SFF	0	1804015BFF	10383	0.0794568	0.031879	0.0160046
0	2811016_SFF	0	1804016BFF	10890	0.0787879	0.0347107	0.0025878
0	2811016_SFF	0	1804017BFF	10767	0.0836816	0.033064	0.025974
0	2811016_SFF	0	1805001BFF	10108	0.0927978	0.0252275	0.0734848
0	2811016_SFF	0	1805002BFF	10786	0.0875209	0.0304098	0.0484794
0	2811016_SFF	0	1805003BFF	9372	0.0921895	0.0252881	0.0767163
0	2811016_SFF	0	1815076BFF_GHFF	9781	0.0894592	0.0230038	0.0754641
0	2811016_SFF	0	1815092SFF	10867	0.0939542	0.0174841	0.0761873
0	2811016_SFF	0	1815093BFF_SFF	10590	0.0862134	0.0279509	0.0441566
0	2811016_SFF	0	1815094SFF	8003	0.102711	0.00949644	0.149637
0	2811016_SFF	0	1815095SFF	11250	0.0949333	0.0208	0.0622372
0	2811016_SFF	0	1815096SFF	10481	0.0965557	0.018128	0.0869996
0	2811016_SFF	0	2411005_SFF	10875	0.100966	0.0193103	0.0923707
0	2811016_SFF	0	2411007_SFF	9612	0.0954016	0.0133167	0.107073
0	2811017_SFF	0	1304001_SFF	14948	0.0760637	0.0311747	0.0296676
0	2811017_SFF	0	1304004_SFF	15318	0.0771641	0.0294425	0.0408829
0	2811017_SFF	0	1304006_SFF	15621	0.0748992	0.0347609	0.00713852
0	2811017_SFF	0	1304010_SFF	9766	0.0861151	0.0268278	0.0493827
0	2811017_SFF	0	1304011_SFF	15396	0.0778774	0.0295531	0.0421999
0	2811017_SFF	0	1306009_SFF	15668	0.0782487	0.0338269	0.0216431
0	2811017_SFF	0	1306011_SFF	15750	0.0771429	0.0349206	0.015887
0	2811017_SFF	0	1306014_SFF	14484	0.0799503	0.0336233	-0.0271913
0	2811017_SFF	0	1306015_BFF	15623	0.0685528	0.0581194	-0.151786
0	2811017_SFF	0	1307003_SFF	15728	0.0764242	0.035351	0.00960107
0	2811017_SFF	0	1307004_SFF	15556	0.0766264	0.0323991	0.024948
0	2811017_SFF	0	1611011_BFF	15800	0.0648734	0.0567089	-0.153005
0	2811017_SFF	0	1409002_SFF	15044	0.0739165	0.0336347	0.011916
0	2811017_SFF	0	1409007_SFF	15372	0.0778689	0.0348035	0.0163713
0	2811017_SFF	0	1409008_SFF	15602	0.0730676	0.0332009	0.00676507
0	2811017_SFF	0	1409009_SFF	15208	0.0758811	0.0339953	0.0127646
0	2811017_SFF	0	1409012_SFF	14808	0.0750945	0.0295111	0.0345158
0	2811017_SFF	0	1409013_SFF	15119	0.0765262	0.0313513	0.0311732
0	2811017_SFF	0	1409026_SFF	11760	0.0829932	0.0242347	0.0588779
0	2811017_SFF	0	1409027_SFF	14379	0.0749009	0.0306002	0.0304997
0	2811017_SFF	0	1409030_SFF	15147	0.0748663	0.030303	0.0297729
0	2811017_SFF	0	1409031_SFF	14620	0.0794118	0.0304378	0.0401886
0	2811017_SFF	0	1409032_SFF	15474	0.0738012	0.0328293	0.0183637
0	2811017_SFF	0	1410001_SFF	14238	0.075151	0.0302711	0.0340125
0	2811017_SFF	0	1410002_SFF	14765	0.0767355	0.0293261	0.0342952
0	2811017_SFF	0	1412001_BFF	15769	0.064557	0.0581521	-0.165544
0	2811017_SFF	0	1412006_BFF	15600	0.066859	0.0576282	-0.155381
0	2811017_SFF	0	1412010_BFF	14270	0.0693062	0.051787	-0.141059
0	2811017_SFF	0	1412014_BFF	14371	0.0704892	0.0485005	-0.11927
0	2811017_SFF	0	1412024_BFF	14947	0.0691778	0.0529872	-0.130335
0	2811017_SFF	0	1510003_SFF	12818	0.0787954	0.0280855	0.043211
0	2811017_SFF	0	1510004_SFF	15734	0.081416	0.032541	0.0228142
0	2811017_SFF	0	1610001_BFF	15585	0.0631376	0.0646776	-0.201308
0	2811017_SFF	0	1610002_BFF	15619	0.0590307	0.0634484	-0.198126
0	2811017_SFF	0	1610012_BFF	15769	0.0616399	0.0639863	-0.200437
0	2811017_SFF	0	1610013_BFF	15137	0.0638171	0.0581357	-0.16209
0	2811017_SFF	0	1610015_BFF	15694	0.0646744	0.0648018	-0.198273
0	2811017_SFF	0	1610016_BFF	15849	0.0600038	0.0664395	-0.209194
0	2811017_SFF	0	1610017_BFF	15864	0.0612078	0.0689612	-0.216691
0	2811017_SFF	0	1409001_SFF	15522	0.0770519	0.0309239	0.0323757
0	2811017_SFF	0	1611012_BFF	14344	0.0709704	0.0509621	-0.115879
0	2811017_SFF	0	1611013_BFF	11341	0.0696588	0.0424125	-0.0860741
0	2811017_SFF	0	1611032_BFF	15368	0.0687793	0.0554399	-0.151308
0	2811017_SFF	0	1702005_BFF	14874	0.0805432	0.0306575	-0.0701462
0	2811017_SFF	0	1702006_BFF	14941	0.0657252	0.050599	-0.135279
0	2811017_SFF	0	1702007_BFF	15119	0.069449	0.0527151	-0.135311
0	2811017_SFF	0	1702008_BFF	12691	0.071074	0.0447561	-0.102498
0	2811017_SFF	0	1702009_BFF	15806	0.0690244	0.0613058	-0.17203
0	2811017_SFF	0	1702012_BFF	11773	0.0726238	0.0414508	-0.0913615
0	2811017_SFF	0	1702013_BFF	15835	0.0691506	0.058036	-0.159349
0	2811017_SFF	0	1702014_BFF	12776	0.0706011	0.0462586	-0.123048
0	2811017_SFF	0	1702016_BFF	14678	0.0679248	0.0523913	-0.135312
0	2811017_SFF	0	1702017_BFF	13608	0.0705467	0.0487213	-0.123254
0	2811017_SFF	0	1702018_BFF	15862	0.0660068	0.0607742	-0.170521
0	2811017_SFF	0	1702019_BFF	15092	0.0685131	0.0526107	-0.136009
0	2811017_SFF	0	1702020_BFF	15714	0.0670103	0.0608375	-0.166276
0	2811017_SFF	0	1702022_BFF	15241	0.0696149	0.0491438	-0.118318
0	2811017_SFF	0	1702024_BFF	12808	0.0678482	0.0480949	-0.104682
0	2811017_SFF	0	1702026_BFF	15551	0.0672626	0.0535657	-0.142815
0	2811017_SFF	0	1702027_BFF	14366	0.0705833	0.050536	-0.134354
0	2811017_SFF	0	1702028_BFF	12134	0.0718642	0.0394759	-0.0929212
0	2811017_SFF	0	1702029_BFF	14651	0.0800628	0.0399973	-0.109355
0	2811017_SFF	0	1702031_BFF	15032	0.0635977	0.0633981	-0.182657
0	2811017_SFF	0	DG02_BFF	15546	0.0706291	0.0535186	-0.135383
0	2811017_SFF	0	1703018_BFF	15827	0.0628041	0.0617931	-0.189796
0	2811017_SFF	0	1804002BFF	12089	0.0732898	0.0394574	-0.0859314
0	2811017_SFF	0	1804003BFF	14930	0.0712659	0.0496316	-0.122477
0	2811017_SFF	0	1804004BFF	14537	0.0725046	0.0485657	-0.114099
0	2811017_SFF	0	1804005BFF	14847	0.0722031	0.05065	-0.121495
0	2811017_SFF	0	1804006BFF	15125	0.0672397	0.050843	-0.130651
0	2811017_SFF	0	1804007BFF	14783	0.070554	0.0501928	-0.126869
0	2811017_SFF	0	1804008BFF	15090	0.0703115	0.0500331	-0.121101
0	2811017_SFF	0	1804009BFF	14916	0.0733441	0.0532314	-0.128534
0	2811017_SFF	0	1804010BFF	15201	0.0677587	0.0519703	-0.138956
0	2811017_SFF	0	1804011BFF	14405	0.0671295	0.0506074	-0.12823
0	2811017_SFF	0	1804013BFF	13278	0.0635638	0.051815	-0.140895
0	2811017_SFF	0	1804014BFF	13768	0.0690006	0.0492446	-0.125295
0	2811017_SFF	0	1804015BFF	14307	0.0669602	0.0538897	-0.144417
0	2811017_SFF	0	1804016BFF	15055	0.0623049	0.0588509	-0.173963
0	2811017_SFF	0	1804017BFF	14891	0.0669532	0.0545967	-0.154355
0	2811017_SFF	0	1805001BFF	13974	0.0742808	0.0461571	-0.111446
0	2811017_SFF	0	1805002BFF	14897	0.0696113	0.0512184	-0.136733
0	2811017_SFF	0	1805003BFF	12856	0.0712508	0.0428594	-0.0926662
0	2811017_SFF	0	1815076BFF_GHFF	13388	0.0696146	0.0418285	-0.0875517
0	2811017_SFF	0	1815092SFF	15058	0.0758401	0.0308142	0.0298309
0	2811017_SFF	0	1815093BFF_SFF	14619	0.066694	0.0491142	-0.118894
0	2811017_SFF	0	1815094SFF	10897	0.0826833	0.0232174	0.0614416
0	2811017_SFF	0	1815095SFF	15603	0.0750497	0.0317247	0.0266607
0	2811017_SFF	0	1815096SFF	14513	0.0816509	0.0306622	0.0424784
0	2811017_SFF	0	2411005_SFF	15064	0.0801912	0.0324615	0.0297472
0	2811017_SFF	0	2411007_SFF	13011	0.0797786	0.0291292	0.0476277
0	2811017_SFF	0	2811016_SFF	10605	0.0950495	0.0173503	0.0815848
0	37685_SFF	0	1304001_SFF	16319	0.0739629	0.0373185	-0.0131502
0	37685_SFF	0	1304004_SFF	16752	0.0736032	0.0388013	-0.0173464
0	37685_SFF	0	1304006_SFF	17103	0.07525	0.0383558	-0.00399119
0	37685_SFF	0	1304010_SFF	10494	0.0850962	0.0261102	0.0455688
0	37685_SFF	0	1304011_SFF	16841	0.0745799	0.0371712	-0.00593053
0	37685_SFF	0	1306009_SFF	17177	0.0761483	0.0383653	-0.0112197
0	37685_SFF	0	1306011_SFF	17253	0.07419	0.0410363	-0.0273832
0	37685_SFF	0	1306014_SFF	15785	0.0760849	0.0372506	-0.0657618
0	37685_SFF	0	1306015_BFF	17113	0.0618828	0.0650967	-0.212514
0	37685_SFF	0	1307003_SFF	17235	0.0737453	0.040557	-0.0241427
0	37685_SFF	0	1307004_SFF	17020	0.0749119	0.0395417	-0.0189111
0	37685_SFF	0	1611011_BFF	17298	0.0628974	0.0687363	-0.226482
0	37685_SFF	0	1409002_SFF	16404	0.0765057	0.0376128	-0.00346821
0	37685_SFF	0	1409007_SFF	16798	0.0747113	0.0387546	-0.0180129
0	37685_SFF	0	1409008_SFF	17085	0.070998	0.0406204	-0.0246828
0	37685_SFF	0	1409009_SFF	16602	0.0745693	0.0386098	-0.0106005
0	37685_SFF	0	1409012_SFF	16120	0.073201	0.0355459	-0.000518058
0	37685_SFF	0	1409013_SFF	16480	0.075182	0.0378641	-0.0098222
0	37685_SFF	0	1409026_SFF	12711	0.0782787	0.0284793	0.0197242
0	37685_SFF	0	1409027_SFF	15664	0.0744382	0.0358784	-0.00576631
0	37685_SFF	0	1409030_SFF	16537	0.0758904	0.0378545	-0.013086
0	37685_SFF	0	1409031_SFF	15947	0.0739324	0.0350536	-0.00456041
0	37685_SFF	0	1409032_SFF	16907	0.0745845	0.0388005	-0.0170646
0	37685_SFF	0	1410001_SFF	15468	0.0748642	0.0371089	-0.00741198
0	37685_SFF	0	1410002_SFF	16106	0.0779834	0.0330312	0.0147873
0	37685_SFF	0	1412001_BFF	17286	0.0631147	0.0674534	-0.223153
0	37685_SFF	0	1412006_BFF	17061	0.0623058	0.0669949	-0.223379
0	37685_SFF	0	1412010_BFF	15549	0.0666281	0.05756	-0.183978
0	37685_SFF	0	1412014_BFF	15673	0.0655267	0.0567856	-0.178722
0	37685_SFF	0	1412024_BFF	16359	0.063757	0.0614341	-0.192816
0	37685_SFF	0	1510003_SFF	13910	0.0766355	0.0308411	0.0159445
0	37685_SFF	0	1510004_SFF	17237	0.0795962	0.0367233	-0.00945205
0	37685_SFF	0	1610001_BFF	17069	0.0587615	0.0743453	-0.268916
0	37685_SFF	0	1610002_BFF	17107	0.0569942	0.0745309	-0.265312
0	37685_SFF	0	1610012_BFF	17283	0.0603483	0.0775907	-0.277657
0	37685_SFF	0	1610013_BFF	16573	0.0598564	0.0696917	-0.241441
0	37685_SFF	0	1610015_BFF	17200	0.0598256	0.0744767	-0.265073
0	37685_SFF	0	1610016_BFF	17377	0.0578351	0.0773436	-0.276444
0	37685_SFF	0	1610017_BFF	17400	0.0563218	0.08	-0.291982
0	37685_SFF	0	1409001_SFF	16976	0.0742224	0.0400566	-0.0272601
0	37685_SFF	0	1611012_BFF	15611	0.0646339	0.0573954	-0.172448
0	37685_SFF	0	1611013_BFF	12259	0.0655029	0.052696	-0.145745
0	37685_SFF	0	1611032_BFF	16810	0.0649613	0.0654967	-0.218557
0	37685_SFF	0	1702005_BFF	16284	0.0783591	0.0402235	-0.135339
0	37685_SFF	0	1702006_BFF	16335	0.0629936	0.0581573	-0.187986
0	37685_SFF	0	1702007_BFF	16527	0.0640165	0.0657712	-0.216719
0	37685_SFF	0	1702008_BFF	13773	0.0682495	0.0520584	-0.15743
0	37685_SFF	0	1702009_BFF	17309	0.0625108	0.0669594	-0.225645
0	37685_SFF	0	1702012_BFF	12728	0.0703174	0.0478473	-0.131491
0	37685_SFF	0	1702013_BFF	17356	0.064531	0.0690827	-0.231343
0	37685_SFF	0	1702014_BFF	13877	0.0699719	0.0534698	-0.163772
0	37685_SFF	0	1702016_BFF	16022	0.0636	0.0624142	-0.207596
0	37685_SFF	0	1702017_BFF	14776	0.0661884	0.0575934	-0.183669
0	37685_SFF	0	1702018_BFF	17401	0.0632722	0.0690765	-0.228699
0	37685_SFF	0	1702019_BFF	16493	0.0629358	0.0617838	-0.19936
0	37685_SFF	0	1702020_BFF	17221	0.061785	0.0697404	-0.231451
0	37685_SFF	0	1702022_BFF	16649	0.0623461	0.0599435	-0.200085
0	37685_SFF	0	1702024_BFF	13935	0.0622174	0.0545389	-0.159099
0	37685_SFF	0	1702026_BFF	17040	0.0627347	0.0622653	-0.204445
0	37685_SFF	0	1702027_BFF	15686	0.0661099	0.0573123	-0.185496
0	37685_SFF	0	1702028_BFF	13177	0.0676178	0.0481141	-0.153158
0	37685_SFF	0	1702029_BFF	16024	0.0769471	0.0487394	-0.166815
0	37685_SFF	0	1702031_BFF	16412	0.0597124	0.0713502	-0.244901
0	37685_SFF	0	DG02_BFF	17001	0.0666431	0.0644668	-0.205988
0	37685_SFF	0	1703018_BFF	17347	0.0582233	0.0741915	-0.26762
0	37685_SFF	0	1804002BFF	13140	0.0697869	0.0457382	-0.130312
0	37685_SFF	0	1804003BFF	16332	0.0641073	0.0587803	-0.192843
0	37685_SFF	0	1804004BFF	15901	0.068612	0.0581096	-0.173939
0	37685_SFF	0	1804005BFF	16240	0.0670567	0.0596675	-0.185629
0	37685_SFF	0	1804006BFF	16550	0.0654381	0.060423	-0.18449
0	37685_SFF	0	1804007BFF	16181	0.0671158	0.0611211	-0.195744
0	37685_SFF	0	1804008BFF	16509	0.0653583	0.0583924	-0.181818
0	37685_SFF	0	1804009BFF	16328	0.063633	0.0591009	-0.188911
0	37685_SFF	0	1804010BFF	16662	0.064218	0.0596567	-0.190825
0	37685_SFF	0	1804011BFF	15755	0.0612504	0.0593462	-0.194827
0	37685_SFF	0	1804013BFF	14488	0.0601877	0.061085	-0.202236
0	37685_SFF	0	1804014BFF	15039	0.0641665	0.0609748	-0.200031
0	37685_SFF	0	1804015BFF	15632	0.0609007	0.060325	-0.197333
0	37685_SFF	0	1804016BFF	16481	0.0600085	0.0680177	-0.23526
0	37685_SFF	0	1804017BFF	16294	0.0612495	0.0632135	-0.217646
0	37685_SFF	0	1805001BFF	15269	0.0682428	0.0533761	-0.16553
0	37685_SFF	0	1805002BFF	16307	0.0655547	0.0584412	-0.193901
0	37685_SFF	0	1805003BFF	14012	0.0684413	0.0509563	-0.152915
0	37685_SFF	0	1815076BFF_GHFF	14577	0.0639363	0.0534404	-0.170525
0	37685_SFF	0	1815092SFF	16467	0.0746341	0.0351005	0.00619775
0	37685_SFF	0	1815093BFF_SFF	15985	0.0669378	0.0598061	-0.178645
0	37685_SFF	0	1815094SFF	11771	0.080452	0.0266757	0.0310324
0	37685_SFF	0	1815095SFF	17086	0.0733349	0.0375161	-0.0119411
0	37685_SFF	0	1815096SFF	15813	0.0774047	0.0338329	0.00964436
0	37685_SFF	0	2411005_SFF	16437	0.0756829	0.036868	-0.0114493
0	37685_SFF	0	2411007_SFF	14122	0.0788132	0.0329982	0.022039
0	37685_SFF	0	2811016_SFF	11433	0.0908773	0.0209044	0.0480688
0	37685_SFF	0	2811017_SFF	15890	0.0748899	0.0340466	0.00729104
0	37686_SFF	0	1304001_SFF	16132	0.076184	0.0362013	0.0023088
0	37686_SFF	0	1304004_SFF	16563	0.074443	0.0360442	0.00400056
0	37686_SFF	0	1304006_SFF	16910	0.074039	0.039385	-0.013831
0	37686_SFF	0	1304010_SFF	10408	0.0871445	0.0294005	0.0366941
0	37686_SFF	0	1304011_SFF	16640	0.0783053	0.0362981	0.0119514
0	37686_SFF	0	1306009_SFF	16968	0.0774988	0.0400165	-0.0105874
0	37686_SFF	0	1306011_SFF	17048	0.0775458	0.042351	-0.0210712
0	37686_SFF	0	1306014_SFF	15624	0.0794931	0.0396825	-0.0642387
0	37686_SFF	0	1306015_BFF	16900	0.0656213	0.0660355	-0.195652
0	37686_SFF	0	1307003_SFF	17024	0.076774	0.0395912	-0.00712734
0	37686_SFF	0	1307004_SFF	16820	0.0770511	0.0404281	-0.0131179
0	37686_SFF	0	1611011_BFF	17095	0.0656332	0.0675636	-0.204355
0	37686_SFF	0	1409002_SFF	16234	0.0762597	0.0378835	-0.00186997
0	37686_SFF	0	1409007_SFF	16611	0.0759136	0.0390705	-0.0110304
0	37686_SFF	0	1409008_SFF	16885	0.070003	0.0400948	-0.0274135
0	37686_SFF	0	1409009_SFF	16429	0.076511	0.0386512	-0.00233976
0	37686_SFF	0	1409012_SFF	15946	0.0762574	0.0385677	-0.00287018
0	37686_SFF	0	1409013_SFF	16309	0.077258	0.0371574	0.00221745
0	37686_SFF	0	1409026_SFF	12597	0.0795427	0.0302453	0.0189466
0	37686_SFF	0	1409027_SFF	15498	0.0765905	0.0361982	0.00241984
0	37686_SFF	0	1409030_SFF	16351	0.076876	0.038224	-0.00634265
0	37686_SFF	0	1409031_SFF	15759	0.0757662	0.0382638	-0.0070609
0	37686_SFF	0	1409032_SFF	16708	0.0752933	0.0384846	-0.00609081
0	37686_SFF	0	1410001_SFF	15304	0.0768427	0.0369185	0.00314707
0	37686_SFF	0	1410002_SFF	15938	0.079621	0.0363283	0.00646614
0	37686_SFF	0	1412001_BFF	17072	0.0640815	0.0654873	-0.20329
0	37686_SFF	0	1412006_BFF	16864	0.0645161	0.0671845	-0.208072
0	37686_SFF	0	1412010_BFF	15389	0.0695302	0.0580934	-0.174141
0	37686_SFF	0	1412014_BFF	15500	0.0687742	0.0565806	-0.165243
0	37686_SFF	0	1412024_BFF	16163	0.0655819	0.0608798	-0.177472
0	37686_SFF	0	1510003_SFF	13770	0.0791576	0.0310821	0.0266541
0	37686_SFF	0	1510004_SFF	17026	0.0783508	0.0370022	-0.00727693
0	37686_SFF	0	1610001_BFF	16866	0.0600024	0.0728092	-0.248217
0	37686_SFF	0	1610002_BFF	16902	0.0577446	0.0718258	-0.243553
0	37686_SFF	0	1610012_BFF	17077	0.0635357	0.0756573	-0.251617
0	37686_SFF	0	1610013_BFF	16379	0.0616643	0.0674644	-0.210192
0	37686_SFF	0	1610015_BFF	16999	0.0631214	0.0745338	-0.248705
0	37686_SFF	0	1610016_BFF	17168	0.0611021	0.0766542	-0.256659
0	37686_SFF	0	1610017_BFF	17197	0.0587312	0.0778624	-0.266354
0	37686_SFF	0	1409001_SFF	16777	0.074626	0.0382071	-0.0114076
0	37686_SFF	0	1611012_BFF	15449	0.0691954	0.0562496	-0.145344
0	37686_SFF	0	1611013_BFF	12150	0.0674074	0.0478189	-0.113793
0	37686_SFF	0	1611032_BFF	16615	0.067108	0.0648209	-0.199944
0	37686_SFF	0	1702005_BFF	16091	0.0815363	0.0392766	-0.114389
0	37686_SFF	0	1702006_BFF	16163	0.064592	0.0599517	-0.185371
0	37686_SFF	0	1702007_BFF	16338	0.0662872	0.0634105	-0.194255
0	37686_SFF	0	1702008_BFF	13623	0.0704691	0.0548337	-0.158551
0	37686_SFF	0	1702009_BFF	17104	0.0673527	0.0689897	-0.215934
0	37686_SFF	0	1702012_BFF	12618	0.0735457	0.0461246	-0.110845
0	37686_SFF	0	1702013_BFF	17153	0.0666356	0.0668688	-0.208266
0	37686_SFF	0	1702014_BFF	13729	0.0673028	0.0516425	-0.160572
0	37686_SFF	0	1702016_BFF	15856	0.0661579	0.0622477	-0.19068
0	37686_SFF	0	1702017_BFF	14650	0.0678498	0.0577474	-0.173961
0	37686_SFF	0	1702018_BFF	17188	0.0667908	0.0684198	-0.209241
0	37686_SFF	0	1702019_BFF	16317	0.0644726	0.0626953	-0.192966
0	37686_SFF	0	1702020_BFF	17014	0.065593	0.0675326	-0.20401
0	37686_SFF	0	1702022_BFF	16466	0.0700838	0.0609134	-0.176446
0	37686_SFF	0	1702024_BFF	13785	0.0631121	0.0562931	-0.158608
0	37686_SFF	0	1702026_BFF	16840	0.0673397	0.0643112	-0.194429
0	37686_SFF	0	1702027_BFF	15516	0.0671565	0.0569734	-0.16959
0	37686_SFF	0	1702028_BFF	13042	0.0753719	0.0478454	-0.121421
0	37686_SFF	0	1702029_BFF	15845	0.0795204	0.0478384	-0.148121
0	37686_SFF	0	1702031_BFF	16223	0.0609628	0.0704555	-0.227686
0	37686_SFF	0	DG02_BFF	16796	0.0686473	0.0628126	-0.187259
0	37686_SFF	0	1703018_BFF	17131	0.0620513	0.0720915	-0.2401
0	37686_SFF	0	1804002BFF	12968	0.0734886	0.0469618	-0.116833
0	37686_SFF	0	1804003BFF	16125	0.0687752	0.0551938	-0.155106
0	37686_SFF	0	1804004BFF	15701	0.0709509	0.0581492	-0.165828
0	37686_SFF	0	1804005BFF	16060	0.0679328	0.0607098	-0.180308
0	37686_SFF	0	1804006BFF	16354	0.0673841	0.0602911	-0.172139
0	37686_SFF	0	1804007BFF	15987	0.0673047	0.0574842	-0.170239
0	37686_SFF	0	1804008BFF	16313	0.0686569	0.0595231	-0.172531
0	37686_SFF	0	1804009BFF	16133	0.0676254	0.0596293	-0.173591
0	37686_SFF	0	1804010BFF	16461	0.0680396	0.0591702	-0.172491
0	37686_SFF	0	1804011BFF	15572	0.0647316	0.060429	-0.18208
0	37686_SFF	0	1804013BFF	14295	0.0649178	0.0596712	-0.169861
0	37686_SFF	0	1804014BFF	14842	0.0650856	0.0577415	-0.177867
0	37686_SFF	0	1804015BFF	15455	0.0642511	0.0634099	-0.195168
0	37686_SFF	0	1804016BFF	16291	0.0618747	0.0654963	-0.203944
0	37686_SFF	0	1804017BFF	16093	0.0663021	0.0638787	-0.199971
0	37686_SFF	0	1805001BFF	15087	0.0721813	0.051899	-0.141933
0	37686_SFF	0	1805002BFF	16108	0.0692823	0.0569282	-0.164589
0	37686_SFF	0	1805003BFF	13829	0.0721672	0.0510521	-0.140273
0	37686_SFF	0	1815076BFF_GHFF	14403	0.0701937	0.0527668	-0.14611
0	37686_SFF	0	1815092SFF	16267	0.0726624	0.037991	-0.00847701
0	37686_SFF	0	1815093BFF_SFF	15784	0.0677268	0.0573999	-0.16005
0	37686_SFF	0	1815094SFF	11665	0.0850407	0.0276039	0.040833
0	37686_SFF	0	1815095SFF	16874	0.0779305	0.0392912	-0.00435564
0	37686_SFF	0	1815096SFF	15634	0.0775233	0.0343482	0.0148544
0	37686_SFF	0	2411005_SFF	16253	0.0786316	0.0382699	-0.00422031
0	37686_SFF	0	2411007_SFF	13963	0.0799971	0.0338036	0.0243207
0	37686_SFF	0	2811016_SFF	11300	0.0951327	0.0227434	0.0519086
0	37686_SFF	0	2811017_SFF	15714	0.0767468	0.0353188	0.0132822
0	37686_SFF	0	37685_SFF	17205	0.0775937	0.0381285	-0.00191414
0	37687_SFF	0	1304001_SFF	16286	0.0742969	0.0390519	-0.0261905
0	37687_SFF	0	1304004_SFF	16731	0.0719622	0.0380133	-0.0200918
0	37687_SFF	0	1304006_SFF	17072	0.0711106	0.043463	-0.0436284
0	37687_SFF	0	1304010_SFF	10464	0.0808486	0.0287653	0.0186971
0	37687_SFF	0	1304011_SFF	16811	0.0737017	0.0372375	-0.0125324
0	37687_SFF	0	1306009_SFF	17145	0.0722076	0.0415281	-0.0402727
0	37687_SFF	0	1306011_SFF	17222	0.0751945	0.0434909	-0.0428092
0	37687_SFF	0	1306014_SFF	15767	0.078011	0.0422401	-0.090367
0	37687_SFF	0	1306015_BFF	17077	0.0645898	0.069333	-0.234261
0	37687_SFF	0	1307003_SFF	17204	0.0721925	0.0431876	-0.0452128
0	37687_SFF	0	1307004_SFF	16978	0.0728001	0.0417599	-0.041976
0	37687_SFF	0	1611011_BFF	17264	0.0634847	0.0671918	-0.227001
0	37687_SFF	0	1409002_SFF	16378	0.0723532	0.0395653	-0.0285841
0	37687_SFF	0	1409007_SFF	16769	0.0756754	0.0400143	-0.0261194
0	37687_SFF	0	1409008_SFF	17057	0.0710559	0.0402181	-0.0272138
0	37687_SFF	0	1409009_SFF	16576	0.0718509	0.0402389	-0.0291304
0	37687_SFF	0	1409012_SFF	16103	0.0719742	0.0373222	-0.0169184
0	37687_SFF	0	1409013_SFF	16450	0.0708207	0.0372644	-0.0231905
0	37687_SFF	0	1409026_SFF	12684	0.0781299	0.0281457	0.0201785
0	37687_SFF	0	1409027_SFF	15633	0.074202	0.0373569	-0.0168574
0	37687_SFF	0	1409030_SFF	16504	0.0755574	0.0382937	-0.0203812
0	37687_SFF	0	1409031_SFF	15911	0.076048	0.0388411	-0.0218721
0	37687_SFF	0	1409032_SFF	16873	0.072779	0.0417827	-0.0391764
0	37687_SFF	0	1410001_SFF	15433	0.072183	0.0358323	-0.0115215
0	37687_SFF	0	1410002_SFF	16080	0.0754353	0.0356965	-0.0101139
0	37687_SFF	0	1412001_BFF	17252	0.0615581	0.0686297	-0.241027
0	37687_SFF	0	1412006_BFF	17031	0.0631789	0.0681111	-0.233394
0	37687_SFF	0	1412010_BFF	15523	0.0653224	0.0590736	-0.20121
0	37687_SFF	0	1412014_BFF	15636	0.0668969	0.0586467	-0.195122
0	37687_SFF	0	1412024_BFF	16321	0.0643343	0.0612095	-0.200885
0	37687_SFF	0	1510003_SFF	13889	0.0769674	0.0335517	0.000264831
0	37687_SFF	0	1510004_SFF	17204	0.0792258	0.0406882	-0.0333753
0	37687_SFF	0	1610001_BFF	17034	0.0611131	0.0747916	-0.27331
0	37687_SFF	0	1610002_BFF	17075	0.0573353	0.0748463	-0.277598
0	37687_SFF	0	1610012_BFF	17242	0.0581139	0.0732514	-0.273594
0	37687_SFF	0	1610013_BFF	16540	0.058948	0.0695889	-0.248337
0	37687_SFF	0	1610015_BFF	17168	0.0608108	0.0757805	-0.277824
0	37687_SFF	0	1610016_BFF	17348	0.0575859	0.0767235	-0.285208
0	37687_SFF	0	1610017_BFF	17367	0.0576956	0.0804975	-0.302752
0	37687_SFF	0	1409001_SFF	16932	0.0747697	0.0393338	-0.0266942
0	37687_SFF	0	1611012_BFF	15595	0.0643155	0.0591856	-0.188097
0	37687_SFF	0	1611013_BFF	12227	0.0657561	0.0525885	-0.152991
0	37687_SFF	0	1611032_BFF	16787	0.0636802	0.0661226	-0.23455
0	37687_SFF	0	1702005_BFF	16257	0.0802731	0.041336	-0.144612
0	37687_SFF	0	1702006_BFF	16311	0.0609405	0.058856	-0.204953
0	37687_SFF	0	1702007_BFF	16496	0.0620757	0.0631668	-0.22086
0	37687_SFF	0	1702008_BFF	13748	0.0656823	0.055208	-0.184744
0	37687_SFF	0	1702009_BFF	17275	0.0632127	0.0680174	-0.240411
0	37687_SFF	0	1702012_BFF	12706	0.069416	0.0483236	-0.147036
0	37687_SFF	0	1702013_BFF	17330	0.0624351	0.0684362	-0.243136
0	37687_SFF	0	1702014_BFF	13835	0.068305	0.0531261	-0.174543
0	37687_SFF	0	1702016_BFF	16005	0.0634177	0.0657295	-0.232406
0	37687_SFF	0	1702017_BFF	14743	0.0664044	0.0606389	-0.206891
0	37687_SFF	0	1702018_BFF	17367	0.0630506	0.0707088	-0.247295
0	37687_SFF	0	1702019_BFF	16464	0.063654	0.0643222	-0.222108
0	37687_SFF	0	1702020_BFF	17192	0.0611913	0.0709632	-0.251896
0	37687_SFF	0	1702022_BFF	16628	0.0630262	0.0633871	-0.223856
0	37687_SFF	0	1702024_BFF	13905	0.0618483	0.0570298	-0.175523
0	37687_SFF	0	1702026_BFF	17004	0.0649259	0.0678076	-0.23502
0	37687_SFF	0	1702027_BFF	15641	0.0652132	0.0620804	-0.219079
0	37687_SFF	0	1702028_BFF	13155	0.0719878	0.0473584	-0.141661
0	37687_SFF	0	1702029_BFF	15995	0.0745233	0.0490153	-0.185536
0	37687_SFF	0	1702031_BFF	16388	0.0591897	0.0707225	-0.250073
0	37687_SFF	0	DG02_BFF	16963	0.0676178	0.0658492	-0.220023
0	37687_SFF	0	1703018_BFF	17308	0.0586434	0.0730298	-0.271667
0	37687_SFF	0	1804002BFF	13135	0.0695089	0.0484964	-0.151591
0	37687_SFF	0	1804003BFF	16304	0.0672228	0.0576546	-0.185425
0	37687_SFF	0	1804004BFF	15870	0.0677379	0.0603655	-0.19561
0	37687_SFF	0	1804005BFF	16222	0.0678708	0.0624461	-0.205307
0	37687_SFF	0	1804006BFF	16514	0.0632796	0.0627952	-0.212373
0	37687_SFF	0	1804007BFF	16147	0.0660804	0.0611259	-0.205804
0	37687_SFF	0	1804008BFF	16474	0.064708	0.0613087	-0.208272
0	37687_SFF	0	1804009BFF	16298	0.0646705	0.0614799	-0.208408
0	37687_SFF	0	1804010BFF	16634	0.0615005	0.0619214	-0.21931
0	37687_SFF	0	1804011BFF	15732	0.0616578	0.0625477	-0.221811
0	37687_SFF	0	1804013BFF	14463	0.0607758	0.063334	-0.220866
0	37687_SFF	0	1804014BFF	15007	0.0607716	0.0599054	-0.218101
0	37687_SFF	0	1804015BFF	15613	0.059886	0.0631525	-0.22401
0	37687_SFF	0	1804016BFF	16449	0.0600644	0.0680892	-0.244213
0	37687_SFF	0	1804017BFF	16259	0.0619964	0.0669783	-0.241011
0	37687_SFF	0	1805001BFF	15249	0.0662994	0.0544954	-0.188019
0	37687_SFF	0	1805002BFF	16280	0.0660319	0.0591523	-0.201795
0	37687_SFF	0	1805003BFF	13988	0.0687732	0.052688	-0.164624
0	37687_SFF	0	1815076BFF_GHFF	14552	0.0680319	0.0537383	-0.166777
0	37687_SFF	0	1815092SFF	16428	0.0704285	0.0362187	-0.0136966
0	37687_SFF	0	1815093BFF_SFF	15955	0.0649953	0.0599812	-0.194068
0	37687_SFF	0	1815094SFF	11750	0.078383	0.0283404	0.00689358
0	37687_SFF	0	1815095SFF	17048	0.0738503	0.037893	-0.0179232
0	37687_SFF	0	1815096SFF	15783	0.0769182	0.0372553	-0.0100306
0	37687_SFF	0	2411005_SFF	16410	0.0756246	0.0389397	-0.0253548
0	37687_SFF	0	2411007_SFF	14106	0.0749327	0.0354459	-0.00734266
0	37687_SFF	0	2811016_SFF	11420	0.0878284	0.0203152	0.0376683
0	37687_SFF	0	2811017_SFF	15868	0.0725989	0.0357953	-0.0114439
0	37687_SFF	0	37685_SFF	17385	0.0738568	0.041415	-0.0266031
0	37687_SFF	0	37686_SFF	17172	0.0752388	0.0384347	-0.01385
0	37689_SFF	0	1304001_SFF	16318	0.0729869	0.0390979	-0.0281398
0	37689_SFF	0	1304004_SFF	16744	0.0733994	0.0398352	-0.0234286
0	37689_SFF	0	1304006_SFF	17101	0.0739723	0.0403485	-0.0187326
0	37689_SFF	0	1304010_SFF	10484	0.0826974	0.0290919	0.019258
0	37689_SFF	0	1304011_SFF	16833	0.0731302	0.036773	-0.0095496
0	37689_SFF	0	1306009_SFF	17174	0.0740654	0.0404681	-0.028627
0	37689_SFF	0	1306011_SFF	17250	0.0736232	0.0413333	-0.0334302
0	37689_SFF	0	1306014_SFF	15786	0.0781072	0.0414925	-0.0845745
0	37689_SFF	0	1306015_BFF	17108	0.0646481	0.0681552	-0.223001
0	37689_SFF	0	1307003_SFF	17227	0.0729088	0.0416788	-0.0346507
0	37689_SFF	0	1307004_SFF	17018	0.0736867	0.0401927	-0.0275828
0	37689_SFF	0	1611011_BFF	17296	0.0626156	0.0702475	-0.237445
0	37689_SFF	0	1409002_SFF	16403	0.0724258	0.0407243	-0.0303896
0	37689_SFF	0	1409007_SFF	16797	0.073525	0.0414955	-0.0345609
0	37689_SFF	0	1409008_SFF	17082	0.0728837	0.0415057	-0.0259749
0	37689_SFF	0	1409009_SFF	16597	0.0730252	0.0387419	-0.0172811
0	37689_SFF	0	1409012_SFF	16119	0.0720888	0.0388362	-0.0212511
0	37689_SFF	0	1409013_SFF	16479	0.0726379	0.0391407	-0.0252768
0	37689_SFF	0	1409026_SFF	12722	0.0783682	0.0271184	0.0265079
0	37689_SFF	0	1409027_SFF	15655	0.0721814	0.0366017	-0.0181495
0	37689_SFF	0	1409030_SFF	16530	0.0748336	0.0382335	-0.0171816
0	37689_SFF	0	1409031_SFF	15941	0.0780378	0.0377015	-0.00794841
0	37689_SFF	0	1409032_SFF	16898	0.072908	0.0399456	-0.0276677
0	37689_SFF	0	1410001_SFF	15463	0.0737244	0.0367328	-0.0105634
0	37689_SFF	0	1410002_SFF	16117	0.0749519	0.0380344	-0.0204112
0	37689_SFF	0	1412001_BFF	17275	0.064602	0.0679016	-0.226578
0	37689_SFF	0	1412006_BFF	17063	0.0622399	0.0671043	-0.23028
0	37689_SFF	0	1412010_BFF	15548	0.0659249	0.0578853	-0.186397
0	37689_SFF	0	1412014_BFF	15667	0.0675943	0.0577647	-0.183541
0	37689_SFF	0	1412024_BFF	16351	0.0681915	0.063727	-0.196232
0	37689_SFF	0	1510003_SFF	13905	0.0755124	0.0331535	0.00286957
0	37689_SFF	0	1510004_SFF	17239	0.0780788	0.0376472	-0.0182069
0	37689_SFF	0	1610001_BFF	17062	0.059782	0.076896	-0.283744
0	37689_SFF	0	1610002_BFF	17105	0.0591055	0.0742473	-0.264649
0	37689_SFF	0	1610012_BFF	17279	0.0609989	0.076972	-0.277496
0	37689_SFF	0	1610013_BFF	16573	0.0595547	0.0691486	-0.242098
0	37689_SFF	0	1610015_BFF	17199	0.0583755	0.0754114	-0.277431
0	37689_SFF	0	1610016_BFF	17378	0.0577167	0.0792957	-0.29169
0	37689_SFF	0	1610017_BFF	17396	0.0576569	0.0800184	-0.296121
0	37689_SFF	0	1409001_SFF	16961	0.0749956	0.0422735	-0.0366555
0	37689_SFF	0	1611012_BFF	15625	0.065664	0.06048	-0.190009
0	37689_SFF	0	1611013_BFF	12264	0.0666177	0.0547945	-0.165905
0	37689_SFF	0	1611032_BFF	16810	0.0632362	0.0659726	-0.230267
0	37689_SFF	0	1702005_BFF	16284	0.0771923	0.0415746	-0.148115
0	37689_SFF	0	1702006_BFF	16340	0.0638311	0.0607099	-0.205443
0	37689_SFF	0	1702007_BFF	16525	0.0620272	0.0631165	-0.215071
0	37689_SFF	0	1702008_BFF	13762	0.0677954	0.0534806	-0.167394
0	37689_SFF	0	1702009_BFF	17310	0.0630272	0.0671288	-0.229942
0	37689_SFF	0	1702012_BFF	12738	0.0693986	0.0500079	-0.150471
0	37689_SFF	0	1702013_BFF	17357	0.064124	0.0698277	-0.242368
0	37689_SFF	0	1702014_BFF	13856	0.0687789	0.0529734	-0.169077
0	37689_SFF	0	1702016_BFF	16016	0.0654346	0.0646853	-0.216969
0	37689_SFF	0	1702017_BFF	14779	0.0681372	0.058326	-0.18746
0	37689_SFF	0	1702018_BFF	17398	0.0654673	0.0711001	-0.238898
0	37689_SFF	0	1702019_BFF	16487	0.0647783	0.06308	-0.205683
0	37689_SFF	0	1702020_BFF	17229	0.0615822	0.0711591	-0.242702
0	37689_SFF	0	1702022_BFF	16655	0.0658661	0.0623837	-0.207523
0	37689_SFF	0	1702024_BFF	13910	0.0641984	0.0569375	-0.175035
0	37689_SFF	0	1702026_BFF	17036	0.06363	0.0641583	-0.216173
0	37689_SFF	0	1702027_BFF	15685	0.0668792	0.0605037	-0.204169
0	37689_SFF	0	1702028_BFF	13173	0.0718136	0.0503302	-0.152408
0	37689_SFF	0	1702029_BFF	16027	0.0765583	0.0489798	-0.171324
0	37689_SFF	0	1702031_BFF	16408	0.0610068	0.0737445	-0.258879
0	37689_SFF	0	DG02_BFF	16992	0.0654426	0.0658545	-0.22262
0	37689_SFF	0	1703018_BFF	17344	0.058464	0.0752422	-0.278487
0	37689_SFF	0	1804002BFF	13156	0.069322	0.048495	-0.151905
0	37689_SFF	0	1804003BFF	16330	0.0674832	0.0594611	-0.194869
0	37689_SFF	0	1804004BFF	15895	0.0683234	0.0592639	-0.190181
0	37689_SFF	0	1804005BFF	16248	0.0665313	0.0629	-0.208137
0	37689_SFF	0	1804006BFF	16540	0.0645707	0.0616687	-0.199784
0	37689_SFF	0	1804007BFF	16186	0.0669097	0.0599283	-0.19745
0	37689_SFF	0	1804008BFF	16502	0.0684765	0.0628409	-0.202157
0	37689_SFF	0	1804009BFF	16322	0.0627374	0.0626149	-0.212057
0	37689_SFF	0	1804010BFF	16669	0.0658108	0.0627512	-0.210765
0	37689_SFF	0	1804011BFF	15747	0.06071	0.0650283	-0.227899
0	37689_SFF	0	1804013BFF	14484	0.0616542	0.0616542	-0.205467
0	37689_SFF	0	1804014BFF	15025	0.0616306	0.0601664	-0.213205
0	37689_SFF	0	1804015BFF	15642	0.0622043	0.062524	-0.21045
0	37689_SFF	0	1804016BFF	16482	0.061461	0.0698338	-0.244923
0	37689_SFF	0	1804017BFF	16289	0.0615139	0.0661796	-0.239384
0	37689_SFF	0	1805001BFF	15277	0.0672252	0.05289	-0.171723
0	37689_SFF	0	1805002BFF	16311	0.06701	0.0619827	-0.208541
0	37689_SFF	0	1805003BFF	14006	0.0691846	0.0517635	-0.162631
0	37689_SFF	0	1815076BFF_GHFF	14575	0.0666209	0.0538593	-0.167787
0	37689_SFF	0	1815092SFF	16459	0.0726654	0.0389453	-0.0200468
0	37689_SFF	0	1815093BFF_SFF	15989	0.0642942	0.0600413	-0.193556
0	37689_SFF	0	1815094SFF	11774	0.0773739	0.0292169	0.00181391
0	37689_SFF	0	1815095SFF	17077	0.0747789	0.0385314	-0.0143734
0	37689_SFF	0	1815096SFF	15825	0.0746919	0.0365245	-0.010249
0	37689_SFF	0	2411005_SFF	16436	0.075505	0.0365052	-0.0107998
0	37689_SFF	0	2411007_SFF	14119	0.0734471	0.0332885	0.00335744
0	37689_SFF	0	2811016_SFF	11431	0.0867816	0.0238824	0.0174772
0	37689_SFF	0	2811017_SFF	15880	0.0741184	0.0379723	-0.0146345
0	37689_SFF	0	37685_SFF	17411	0.0736316	0.0378496	-0.00676969
0	37689_SFF	0	37686_SFF	17205	0.0775937	0.0379541	-0.004242
0	37689_SFF	0	37687_SFF	17377	0.0760776	0.0424699	-0.0234332
0	37690_SFF	0	1304001_SFF	15760	0.0757614	0.0362944	-0.00119868
0	37690_SFF	0	1304004_SFF	16170	0.0752628	0.0392703	-0.0114365
0	37690_SFF	0	1304006_SFF	16491	0.0729489	0.0380814	-0.00830946
0	37690_SFF	0	1304010_SFF	10205	0.0819206	0.0252817	0.0415085
0	37690_SFF	0	1304011_SFF	16254	0.0775194	0.0349452	0.0141813
0	37690_SFF	0	1306009_SFF	16560	0.0771135	0.0376812	-0.0029855
0	37690_SFF	0	1306011_SFF	16624	0.0744105	0.0385587	-0.0150499
0	37690_SFF	0	1306014_SFF	15266	0.078475	0.0398926	-0.0718721
0	37690_SFF	0	1306015_BFF	16490	0.0649485	0.0674348	-0.213399
0	37690_SFF	0	1307003_SFF	16617	0.0741409	0.0409219	-0.0233466
0	37690_SFF	0	1307004_SFF	16409	0.0757511	0.041136	-0.0234104
0	37690_SFF	0	1611011_BFF	16671	0.0640034	0.0677824	-0.220198
0	37690_SFF	0	1409002_SFF	15859	0.0752254	0.0382117	-0.00810811
0	37690_SFF	0	1409007_SFF	16206	0.0755276	0.0359743	-0.00043554
0	37690_SFF	0	1409008_SFF	16481	0.0733572	0.0399854	-0.0157548
0	37690_SFF	0	1409009_SFF	16039	0.073446	0.0376582	-0.00655955
0	37690_SFF	0	1409012_SFF	15596	0.0742498	0.0352013	0.0031461
0	37690_SFF	0	1409013_SFF	15911	0.0727798	0.0363899	-0.00595948
0	37690_SFF	0	1409026_SFF	12323	0.0795261	0.0278341	0.0270297
0	37690_SFF	0	1409027_SFF	15141	0.076349	0.0358629	7.86411e-05
0	37690_SFF	0	1409030_SFF	15954	0.0779115	0.0359158	0.00407891
0	37690_SFF	0	1409031_SFF	15378	0.0783587	0.0379763	-0.00603902
0	37690_SFF	0	1409032_SFF	16315	0.0731229	0.0373276	-0.0100842
0	37690_SFF	0	1410001_SFF	14963	0.0749181	0.0343514	0.00896256
0	37690_SFF	0	1410002_SFF	15553	0.0779914	0.0357487	0.00121951
0	37690_SFF	0	1412001_BFF	16655	0.0631042	0.0648454	-0.207207
0	37690_SFF	0	1412006_BFF	16445	0.0645181	0.0659167	-0.2145
0	37690_SFF	0	1412010_BFF	15030	0.067332	0.0578842	-0.179074
0	37690_SFF	0	1412014_BFF	15135	0.0667327	0.0570862	-0.178171
0	37690_SFF	0	1412024_BFF	15788	0.0644794	0.0605523	-0.185105
0	37690_SFF	0	1510003_SFF	13473	0.0768203	0.0338455	0.00727725
0	37690_SFF	0	1510004_SFF	16615	0.079988	0.0382185	-0.013128
0	37690_SFF	0	1610001_BFF	16455	0.061258	0.0740808	-0.257284
0	37690_SFF	0	1610002_BFF	16494	0.0574148	0.0725112	-0.2573
0	37690_SFF	0	1610012_BFF	16654	0.0612465	0.0742164	-0.258941
0	37690_SFF	0	1610013_BFF	15985	0.0606193	0.0689396	-0.229277
0	37690_SFF	0	1610015_BFF	16585	0.0602954	0.0731987	-0.25681
0	37690_SFF	0	1610016_BFF	16746	0.0601338	0.0748238	-0.257867
0	37690_SFF	0	1610017_BFF	16769	0.0573678	0.0768084	-0.274236
0	37690_SFF	0	1409001_SFF	16366	0.0777832	0.0395943	-0.0136859
0	37690_SFF	0	1611012_BFF	15099	0.0629843	0.0574873	-0.173322
0	37690_SFF	0	1611013_BFF	11840	0.0660473	0.053125	-0.152846
0	37690_SFF	0	1611032_BFF	16234	0.0665886	0.0657263	-0.212601
0	37690_SFF	0	1702005_BFF	15700	0.0783439	0.0395541	-0.127227
0	37690_SFF	0	1702006_BFF	15783	0.0650067	0.0582906	-0.182495
0	37690_SFF	0	1702007_BFF	15946	0.0647811	0.0609557	-0.191224
0	37690_SFF	0	1702008_BFF	13339	0.0687458	0.0536022	-0.160231
0	37690_SFF	0	1702009_BFF	16695	0.0622342	0.0674453	-0.226896
0	37690_SFF	0	1702012_BFF	12339	0.0690494	0.0476538	-0.135941
0	37690_SFF	0	1702013_BFF	16722	0.0644062	0.0676355	-0.224121
0	37690_SFF	0	1702014_BFF	13421	0.0713062	0.052008	-0.14977
0	37690_SFF	0	1702016_BFF	15488	0.0650826	0.0632102	-0.20507
0	37690_SFF	0	1702017_BFF	14295	0.0675061	0.0578524	-0.182202
0	37690_SFF	0	1702018_BFF	16766	0.0608971	0.0665036	-0.220778
0	37690_SFF	0	1702019_BFF	15921	0.0656994	0.0629357	-0.197318
0	37690_SFF	0	1702020_BFF	16596	0.0617619	0.0675464	-0.221931
0	37690_SFF	0	1702022_BFF	16063	0.0663637	0.0594534	-0.188545
0	37690_SFF	0	1702024_BFF	13464	0.0642454	0.0548128	-0.156877
0	37690_SFF	0	1702026_BFF	16432	0.0648734	0.0641431	-0.2072
0	37690_SFF	0	1702027_BFF	15128	0.0680857	0.0603517	-0.193032
0	37690_SFF	0	1702028_BFF	12750	0.069098	0.0468235	-0.139035
0	37690_SFF	0	1702029_BFF	15465	0.0766893	0.0472034	-0.154537
0	37690_SFF	0	1702031_BFF	15847	0.0605793	0.0725058	-0.247923
0	37690_SFF	0	DG02_BFF	16392	0.0665569	0.0628965	-0.198508
0	37690_SFF	0	1703018_BFF	16706	0.0596792	0.0730875	-0.25767
0	37690_SFF	0	1804002BFF	12716	0.0708556	0.0454545	-0.12636
0	37690_SFF	0	1804003BFF	15750	0.0689524	0.0570159	-0.168657
0	37690_SFF	0	1804004BFF	15354	0.0659763	0.0586818	-0.18436
0	37690_SFF	0	1804005BFF	15686	0.0675124	0.059671	-0.184218
0	37690_SFF	0	1804006BFF	15962	0.0658439	0.0602055	-0.181237
0	37690_SFF	0	1804007BFF	15607	0.0663164	0.0586275	-0.181764
0	37690_SFF	0	1804008BFF	15912	0.0671192	0.0598291	-0.185259
0	37690_SFF	0	1804009BFF	15746	0.0650959	0.0595707	-0.182727
0	37690_SFF	0	1804010BFF	16078	0.0659908	0.0600199	-0.188725
0	37690_SFF	0	1804011BFF	15202	0.0632154	0.0605841	-0.193561
0	37690_SFF	0	1804013BFF	14006	0.0641154	0.0606883	-0.187015
0	37690_SFF	0	1804014BFF	14521	0.0662489	0.0592246	-0.185374
0	37690_SFF	0	1804015BFF	15082	0.0625912	0.0621933	-0.200847
0	37690_SFF	0	1804016BFF	15887	0.0608674	0.0676024	-0.228739
0	37690_SFF	0	1804017BFF	15720	0.0639313	0.0636768	-0.213974
0	37690_SFF	0	1805001BFF	14736	0.0694218	0.0532709	-0.160938
0	37690_SFF	0	1805002BFF	15725	0.0666455	0.0576153	-0.180099
0	37690_SFF	0	1805003BFF	13539	0.0680996	0.0500037	-0.148305
0	37690_SFF	0	1815076BFF_GHFF	14069	0.0684484	0.0525268	-0.150855
0	37690_SFF	0	1815092SFF	15886	0.0744681	0.0348735	0.00989878
0	37690_SFF	0	1815093BFF_SFF	15428	0.0637153	0.0586596	-0.180856
0	37690_SFF	0	1815094SFF	11411	0.0810621	0.027342	0.0290377
0	37690_SFF	0	1815095SFF	16460	0.0729648	0.0380923	-0.01278
0	37690_SFF	0	1815096SFF	15272	0.0751702	0.0346386	0.00526642
0	37690_SFF	0	2411005_SFF	15879	0.0763272	0.0360854	-0.00223414
0	37690_SFF	0	2411007_SFF	13676	0.074437	0.0329044	0.0126493
0	37690_SFF	0	2811016_SFF	11055	0.0929896	0.0214383	0.0530799
0	37690_SFF	0	2811017_SFF	15354	0.0760063	0.035691	0.00403476
0	37690_SFF	0	37685_SFF	16782	0.0736503	0.0372423	-0.00359459
0	37690_SFF	0	37686_SFF	16600	0.0779518	0.0383735	0.000213493
0	37690_SFF	0	37687_SFF	16765	0.0740829	0.0390695	-0.0175934
0	37690_SFF	0	37689_SFF	16782	0.0766893	0.0375998	-0.000427838
0	37695_SFF	0	1304001_SFF	14426	0.0702204	0.0341744	-0.011166
0	37695_SFF	0	1304004_SFF	14781	0.0723226	0.0347744	-0.00532092
0	37695_SFF	0	1304006_SFF	15067	0.0747992	0.0359727	-0.00195059
0	37695_SFF	0	1304010_SFF	9461	0.081281	0.0249445	0.0403528
0	37695_SFF	0	1304011_SFF	14832	0.0738943	0.0326321	0.0084493
0	37695_SFF	0	1306009_SFF	15091	0.0737526	0.0368432	-0.0168886
0	37695_SFF	0	1306011_SFF	15168	0.0710047	0.0389636	-0.0355754
0	37695_SFF	0	1306014_SFF	14019	0.0778943	0.0380198	-0.0715157
0	37695_SFF	0	1306015_BFF	15042	0.061561	0.0624917	-0.213846
0	37695_SFF	0	1307003_SFF	15151	0.0725365	0.0381493	-0.0236552
0	37695_SFF	0	1307004_SFF	14988	0.0726581	0.0359621	-0.0159574
0	37695_SFF	0	1611011_BFF	15195	0.0617966	0.0634419	-0.217558
0	37695_SFF	0	1409002_SFF	14506	0.0725217	0.036054	-0.0114718
0	37695_SFF	0	1409007_SFF	14816	0.0731641	0.0344897	-0.00742574
0	37695_SFF	0	1409008_SFF	15046	0.0735079	0.0380167	-0.0126098
0	37695_SFF	0	1409009_SFF	14683	0.071988	0.0369134	-0.0189266
0	37695_SFF	0	1409012_SFF	14267	0.0695311	0.0325226	-0.00182991
0	37695_SFF	0	1409013_SFF	14570	0.0740563	0.034523	-0.00498479
0	37695_SFF	0	1409026_SFF	11395	0.0797718	0.0266784	0.0292553
0	37695_SFF	0	1409027_SFF	13951	0.0750484	0.0333309	0.00336164
0	37695_SFF	0	1409030_SFF	14611	0.0731641	0.03162	0.00608931
0	37695_SFF	0	1409031_SFF	14099	0.0771686	0.0316334	0.0125395
0	37695_SFF	0	1409032_SFF	14911	0.0738381	0.035343	-0.00609354
0	37695_SFF	0	1410001_SFF	13771	0.0723259	0.0326774	0.0035791
0	37695_SFF	0	1410002_SFF	14251	0.0741702	0.0345941	-0.0113043
0	37695_SFF	0	1412001_BFF	15177	0.0625947	0.0632536	-0.220645
0	37695_SFF	0	1412006_BFF	15015	0.0602065	0.0618049	-0.216977
0	37695_SFF	0	1412010_BFF	13799	0.065512	0.0526125	-0.172207
0	37695_SFF	0	1412014_BFF	13881	0.063468	0.052734	-0.180467
0	37695_SFF	0	1412024_BFF	14431	0.0633359	0.0553669	-0.177006
0	37695_SFF	0	1510003_SFF	12388	0.072651	0.0292218	0.0109006
0	37695_SFF	0	1510004_SFF	15132	0.0769231	0.0325139	0.00016176
0	37695_SFF	0	1610001_BFF	14990	0.0605737	0.0677118	-0.248042
0	37695_SFF	0	1610002_BFF	15033	0.0580057	0.068782	-0.254061
0	37695_SFF	0	1610012_BFF	15173	0.0606999	0.0700587	-0.259298
0	37695_SFF	0	1610013_BFF	14597	0.0604919	0.0648763	-0.229479
0	37695_SFF	0	1610015_BFF	15103	0.0586638	0.067139	-0.251617
0	37695_SFF	0	1610016_BFF	15257	0.0588582	0.0718359	-0.265365
0	37695_SFF	0	1610017_BFF	15265	0.0577137	0.0729119	-0.274904
0	37695_SFF	0	1409001_SFF	14931	0.0729355	0.0373049	-0.0200163
0	37695_SFF	0	1611012_BFF	13824	0.0609086	0.0523727	-0.173338
0	37695_SFF	0	1611013_BFF	11036	0.065241	0.05029	-0.160198
0	37695_SFF	0	1611032_BFF	14800	0.065	0.0611486	-0.21354
0	37695_SFF	0	1702005_BFF	14317	0.077181	0.0375777	-0.134366
0	37695_SFF	0	1702006_BFF	14423	0.0633017	0.0560216	-0.187839
0	37695_SFF	0	1702007_BFF	14591	0.0644233	0.0582551	-0.193144
0	37695_SFF	0	1702008_BFF	12337	0.0705196	0.0495258	-0.144379
0	37695_SFF	0	1702009_BFF	15201	0.0611802	0.0626275	-0.223853
0	37695_SFF	0	1702012_BFF	11437	0.0695987	0.0438926	-0.121806
0	37695_SFF	0	1702013_BFF	15246	0.0634921	0.0625082	-0.216501
0	37695_SFF	0	1702014_BFF	12378	0.0681855	0.0484731	-0.157511
0	37695_SFF	0	1702016_BFF	14185	0.0645753	0.0596405	-0.207858
0	37695_SFF	0	1702017_BFF	13174	0.0655837	0.0551085	-0.189947
0	37695_SFF	0	1702018_BFF	15276	0.0643493	0.0634983	-0.213282
0	37695_SFF	0	1702019_BFF	14571	0.0624528	0.0597763	-0.209334
0	37695_SFF	0	1702020_BFF	15138	0.0611706	0.0625578	-0.213861
0	37695_SFF	0	1702022_BFF	14660	0.0646658	0.0548431	-0.186117
0	37695_SFF	0	1702024_BFF	12480	0.0622596	0.0539263	-0.171443
0	37695_SFF	0	1702026_BFF	14994	0.064159	0.0602241	-0.208754
0	37695_SFF	0	1702027_BFF	13905	0.0640777	0.0524991	-0.181504
0	37695_SFF	0	1702028_BFF	11773	0.069481	0.0441689	-0.136009
0	37695_SFF	0	1702029_BFF	14157	0.0743802	0.0423819	-0.157407
0	37695_SFF	0	1702031_BFF	14494	0.0598179	0.0664413	-0.236391
0	37695_SFF	0	DG02_BFF	14946	0.064432	0.0596146	-0.2041
0	37695_SFF	0	1703018_BFF	15235	0.0606498	0.0678044	-0.25024
0	37695_SFF	0	1804002BFF	11578	0.0659008	0.0421489	-0.138195
0	37695_SFF	0	1804003BFF	14344	0.0653235	0.0504741	-0.165091
0	37695_SFF	0	1804004BFF	13986	0.0664951	0.0528386	-0.171771
0	37695_SFF	0	1804005BFF	14268	0.0666526	0.0552285	-0.184251
0	37695_SFF	0	1804006BFF	14528	0.0662858	0.0597467	-0.197811
0	37695_SFF	0	1804007BFF	14224	0.0667885	0.0527278	-0.172978
0	37695_SFF	0	1804008BFF	14508	0.0645161	0.0554866	-0.188644
0	37695_SFF	0	1804009BFF	14372	0.063735	0.0540635	-0.181795
0	37695_SFF	0	1804010BFF	14632	0.0611673	0.0583652	-0.205863
0	37695_SFF	0	1804011BFF	13873	0.0666042	0.0549989	-0.174402
0	37695_SFF	0	1804013BFF	12760	0.0637931	0.0574451	-0.190568
0	37695_SFF	0	1804014BFF	13232	0.0637092	0.0516929	-0.171121
0	37695_SFF	0	1804015BFF	13774	0.0607667	0.0601133	-0.213687
0	37695_SFF	0	1804016BFF	14515	0.061247	0.0642783	-0.228962
0	37695_SFF	0	1804017BFF	14325	0.062199	0.0596161	-0.211801
0	37695_SFF	0	1805001BFF	13449	0.0689271	0.0478102	-0.15011
0	37695_SFF	0	1805002BFF	14330	0.0668528	0.05485	-0.181966
0	37695_SFF	0	1805003BFF	12399	0.0658118	0.0478264	-0.159467
0	37695_SFF	0	1815076BFF_GHFF	12875	0.0664078	0.0458252	-0.135078
0	37695_SFF	0	1815092SFF	14501	0.0750293	0.0323426	0.0113249
0	37695_SFF	0	1815093BFF_SFF	14058	0.0639494	0.0539195	-0.177507
0	37695_SFF	0	1815094SFF	10518	0.0773911	0.026621	0.0150194
0	37695_SFF	0	1815095SFF	15007	0.074232	0.0350503	-0.00457965
0	37695_SFF	0	1815096SFF	13971	0.0742252	0.0317085	0.00957821
0	37695_SFF	0	2411005_SFF	14542	0.0748178	0.0341081	-0.00533717
0	37695_SFF	0	2411007_SFF	12621	0.074479	0.0320101	0.0105773
0	37695_SFF	0	2811016_SFF	10217	0.0854458	0.0172262	0.0429293
0	37695_SFF	0	2811017_SFF	14094	0.074145	0.0315028	0.0163551
0	37695_SFF	0	37685_SFF	15291	0.0739651	0.038454	-0.0154903
0	37695_SFF	0	37686_SFF	15145	0.0706504	0.0350611	-0.00849515
0	37695_SFF	0	37687_SFF	15266	0.0702214	0.0368138	-0.00995185
0	37695_SFF	0	37689_SFF	15290	0.0700458	0.0389143	-0.0217739
0	37695_SFF	0	37690_SFF	14757	0.0726435	0.037406	-0.0145397
0	37697_SFF	0	1304001_SFF	16084	0.0745461	0.0367446	-0.0119796
0	37697_SFF	0	1304004_SFF	16503	0.0724717	0.0374477	-0.0151163
0	37697_SFF	0	1304006_SFF	16837	0.0716874	0.037774	-0.0126456
0	37697_SFF	0	1304010_SFF	10354	0.0817076	0.024435	0.0388139
0	37697_SFF	0	1304011_SFF	16585	0.0745855	0.0352125	0.0017336
0	37697_SFF	0	1306009_SFF	16911	0.0735616	0.0363669	-0.00940594
0	37697_SFF	0	1306011_SFF	16983	0.0723076	0.0408055	-0.0317059
0	37697_SFF	0	1306014_SFF	15550	0.0744051	0.0402572	-0.0877085
0	37697_SFF	0	1306015_BFF	16838	0.0607554	0.0659223	-0.221469
0	37697_SFF	0	1307003_SFF	16967	0.0756174	0.037013	-0.00329871
0	37697_SFF	0	1307004_SFF	16754	0.0747284	0.0365286	-0.00741374
0	37697_SFF	0	1611011_BFF	17023	0.0624449	0.0666158	-0.223084
0	37697_SFF	0	1409002_SFF	16165	0.0741726	0.0370554	-0.010616
0	37697_SFF	0	1409007_SFF	16539	0.0740674	0.0379104	-0.0147989
0	37697_SFF	0	1409008_SFF	16822	0.0718107	0.0407205	-0.0244334
0	37697_SFF	0	1409009_SFF	16355	0.0730663	0.037114	-0.0087822
0	37697_SFF	0	1409012_SFF	15885	0.0707586	0.0351275	-0.00579092
0	37697_SFF	0	1409013_SFF	16228	0.0727138	0.0352477	-0.0045858
0	37697_SFF	0	1409026_SFF	12516	0.0764621	0.0276446	0.0184013
0	37697_SFF	0	1409027_SFF	15438	0.0716414	0.0345252	-0.00854232
0	37697_SFF	0	1409030_SFF	16273	0.0730658	0.0361335	-0.0102941
0	37697_SFF	0	1409031_SFF	15723	0.078929	0.0351078	0.00649053
0	37697_SFF	0	1409032_SFF	16642	0.0727677	0.0355126	-0.00721293
0	37697_SFF	0	1410001_SFF	15231	0.0726151	0.0325652	0.00838873
0	37697_SFF	0	1410002_SFF	15859	0.0760451	0.0326628	0.00861027
0	37697_SFF	0	1412001_BFF	17009	0.0633194	0.0657887	-0.220341
0	37697_SFF	0	1412006_BFF	16796	0.0635866	0.0667421	-0.223245
0	37697_SFF	0	1412010_BFF	15306	0.0657912	0.0566445	-0.185777
0	37697_SFF	0	1412014_BFF	15456	0.0661232	0.0556418	-0.176634
0	37697_SFF	0	1412024_BFF	16107	0.0648165	0.0618365	-0.197563
0	37697_SFF	0	1510003_SFF	13709	0.0772485	0.031731	0.0105947
0	37697_SFF	0	1510004_SFF	16971	0.0784279	0.0384185	-0.0215832
0	37697_SFF	0	1610001_BFF	16804	0.0583194	0.0721257	-0.261618
0	37697_SFF	0	1610002_BFF	16848	0.057633	0.0733025	-0.266214
0	37697_SFF	0	1610012_BFF	17005	0.0592179	0.0743899	-0.270519
0	37697_SFF	0	1610013_BFF	16316	0.062025	0.0680927	-0.228327
0	37697_SFF	0	1610015_BFF	16931	0.0580592	0.0740063	-0.270874
0	37697_SFF	0	1610016_BFF	17109	0.0566369	0.0738792	-0.268041
0	37697_SFF	0	1610017_BFF	17129	0.0583221	0.0772958	-0.282346
0	37697_SFF	0	1409001_SFF	16712	0.0741383	0.0371589	-0.0141981
0	37697_SFF	0	1611012_BFF	15385	0.0662983	0.0579786	-0.174257
0	37697_SFF	0	1611013_BFF	12072	0.0637011	0.0530152	-0.166768
0	37697_SFF	0	1611032_BFF	16554	0.0625831	0.0627039	-0.217221
0	37697_SFF	0	1702005_BFF	16038	0.0792493	0.0241302	-0.0876011
0	37697_SFF	0	1702006_BFF	16099	0.062302	0.0603143	-0.205458
0	37697_SFF	0	1702007_BFF	16268	0.0620236	0.062331	-0.215694
0	37697_SFF	0	1702008_BFF	13570	0.0695652	0.0522476	-0.149948
0	37697_SFF	0	1702009_BFF	17040	0.0646714	0.0666667	-0.224205
0	37697_SFF	0	1702012_BFF	12539	0.0689848	0.0465747	-0.137901
0	37697_SFF	0	1702013_BFF	17089	0.0634911	0.0665925	-0.227323
0	37697_SFF	0	1702014_BFF	13668	0.0677495	0.0490928	-0.151582
0	37697_SFF	0	1702016_BFF	15774	0.0630151	0.0620008	-0.209492
0	37697_SFF	0	1702017_BFF	14541	0.0650574	0.0574238	-0.193407
0	37697_SFF	0	1702018_BFF	17124	0.0626606	0.068442	-0.231541
0	37697_SFF	0	1702019_BFF	16256	0.0657603	0.0625	-0.201419
0	37697_SFF	0	1702020_BFF	16959	0.0613833	0.0691078	-0.234025
0	37697_SFF	0	1702022_BFF	16395	0.0670326	0.0603233	-0.194493
0	37697_SFF	0	1702024_BFF	13718	0.0615979	0.0547456	-0.165969
0	37697_SFF	0	1702026_BFF	16776	0.0640796	0.065391	-0.221392
0	37697_SFF	0	1702027_BFF	15455	0.0651569	0.0577159	-0.196373
0	37697_SFF	0	1702028_BFF	12985	0.0704659	0.0470543	-0.140144
0	37697_SFF	0	1702029_BFF	15779	0.0760504	0.0472147	-0.163984
0	37697_SFF	0	1702031_BFF	16156	0.0608443	0.0727903	-0.251687
0	37697_SFF	0	DG02_BFF	16735	0.0648342	0.0637586	-0.213126
0	37697_SFF	0	1703018_BFF	17074	0.0592714	0.0731522	-0.266239
0	37697_SFF	0	1804002BFF	12961	0.0674331	0.0466013	-0.144585
0	37697_SFF	0	1804003BFF	16089	0.0646404	0.0581764	-0.193823
0	37697_SFF	0	1804004BFF	15653	0.0666965	0.056922	-0.180653
0	37697_SFF	0	1804005BFF	16009	0.0652133	0.0604035	-0.203059
0	37697_SFF	0	1804006BFF	16285	0.0630028	0.0601781	-0.194518
0	37697_SFF	0	1804007BFF	15941	0.0676244	0.0590929	-0.190547
0	37697_SFF	0	1804008BFF	16258	0.0657522	0.0583098	-0.188107
0	37697_SFF	0	1804009BFF	16087	0.0655187	0.0592404	-0.190352
0	37697_SFF	0	1804010BFF	16404	0.0638259	0.06218	-0.211942
0	37697_SFF	0	1804011BFF	15519	0.0608931	0.0588955	-0.196844
0	37697_SFF	0	1804013BFF	14271	0.0591409	0.0592811	-0.200203
0	37697_SFF	0	1804014BFF	14816	0.0614876	0.0579104	-0.20247
0	37697_SFF	0	1804015BFF	15400	0.0630519	0.0621429	-0.207958
0	37697_SFF	0	1804016BFF	16231	0.0600702	0.0638901	-0.21886
0	37697_SFF	0	1804017BFF	16048	0.0642448	0.0651171	-0.221926
0	37697_SFF	0	1805001BFF	15044	0.0675352	0.0524462	-0.166852
0	37697_SFF	0	1805002BFF	16066	0.0662891	0.0581352	-0.193548
0	37697_SFF	0	1805003BFF	13819	0.066575	0.0507273	-0.158165
0	37697_SFF	0	1815076BFF_GHFF	14368	0.0670935	0.0530345	-0.161989
0	37697_SFF	0	1815092SFF	16218	0.0734369	0.0361327	-0.00393175
0	37697_SFF	0	1815093BFF_SFF	15756	0.0637218	0.0582635	-0.185589
0	37697_SFF	0	1815094SFF	11591	0.0835993	0.0271763	0.0318627
0	37697_SFF	0	1815095SFF	16821	0.0716961	0.0383449	-0.0214041
0	37697_SFF	0	1815096SFF	15579	0.0756788	0.0347262	7.77122e-05
0	37697_SFF	0	2411005_SFF	16200	0.0760494	0.0356173	-0.00701493
0	37697_SFF	0	2411007_SFF	13911	0.0738984	0.03012	0.0248033
0	37697_SFF	0	2811016_SFF	11297	0.0919713	0.0215101	0.0457224
0	37697_SFF	0	2811017_SFF	15644	0.074022	0.0338149	0.0062212
0	37697_SFF	0	37685_SFF	17142	0.0758371	0.0385603	-0.00472485
0	37697_SFF	0	37686_SFF	16936	0.0765234	0.0380255	-0.00564175
0	37697_SFF	0	37687_SFF	17115	0.0744961	0.0385627	-0.00960723
0	37697_SFF	0	37689_SFF	17139	0.0748002	0.0383336	-0.00523451
0	37697_SFF	0	37690_SFF	16534	0.076509	0.035805	0.007259
0	37697_SFF	0	37695_SFF	15063	0.0701719	0.0356503	-0.00783801
0	37698_SFF	0	1304001_SFF	15875	0.0734488	0.0359055	-0.00576002
0	37698_SFF	0	1304004_SFF	16283	0.0732052	0.0376466	-0.0104076
0	37698_SFF	0	1304006_SFF	16622	0.0746601	0.0373601	-0.000142328
0	37698_SFF	0	1304010_SFF	10265	0.0806624	0.025621	0.0359011
0	37698_SFF	0	1304011_SFF	16363	0.0746807	0.033368	0.0144036
0	37698_SFF	0	1306009_SFF	16690	0.0747753	0.0391851	-0.0156868
0	37698_SFF	0	1306011_SFF	16747	0.0762525	0.0404252	-0.0196867
0	37698_SFF	0	1306014_SFF	15372	0.075657	0.0374707	-0.0648773
0	37698_SFF	0	1306015_BFF	16614	0.0662694	0.0665102	-0.207484
0	37698_SFF	0	1307003_SFF	16732	0.0725556	0.0374731	-0.00962619
0	37698_SFF	0	1307004_SFF	16549	0.0746269	0.0378875	-0.00990593
0	37698_SFF	0	1611011_BFF	16798	0.0619717	0.0629242	-0.200084
0	37698_SFF	0	1409002_SFF	15971	0.0736335	0.0381942	-0.0124963
0	37698_SFF	0	1409007_SFF	16336	0.0739471	0.0387488	-0.0194203
0	37698_SFF	0	1409008_SFF	16602	0.0740875	0.0392724	-0.0110493
0	37698_SFF	0	1409009_SFF	16154	0.0743469	0.0376996	-0.00623167
0	37698_SFF	0	1409012_SFF	15678	0.0737339	0.0354637	0.00350183
0	37698_SFF	0	1409013_SFF	16028	0.076304	0.0361243	0.00237107
0	37698_SFF	0	1409026_SFF	12385	0.0806621	0.0267259	0.0359111
0	37698_SFF	0	1409027_SFF	15257	0.0749164	0.0341483	0.00645211
0	37698_SFF	0	1409030_SFF	16080	0.0760572	0.0348259	0.00377107
0	37698_SFF	0	1409031_SFF	15492	0.0756519	0.0360831	-0.00291322
0	37698_SFF	0	1409032_SFF	16425	0.075312	0.0378082	-0.00872764
0	37698_SFF	0	1410001_SFF	15063	0.0726283	0.0323973	0.011916
0	37698_SFF	0	1410002_SFF	15674	0.0759219	0.0340054	0.0055136
0	37698_SFF	0	1412001_BFF	16776	0.0653314	0.0645565	-0.202678
0	37698_SFF	0	1412006_BFF	16568	0.0627113	0.062832	-0.199972
0	37698_SFF	0	1412010_BFF	15139	0.0691591	0.0578638	-0.176585
0	37698_SFF	0	1412014_BFF	15240	0.0678478	0.0551181	-0.165428
0	37698_SFF	0	1412024_BFF	15903	0.0631327	0.0581022	-0.179227
0	37698_SFF	0	1510003_SFF	13545	0.0772979	0.027464	0.0349893
0	37698_SFF	0	1510004_SFF	16740	0.0790323	0.0350657	-0.00134029
0	37698_SFF	0	1610001_BFF	16570	0.0596258	0.0707302	-0.246735
0	37698_SFF	0	1610002_BFF	16616	0.0581969	0.0698122	-0.240224
0	37698_SFF	0	1610012_BFF	16791	0.0586624	0.0708713	-0.250909
0	37698_SFF	0	1610013_BFF	16105	0.0622788	0.0671841	-0.219723
0	37698_SFF	0	1610015_BFF	16705	0.0602215	0.0703981	-0.244286
0	37698_SFF	0	1610016_BFF	16877	0.0585412	0.0750133	-0.26234
0	37698_SFF	0	1610017_BFF	16902	0.0589871	0.0757307	-0.265029
0	37698_SFF	0	1409001_SFF	16506	0.072822	0.0376833	-0.0151753
0	37698_SFF	0	1611012_BFF	15197	0.0640258	0.0544186	-0.157565
0	37698_SFF	0	1611013_BFF	11939	0.0647458	0.0489153	-0.137621
0	37698_SFF	0	1611032_BFF	16342	0.061192	0.0635173	-0.216273
0	37698_SFF	0	1702005_BFF	15825	0.0807583	0.0369668	-0.112849
0	37698_SFF	0	1702006_BFF	15886	0.0664736	0.0585421	-0.178846
0	37698_SFF	0	1702007_BFF	16074	0.063021	0.0594749	-0.191042
0	37698_SFF	0	1702008_BFF	13411	0.0686004	0.0507792	-0.148949
0	37698_SFF	0	1702009_BFF	16815	0.0627416	0.0647041	-0.21272
0	37698_SFF	0	1702012_BFF	12420	0.0708535	0.0465378	-0.121882
0	37698_SFF	0	1702013_BFF	16860	0.0626335	0.0624555	-0.20319
0	37698_SFF	0	1702014_BFF	13521	0.0678944	0.0474817	-0.141178
0	37698_SFF	0	1702016_BFF	15581	0.0621269	0.0597523	-0.193373
0	37698_SFF	0	1702017_BFF	14414	0.0653531	0.0541834	-0.17075
0	37698_SFF	0	1702018_BFF	16898	0.0623742	0.0668126	-0.21828
0	37698_SFF	0	1702019_BFF	16026	0.0617746	0.0574067	-0.183225
0	37698_SFF	0	1702020_BFF	16730	0.0627615	0.0674836	-0.218487
0	37698_SFF	0	1702022_BFF	16169	0.065372	0.0564042	-0.174077
0	37698_SFF	0	1702024_BFF	13575	0.0615838	0.0539227	-0.158231
0	37698_SFF	0	1702026_BFF	16558	0.0653461	0.0612393	-0.192346
0	37698_SFF	0	1702027_BFF	15234	0.0665616	0.0574373	-0.183945
0	37698_SFF	0	1702028_BFF	12828	0.0681322	0.0470065	-0.147436
0	37698_SFF	0	1702029_BFF	15573	0.0745521	0.0461054	-0.160141
0	37698_SFF	0	1702031_BFF	15966	0.0606288	0.0693975	-0.232385
0	37698_SFF	0	DG02_BFF	16505	0.0644653	0.0610118	-0.193259
0	37698_SFF	0	1703018_BFF	16848	0.0617284	0.0712844	-0.244841
0	37698_SFF	0	1804002BFF	12783	0.0715012	0.0441993	-0.116623
0	37698_SFF	0	1804003BFF	15866	0.0698979	0.0567881	-0.16903
0	37698_SFF	0	1804004BFF	15434	0.0699106	0.0549436	-0.15914
0	37698_SFF	0	1804005BFF	15774	0.0656143	0.0568023	-0.175832
0	37698_SFF	0	1804006BFF	16065	0.0647993	0.0578898	-0.172993
0	37698_SFF	0	1804007BFF	15726	0.0670228	0.056467	-0.17512
0	37698_SFF	0	1804008BFF	16029	0.0671907	0.0593924	-0.184292
0	37698_SFF	0	1804009BFF	15862	0.0667003	0.0598916	-0.184328
0	37698_SFF	0	1804010BFF	16179	0.0645899	0.0580382	-0.18309
0	37698_SFF	0	1804011BFF	15319	0.0630589	0.0572492	-0.181273
0	37698_SFF	0	1804013BFF	14065	0.0605048	0.0581585	-0.189544
0	37698_SFF	0	1804014BFF	14624	0.0625	0.0547046	-0.170794
0	37698_SFF	0	1804015BFF	15194	0.0660129	0.0576543	-0.167512
0	37698_SFF	0	1804016BFF	16024	0.0618447	0.0639666	-0.206046
0	37698_SFF	0	1804017BFF	15825	0.0652133	0.0638863	-0.210166
0	37698_SFF	0	1805001BFF	14851	0.0676722	0.0502323	-0.149571
0	37698_SFF	0	1805002BFF	15834	0.065492	0.057787	-0.190541
0	37698_SFF	0	1805003BFF	13639	0.0677469	0.0497837	-0.145848
0	37698_SFF	0	1815076BFF_GHFF	14159	0.0687902	0.049721	-0.139669
0	37698_SFF	0	1815092SFF	16005	0.073477	0.0339894	0.010198
0	37698_SFF	0	1815093BFF_SFF	15524	0.06622	0.0555913	-0.161202
0	37698_SFF	0	1815094SFF	11477	0.0810316	0.0250937	0.0433459
0	37698_SFF	0	1815095SFF	16580	0.0717732	0.0366707	-0.0105
0	37698_SFF	0	1815096SFF	15373	0.0777987	0.0325896	0.0181115
0	37698_SFF	0	2411005_SFF	15977	0.0725418	0.0332979	7.43826e-05
0	37698_SFF	0	2411007_SFF	13786	0.0763093	0.0327143	0.0178882
0	37698_SFF	0	2811016_SFF	11154	0.0945849	0.0200825	0.0620121
0	37698_SFF	0	2811017_SFF	15440	0.0746762	0.0330959	0.014584
0	37698_SFF	0	37685_SFF	16912	0.0795885	0.035123	0.0213848
0	37698_SFF	0	37686_SFF	16725	0.0744395	0.0363528	0.00119382
0	37698_SFF	0	37687_SFF	16883	0.074809	0.0382041	-0.010223
0	37698_SFF	0	37689_SFF	16907	0.0733424	0.0376176	-0.00921202
0	37698_SFF	0	37690_SFF	16321	0.078304	0.0358434	0.0137675
0	37698_SFF	0	37695_SFF	14893	0.0731887	0.0347814	0.00107155
0	37698_SFF	0	37697_SFF	16647	0.0758095	0.0341803	0.0153824
0	37699_SFF	0	1304001_SFF	15863	0.0747021	0.0359327	-0.00171488
0	37699_SFF	0	1304004_SFF	16267	0.0768427	0.0371919	0.00294625
0	37699_SFF	0	1304006_SFF	16615	0.0754138	0.0400843	-0.0131168
0	37699_SFF	0	1304010_SFF	10220	0.08591	0.02818	0.037781
0	37699_SFF	0	1304011_SFF	16355	0.0751452	0.0355243	0.00635654
0	37699_SFF	0	1306009_SFF	16667	0.0737385	0.0370793	-0.0056962
0	37699_SFF	0	1306011_SFF	16740	0.0742533	0.0388292	-0.0128815
0	37699_SFF	0	1306014_SFF	15348	0.0781861	0.038637	-0.0612603
0	37699_SFF	0	1306015_BFF	16611	0.0637529	0.0647764	-0.201602
0	37699_SFF	0	1307003_SFF	16718	0.0760258	0.0394784	-0.00992452
0	37699_SFF	0	1307004_SFF	16525	0.0768533	0.0372769	0.000212525
0	37699_SFF	0	1611011_BFF	16778	0.0656216	0.0656216	-0.203068
0	37699_SFF	0	1409002_SFF	15952	0.0742854	0.0383024	-0.0112184
0	37699_SFF	0	1409007_SFF	16321	0.0764046	0.0374364	-0.003503
0	37699_SFF	0	1409008_SFF	16582	0.074418	0.039561	-0.0142491
0	37699_SFF	0	1409009_SFF	16122	0.0745565	0.0374023	-0.00189394
0	37699_SFF	0	1409012_SFF	15671	0.0742773	0.0360539	0.00302939
0	37699_SFF	0	1409013_SFF	15999	0.0769423	0.0353147	0.00999706
0	37699_SFF	0	1409026_SFF	12377	0.0798255	0.0284398	0.0288911
0	37699_SFF	0	1409027_SFF	15212	0.0763871	0.0350381	0.00469631
0	37699_SFF	0	1409030_SFF	16049	0.0754564	0.0357655	0.000440658
0	37699_SFF	0	1409031_SFF	15482	0.0789304	0.0331353	0.0197368
0	37699_SFF	0	1409032_SFF	16419	0.0766795	0.0388574	-0.00790598
0	37699_SFF	0	1410001_SFF	15041	0.077189	0.035237	0.0128005
0	37699_SFF	0	1410002_SFF	15662	0.0771294	0.0360107	0.000600781
0	37699_SFF	0	1412001_BFF	16772	0.0649296	0.065347	-0.203442
0	37699_SFF	0	1412006_BFF	16562	0.0665982	0.0655718	-0.201377
0	37699_SFF	0	1412010_BFF	15095	0.0657171	0.0557801	-0.170971
0	37699_SFF	0	1412014_BFF	15239	0.0689678	0.0565654	-0.166923
0	37699_SFF	0	1412024_BFF	15888	0.065647	0.0597306	-0.176765
0	37699_SFF	0	1510003_SFF	13542	0.077315	0.0321223	0.0160494
0	37699_SFF	0	1510004_SFF	16723	0.0807869	0.0367159	-0.00189023
0	37699_SFF	0	1610001_BFF	16559	0.0616583	0.0724078	-0.249078
0	37699_SFF	0	1610002_BFF	16600	0.0592771	0.0713253	-0.241765
0	37699_SFF	0	1610012_BFF	16766	0.0603006	0.0717524	-0.246729
0	37699_SFF	0	1610013_BFF	16089	0.0626515	0.0657592	-0.207793
0	37699_SFF	0	1610015_BFF	16690	0.0606351	0.069982	-0.235656
0	37699_SFF	0	1610016_BFF	16858	0.0623443	0.0759283	-0.252693
0	37699_SFF	0	1610017_BFF	16878	0.058834	0.0774381	-0.269348
0	37699_SFF	0	1409001_SFF	16480	0.0756068	0.0377427	-0.00722175
0	37699_SFF	0	1611012_BFF	15177	0.0676023	0.0567306	-0.15983
0	37699_SFF	0	1611013_BFF	11947	0.0665439	0.0504729	-0.132353
0	37699_SFF	0	1611032_BFF	16313	0.0643658	0.0632011	-0.203921
0	37699_SFF	0	1702005_BFF	15794	0.0799671	0.0394454	-0.123016
0	37699_SFF	0	1702006_BFF	15864	0.0656203	0.0571104	-0.172343
0	37699_SFF	0	1702007_BFF	16043	0.0634545	0.0608988	-0.193218
0	37699_SFF	0	1702008_BFF	13414	0.070747	0.0527807	-0.144535
0	37699_SFF	0	1702009_BFF	16788	0.0661187	0.0645104	-0.203281
0	37699_SFF	0	1702012_BFF	12397	0.0688876	0.0458175	-0.130204
0	37699_SFF	0	1702013_BFF	16845	0.0651825	0.0641733	-0.201801
0	37699_SFF	0	1702014_BFF	13488	0.0713968	0.052417	-0.152612
0	37699_SFF	0	1702016_BFF	15558	0.0661396	0.0637614	-0.202392
0	37699_SFF	0	1702017_BFF	14379	0.0677377	0.0573058	-0.171608
0	37699_SFF	0	1702018_BFF	16876	0.0635222	0.0672553	-0.214958
0	37699_SFF	0	1702019_BFF	16013	0.063948	0.0616999	-0.193942
0	37699_SFF	0	1702020_BFF	16717	0.0630496	0.0694503	-0.223449
0	37699_SFF	0	1702022_BFF	16160	0.0651609	0.0572401	-0.173832
0	37699_SFF	0	1702024_BFF	13532	0.0639965	0.0539462	-0.150906
0	37699_SFF	0	1702026_BFF	16532	0.0652069	0.0639366	-0.203346
0	37699_SFF	0	1702027_BFF	15219	0.0671529	0.0563769	-0.171976
0	37699_SFF	0	1702028_BFF	12819	0.0719245	0.0462595	-0.125184
0	37699_SFF	0	1702029_BFF	15571	0.0791214	0.0477811	-0.150876
0	37699_SFF	0	1702031_BFF	15938	0.0628686	0.070586	-0.227505
0	37699_SFF	0	DG02_BFF	16508	0.065968	0.0626363	-0.19655
0	37699_SFF	0	1703018_BFF	16823	0.0600963	0.0722226	-0.249584
0	37699_SFF	0	1804002BFF	12771	0.0693759	0.0456503	-0.13184
0	37699_SFF	0	1804003BFF	15862	0.0699786	0.0564872	-0.164155
0	37699_SFF	0	1804004BFF	15447	0.0668091	0.0559979	-0.166465
0	37699_SFF	0	1804005BFF	15772	0.0679686	0.0585214	-0.174101
0	37699_SFF	0	1804006BFF	16062	0.0643133	0.0590836	-0.179081
0	37699_SFF	0	1804007BFF	15705	0.0661573	0.0559058	-0.170262
0	37699_SFF	0	1804008BFF	16019	0.0660466	0.0583058	-0.177351
0	37699_SFF	0	1804009BFF	15841	0.0688719	0.0595291	-0.174762
0	37699_SFF	0	1804010BFF	16173	0.0633154	0.060904	-0.200363
0	37699_SFF	0	1804011BFF	15286	0.0643072	0.0592045	-0.184769
0	37699_SFF	0	1804013BFF	14055	0.0628246	0.0612593	-0.198532
0	37699_SFF	0	1804014BFF	14603	0.0647812	0.0580703	-0.181884
0	37699_SFF	0	1804015BFF	15194	0.0634461	0.0604186	-0.187327
0	37699_SFF	0	1804016BFF	16002	0.0629921	0.0674291	-0.218155
0	37699_SFF	0	1804017BFF	15818	0.0632191	0.062903	-0.208593
0	37699_SFF	0	1805001BFF	14839	0.0698834	0.0501381	-0.142948
0	37699_SFF	0	1805002BFF	15835	0.0683296	0.0581623	-0.177099
0	37699_SFF	0	1805003BFF	13609	0.0684841	0.0504078	-0.144375
0	37699_SFF	0	1815076BFF_GHFF	14167	0.0700925	0.0526576	-0.147171
0	37699_SFF	0	1815092SFF	15991	0.0714777	0.0345194	0.00457767
0	37699_SFF	0	1815093BFF_SFF	15511	0.0667913	0.0570563	-0.16323
0	37699_SFF	0	1815094SFF	11474	0.0819244	0.027802	0.0269576
0	37699_SFF	0	1815095SFF	16578	0.0762456	0.0360719	0.00588319
0	37699_SFF	0	1815096SFF	15354	0.0756806	0.0330858	0.0143581
0	37699_SFF	0	2411005_SFF	15977	0.0783001	0.0363022	0.00102971
0	37699_SFF	0	2411007_SFF	13749	0.080224	0.0329479	0.0290837
0	37699_SFF	0	2811016_SFF	11156	0.0896379	0.0210649	0.0445609
0	37699_SFF	0	2811017_SFF	15427	0.077332	0.0355221	0.0104135
0	37699_SFF	0	37685_SFF	16894	0.0751746	0.0355748	0.00616419
0	37699_SFF	0	37686_SFF	16696	0.0799593	0.0365956	0.0141918
0	37699_SFF	0	37687_SFF	16865	0.0753039	0.0372962	-0.00593366
0	37699_SFF	0	37689_SFF	16894	0.0755298	0.0364626	0.000283527
0	37699_SFF	0	37690_SFF	16291	0.0775275	0.035848	0.0133295
0	37699_SFF	0	37695_SFF	14864	0.0729279	0.0390877	-0.0246187
0	37699_SFF	0	37697_SFF	16643	0.0778706	0.0350297	0.0138809
0	37699_SFF	0	37698_SFF	16414	0.0777385	0.0353966	0.0145959
0	37700_SFF	0	1304001_SFF	16315	0.0735519	0.0401471	-0.0271707
0	37700_SFF	0	1304004_SFF	16759	0.0734531	0.0383078	-0.0142271
0	37700_SFF	0	1304006_SFF	17110	0.0736411	0.0414378	-0.0232623
0	37700_SFF	0	1304010_SFF	10500	0.0804762	0.0290476	0.014637
0	37700_SFF	0	1304011_SFF	16846	0.0747358	0.0380506	-0.011557
0	37700_SFF	0	1306009_SFF	17182	0.0739728	0.0394017	-0.022
0	37700_SFF	0	1306011_SFF	17255	0.0747609	0.0399884	-0.0222895
0	37700_SFF	0	1306014_SFF	15796	0.0765384	0.0432388	-0.0927456
0	37700_SFF	0	1306015_BFF	17121	0.0635477	0.0694469	-0.229115
0	37700_SFF	0	1307003_SFF	17235	0.0743835	0.0390484	-0.0175414
0	37700_SFF	0	1307004_SFF	17022	0.0719069	0.0397721	-0.0294488
0	37700_SFF	0	1611011_BFF	17306	0.0635618	0.0686467	-0.225055
0	37700_SFF	0	1409002_SFF	16419	0.0734515	0.0392229	-0.0198113
0	37700_SFF	0	1409007_SFF	16808	0.0749048	0.0393265	-0.0209391
0	37700_SFF	0	1409008_SFF	17091	0.0722603	0.0415423	-0.0262649
0	37700_SFF	0	1409009_SFF	16604	0.0731751	0.0396892	-0.0203205
0	37700_SFF	0	1409012_SFF	16136	0.0746777	0.03706	-0.00581049
0	37700_SFF	0	1409013_SFF	16484	0.0732225	0.0390075	-0.0225952
0	37700_SFF	0	1409026_SFF	12707	0.0794837	0.0326592	-0.00343137
0	37700_SFF	0	1409027_SFF	15670	0.0737077	0.0382897	-0.0211138
0	37700_SFF	0	1409030_SFF	16537	0.0748624	0.0383987	-0.0190641
0	37700_SFF	0	1409031_SFF	15964	0.0757329	0.037334	-0.013261
0	37700_SFF	0	1409032_SFF	16905	0.0736469	0.0401656	-0.0261784
0	37700_SFF	0	1410001_SFF	15479	0.0732605	0.0354674	-0.00458217
0	37700_SFF	0	1410002_SFF	16114	0.0773861	0.0359935	-0.00458987
0	37700_SFF	0	1412001_BFF	17291	0.0633856	0.0673761	-0.223056
0	37700_SFF	0	1412006_BFF	17070	0.0644405	0.0685413	-0.225442
0	37700_SFF	0	1412010_BFF	15561	0.0683118	0.0627209	-0.205837
0	37700_SFF	0	1412014_BFF	15673	0.0659733	0.0590825	-0.193282
0	37700_SFF	0	1412024_BFF	16353	0.0650645	0.0632911	-0.201114
0	37700_SFF	0	1510003_SFF	13918	0.0723523	0.0342722	-0.00949586
0	37700_SFF	0	1510004_SFF	17244	0.0778822	0.039492	-0.0261716
0	37700_SFF	0	1610001_BFF	17076	0.0607285	0.0757789	-0.27192
0	37700_SFF	0	1610002_BFF	17118	0.0559645	0.0741325	-0.268419
0	37700_SFF	0	1610012_BFF	17289	0.0576089	0.0769275	-0.282324
0	37700_SFF	0	1610013_BFF	16585	0.0627676	0.072656	-0.246239
0	37700_SFF	0	1610015_BFF	17209	0.0591551	0.0771108	-0.277953
0	37700_SFF	0	1610016_BFF	17396	0.0580593	0.0777765	-0.279628
0	37700_SFF	0	1610017_BFF	17411	0.057435	0.0814428	-0.298116
0	37700_SFF	0	1409001_SFF	16976	0.0754595	0.0411758	-0.0292724
0	37700_SFF	0	1611012_BFF	15616	0.0666624	0.0596824	-0.176706
0	37700_SFF	0	1611013_BFF	12269	0.0664276	0.0554242	-0.163732
0	37700_SFF	0	1611032_BFF	16827	0.0661437	0.0689368	-0.229894
0	37700_SFF	0	1702005_BFF	16285	0.0765121	0.0407123	-0.141007
0	37700_SFF	0	1702006_BFF	16363	0.0650248	0.0612357	-0.199769
0	37700_SFF	0	1702007_BFF	16529	0.0642507	0.0651582	-0.215606
0	37700_SFF	0	1702008_BFF	13774	0.0681719	0.0553942	-0.169241
0	37700_SFF	0	1702009_BFF	17315	0.0608721	0.0669362	-0.232002
0	37700_SFF	0	1702012_BFF	12739	0.0704922	0.0482769	-0.134859
0	37700_SFF	0	1702013_BFF	17366	0.0648393	0.0698491	-0.235338
0	37700_SFF	0	1702014_BFF	13875	0.069045	0.0541982	-0.170953
0	37700_SFF	0	1702016_BFF	16027	0.0655768	0.0677607	-0.223584
0	37700_SFF	0	1702017_BFF	14781	0.0642717	0.0600771	-0.20517
0	37700_SFF	0	1702018_BFF	17409	0.063358	0.0712275	-0.239629
0	37700_SFF	0	1702019_BFF	16506	0.0634921	0.0655519	-0.219773
0	37700_SFF	0	1702020_BFF	17233	0.0633668	0.0703882	-0.231489
0	37700_SFF	0	1702022_BFF	16661	0.064822	0.0615809	-0.203356
0	37700_SFF	0	1702024_BFF	13926	0.0654172	0.058739	-0.170362
0	37700_SFF	0	1702026_BFF	17048	0.0647583	0.066694	-0.22071
0	37700_SFF	0	1702027_BFF	15696	0.0661952	0.0600153	-0.195623
0	37700_SFF	0	1702028_BFF	13195	0.0697234	0.05108	-0.158704
0	37700_SFF	0	1702029_BFF	16031	0.0745431	0.0512133	-0.185991
0	37700_SFF	0	1702031_BFF	16421	0.0607758	0.073747	-0.251718
0	37700_SFF	0	DG02_BFF	17004	0.0652788	0.0651023	-0.213663
0	37700_SFF	0	1703018_BFF	17355	0.0607318	0.0754249	-0.269236
0	37700_SFF	0	1804002BFF	13175	0.0701328	0.0501708	-0.155185
0	37700_SFF	0	1804003BFF	16339	0.0673848	0.0601016	-0.189431
0	37700_SFF	0	1804004BFF	15907	0.0670145	0.0613566	-0.19602
0	37700_SFF	0	1804005BFF	16251	0.065719	0.0651037	-0.216045
0	37700_SFF	0	1804006BFF	16554	0.0634892	0.0620394	-0.199273
0	37700_SFF	0	1804007BFF	16197	0.0656294	0.0588998	-0.189718
0	37700_SFF	0	1804008BFF	16513	0.0655847	0.061709	-0.200733
0	37700_SFF	0	1804009BFF	16341	0.0646839	0.0620525	-0.201262
0	37700_SFF	0	1804010BFF	16679	0.0654116	0.0640926	-0.210263
0	37700_SFF	0	1804011BFF	15768	0.0633562	0.0633562	-0.210759
0	37700_SFF	0	1804013BFF	14497	0.0612541	0.0644961	-0.21513
0	37700_SFF	0	1804014BFF	15040	0.062633	0.0615027	-0.21171
0	37700_SFF	0	1804015BFF	15652	0.0621646	0.0651035	-0.218117
0	37700_SFF	0	1804016BFF	16493	0.0625114	0.0703329	-0.240221
0	37700_SFF	0	1804017BFF	16298	0.0631979	0.0674929	-0.233827
0	37700_SFF	0	1805001BFF	15285	0.0673209	0.0556101	-0.178383
0	37700_SFF	0	1805002BFF	16317	0.0676595	0.0611632	-0.198595
0	37700_SFF	0	1805003BFF	14022	0.0669662	0.0537726	-0.172846
0	37700_SFF	0	1815076BFF_GHFF	14584	0.0665798	0.0560889	-0.182584
0	37700_SFF	0	1815092SFF	16473	0.0732714	0.0375766	-0.00798791
0	37700_SFF	0	1815093BFF_SFF	15993	0.0640905	0.0602138	-0.187334
0	37700_SFF	0	1815094SFF	11787	0.0818699	0.0303724	0.0111065
0	37700_SFF	0	1815095SFF	17089	0.0734391	0.0381532	-0.0158465
0	37700_SFF	0	1815096SFF	15833	0.0746542	0.0378324	-0.0182648
0	37700_SFF	0	2411005_SFF	16451	0.0788402	0.0373837	-0.00594031
0	37700_SFF	0	2411007_SFF	14121	0.0775441	0.0350542	0.00604358
0	37700_SFF	0	2811016_SFF	11428	0.0918796	0.0239762	0.0308323
0	37700_SFF	0	2811017_SFF	15894	0.0740531	0.0380018	-0.0158525
0	37700_SFF	0	37685_SFF	17423	0.077369	0.0392585	-0.00297619
0	37700_SFF	0	37686_SFF	17211	0.0782639	0.0367788	0.00447289
0	37700_SFF	0	37687_SFF	17396	0.0766843	0.0402966	-0.013605
0	37700_SFF	0	37689_SFF	17420	0.0740528	0.0387486	-0.00957854
0	37700_SFF	0	37690_SFF	16794	0.0771109	0.0381684	0.000211446
0	37700_SFF	0	37695_SFF	15301	0.0709104	0.0375792	-0.0163633
0	37700_SFF	0	37697_SFF	17154	0.0729859	0.0373091	-0.00395394
0	37700_SFF	0	37698_SFF	16924	0.0782912	0.0368116	0.00746689
0	37700_SFF	0	37699_SFF	16897	0.0802509	0.0389418	0.00126334
0	37701_SFF	0	1304001_SFF	16243	0.0716616	0.0367543	-0.0201697
0	37701_SFF	0	1304004_SFF	16685	0.0759365	0.0367995	-0.00518732
0	37701_SFF	0	1304006_SFF	17039	0.0746523	0.0397324	-0.0156689
0	37701_SFF	0	1304010_SFF	10440	0.081705	0.0255747	0.0375235
0	37701_SFF	0	1304011_SFF	16772	0.074052	0.037026	-0.0097561
0	37701_SFF	0	1306009_SFF	17100	0.0707018	0.0387135	-0.0302136
0	37701_SFF	0	1306011_SFF	17176	0.0755706	0.0407545	-0.0277778
0	37701_SFF	0	1306014_SFF	15717	0.0755869	0.040084	-0.0837401
0	37701_SFF	0	1306015_BFF	17038	0.0624486	0.0664984	-0.221749
0	37701_SFF	0	1307003_SFF	17159	0.0719739	0.0409698	-0.0342466
0	37701_SFF	0	1307004_SFF	16938	0.0732672	0.0412091	-0.0346927
0	37701_SFF	0	1611011_BFF	17226	0.0642053	0.0676884	-0.224757
0	37701_SFF	0	1409002_SFF	16341	0.0741081	0.0356159	-0.00338933
0	37701_SFF	0	1409007_SFF	16738	0.0740232	0.0405664	-0.0315722
0	37701_SFF	0	1409008_SFF	17012	0.0734188	0.0417352	-0.0277073
0	37701_SFF	0	1409009_SFF	16548	0.073181	0.0367416	-0.00824891
0	37701_SFF	0	1409012_SFF	16050	0.0712773	0.0353894	-0.00818182
0	37701_SFF	0	1409013_SFF	16421	0.0745387	0.0353206	-0.00256749
0	37701_SFF	0	1409026_SFF	12660	0.0779621	0.0274092	0.0187451
0	37701_SFF	0	1409027_SFF	15600	0.0767308	0.0362821	-0.00423337
0	37701_SFF	0	1409030_SFF	16467	0.073541	0.0371045	-0.0183177
0	37701_SFF	0	1409031_SFF	15875	0.0748976	0.0362835	-0.0119084
0	37701_SFF	0	1409032_SFF	16829	0.0748708	0.0393963	-0.0192308
0	37701_SFF	0	1410001_SFF	15397	0.0752744	0.0356563	-0.00212197
0	37701_SFF	0	1410002_SFF	16049	0.0746464	0.0340208	-0.00375488
0	37701_SFF	0	1412001_BFF	17210	0.0609529	0.0668797	-0.231073
0	37701_SFF	0	1412006_BFF	16994	0.0656702	0.0677298	-0.224285
0	37701_SFF	0	1412010_BFF	15496	0.0687274	0.0597574	-0.192041
0	37701_SFF	0	1412014_BFF	15609	0.067397	0.0589404	-0.192007
0	37701_SFF	0	1412024_BFF	16284	0.0619013	0.0609187	-0.198208
0	37701_SFF	0	1510003_SFF	13866	0.0778162	0.0300736	0.023508
0	37701_SFF	0	1510004_SFF	17162	0.0763314	0.0368838	-0.0191344
0	37701_SFF	0	1610001_BFF	16991	0.0609735	0.072921	-0.263102
0	37701_SFF	0	1610002_BFF	17036	0.0585231	0.0749589	-0.271061
0	37701_SFF	0	1610012_BFF	17208	0.0603208	0.0757206	-0.27804
0	37701_SFF	0	1610013_BFF	16514	0.0633402	0.0721206	-0.247766
0	37701_SFF	0	1610015_BFF	17124	0.0606167	0.0763256	-0.279465
0	37701_SFF	0	1610016_BFF	17303	0.0570999	0.0766919	-0.282035
0	37701_SFF	0	1610017_BFF	17324	0.0596283	0.0792542	-0.289162
0	37701_SFF	0	1409001_SFF	16893	0.075475	0.0388327	-0.0203275
0	37701_SFF	0	1611012_BFF	15554	0.0653208	0.0593416	-0.184619
0	37701_SFF	0	1611013_BFF	12213	0.0632113	0.0533857	-0.16941
0	37701_SFF	0	1611032_BFF	16744	0.0664118	0.0649188	-0.215767
0	37701_SFF	0	1702005_BFF	16215	0.0798643	0.0409497	-0.139462
0	37701_SFF	0	1702006_BFF	16274	0.0629839	0.0589284	-0.198722
0	37701_SFF	0	1702007_BFF	16456	0.0645965	0.0623481	-0.206693
0	37701_SFF	0	1702008_BFF	13711	0.0669535	0.0533149	-0.168242
0	37701_SFF	0	1702009_BFF	17234	0.0624347	0.0687014	-0.241826
0	37701_SFF	0	1702012_BFF	12676	0.0702903	0.0473335	-0.130378
0	37701_SFF	0	1702013_BFF	17287	0.0642679	0.0684329	-0.235815
0	37701_SFF	0	1702014_BFF	13805	0.0692503	0.0519377	-0.1581
0	37701_SFF	0	1702016_BFF	15954	0.0632443	0.0619907	-0.207751
0	37701_SFF	0	1702017_BFF	14708	0.0675143	0.0593555	-0.195585
0	37701_SFF	0	1702018_BFF	17330	0.0616849	0.0657242	-0.223325
0	37701_SFF	0	1702019_BFF	16427	0.0660498	0.0630669	-0.205438
0	37701_SFF	0	1702020_BFF	17149	0.0603534	0.071491	-0.250976
0	37701_SFF	0	1702022_BFF	16585	0.0652397	0.0608381	-0.201321
0	37701_SFF	0	1702024_BFF	13868	0.0640323	0.0585521	-0.181937
0	37701_SFF	0	1702026_BFF	16971	0.0626363	0.0645808	-0.221411
0	37701_SFF	0	1702027_BFF	15618	0.0665898	0.0588424	-0.198302
0	37701_SFF	0	1702028_BFF	13115	0.0715974	0.0473504	-0.140435
0	37701_SFF	0	1702029_BFF	15955	0.0754622	0.0472579	-0.167194
0	37701_SFF	0	1702031_BFF	16344	0.0624082	0.073605	-0.258145
0	37701_SFF	0	DG02_BFF	16915	0.0639669	0.0646763	-0.220124
0	37701_SFF	0	1703018_BFF	17268	0.0581422	0.0729094	-0.270296
0	37701_SFF	0	1804002BFF	13098	0.0691709	0.0501603	-0.164572
0	37701_SFF	0	1804003BFF	16263	0.0667159	0.057554	-0.185313
0	37701_SFF	0	1804004BFF	15823	0.0678759	0.0607344	-0.199302
0	37701_SFF	0	1804005BFF	16176	0.0660237	0.0621909	-0.208582
0	37701_SFF	0	1804006BFF	16479	0.0652345	0.0625038	-0.201881
0	37701_SFF	0	1804007BFF	16111	0.0659177	0.0586556	-0.188547
0	37701_SFF	0	1804008BFF	16441	0.0648379	0.0632565	-0.215298
0	37701_SFF	0	1804009BFF	16256	0.0643455	0.0599163	-0.196661
0	37701_SFF	0	1804010BFF	16596	0.0668233	0.0629067	-0.21037
0	37701_SFF	0	1804011BFF	15686	0.0646436	0.0608823	-0.199909
0	37701_SFF	0	1804013BFF	14420	0.0606796	0.0615118	-0.213066
0	37701_SFF	0	1804014BFF	14976	0.0624332	0.0584936	-0.203569
0	37701_SFF	0	1804015BFF	15568	0.0620504	0.0637847	-0.218943
0	37701_SFF	0	1804016BFF	16409	0.0614297	0.066427	-0.228384
0	37701_SFF	0	1804017BFF	16231	0.0655536	0.0655536	-0.225214
0	37701_SFF	0	1805001BFF	15210	0.0683103	0.0500986	-0.154792
0	37701_SFF	0	1805002BFF	16244	0.0671017	0.0614996	-0.209668
0	37701_SFF	0	1805003BFF	13954	0.0687975	0.0518131	-0.158887
0	37701_SFF	0	1815076BFF_GHFF	14522	0.0676904	0.052541	-0.158836
0	37701_SFF	0	1815092SFF	16383	0.0713545	0.0374168	-0.0166962
0	37701_SFF	0	1815093BFF_SFF	15919	0.0645769	0.0598656	-0.190665
0	37701_SFF	0	1815094SFF	11741	0.0832127	0.0277659	0.0313405
0	37701_SFF	0	1815095SFF	17012	0.076064	0.0380908	-0.0104137
0	37701_SFF	0	1815096SFF	15753	0.0742716	0.0367549	-0.0112257
0	37701_SFF	0	2411005_SFF	16372	0.0732959	0.0354263	-0.0124558
0	37701_SFF	0	2411007_SFF	14078	0.0769285	0.0327461	0.0161373
0	37701_SFF	0	2811016_SFF	11388	0.0907973	0.0229189	0.0291906
0	37701_SFF	0	2811017_SFF	15826	0.0722861	0.0370277	-0.0134213
0	37701_SFF	0	37685_SFF	17341	0.0749668	0.0389828	-0.0100468
0	37701_SFF	0	37686_SFF	17141	0.0808588	0.0385625	0.000974388
0	37701_SFF	0	37687_SFF	17312	0.0726664	0.0406654	-0.0227843
0	37701_SFF	0	37689_SFF	17338	0.0721537	0.0402007	-0.0213811
0	37701_SFF	0	37690_SFF	16719	0.0753634	0.0381602	-0.00746912
0	37701_SFF	0	37695_SFF	15238	0.0696286	0.0360284	-0.00772201
0	37701_SFF	0	37697_SFF	17067	0.0738267	0.0353899	0.00437482
0	37701_SFF	0	37698_SFF	16842	0.0756442	0.0369909	-0.00114123
0	37701_SFF	0	37699_SFF	16821	0.0761548	0.0357886	0.00407725
0	37701_SFF	0	37700_SFF	17352	0.0752075	0.040053	-0.0138851
0	37702_SFF	0	1304001_SFF	15980	0.0768461	0.0356696	0.00347736
0	37702_SFF	0	1304004_SFF	16416	0.0760234	0.036367	0.00448974
0	37702_SFF	0	1304006_SFF	16761	0.0744586	0.0402124	-0.0140835
0	37702_SFF	0	1304010_SFF	10304	0.0846273	0.0248447	0.052595
0	37702_SFF	0	1304011_SFF	16492	0.0739146	0.0363206	-0.00280737
0	37702_SFF	0	1306009_SFF	16820	0.0762188	0.0402497	-0.0164483
0	37702_SFF	0	1306011_SFF	16890	0.0750148	0.0379515	-0.0100167
0	37702_SFF	0	1306014_SFF	15489	0.078701	0.0400284	-0.0713415
0	37702_SFF	0	1306015_BFF	16750	0.0665672	0.0659104	-0.198472
0	37702_SFF	0	1307003_SFF	16871	0.0736175	0.0387055	-0.0105292
0	37702_SFF	0	1307004_SFF	16663	0.0759167	0.0385885	-0.0107314
0	37702_SFF	0	1611011_BFF	16935	0.0674934	0.0668438	-0.204025
0	37702_SFF	0	1409002_SFF	16092	0.0743848	0.036167	-0.00147667
0	37702_SFF	0	1409007_SFF	16466	0.0773108	0.0383214	-0.00425773
0	37702_SFF	0	1409008_SFF	16725	0.0722272	0.0388042	-0.0151472
0	37702_SFF	0	1409009_SFF	16265	0.0753151	0.0393483	-0.0105828
0	37702_SFF	0	1409012_SFF	15788	0.0755004	0.0355333	0.00766687
0	37702_SFF	0	1409013_SFF	16142	0.0722959	0.0375418	-0.012873
0	37702_SFF	0	1409026_SFF	12506	0.081321	0.0289461	0.0256435
0	37702_SFF	0	1409027_SFF	15349	0.0723174	0.0348557	-0.00408195
0	37702_SFF	0	1409030_SFF	16203	0.0760353	0.0378325	-0.00931587
0	37702_SFF	0	1409031_SFF	15599	0.0785948	0.0355792	0.00776772
0	37702_SFF	0	1409032_SFF	16558	0.0750695	0.0357531	0.00268969
0	37702_SFF	0	1410001_SFF	15166	0.0759594	0.034551	0.0101256
0	37702_SFF	0	1410002_SFF	15778	0.0796045	0.0356192	0.00790101
0	37702_SFF	0	1412001_BFF	16918	0.0640738	0.0656106	-0.207965
0	37702_SFF	0	1412006_BFF	16697	0.0628855	0.0653411	-0.208148
0	37702_SFF	0	1412010_BFF	15245	0.0673008	0.056084	-0.168172
0	37702_SFF	0	1412014_BFF	15360	0.0684245	0.0545573	-0.159417
0	37702_SFF	0	1412024_BFF	16009	0.0637142	0.060466	-0.185277
0	37702_SFF	0	1510003_SFF	13672	0.0808221	0.0321826	0.0232659
0	37702_SFF	0	1510004_SFF	16877	0.0820643	0.0378029	-0.00575909
0	37702_SFF	0	1610001_BFF	16706	0.0603376	0.070753	-0.241271
0	37702_SFF	0	1610002_BFF	16747	0.0592942	0.069923	-0.235541
0	37702_SFF	0	1610012_BFF	16917	0.0597033	0.0726488	-0.25387
0	37702_SFF	0	1610013_BFF	16237	0.0607871	0.0665148	-0.217388
0	37702_SFF	0	1610015_BFF	16840	0.0612827	0.0719121	-0.244457
0	37702_SFF	0	1610016_BFF	17010	0.0597296	0.0744856	-0.25467
0	37702_SFF	0	1610017_BFF	17032	0.0607093	0.0772663	-0.266392
0	37702_SFF	0	1409001_SFF	16615	0.0770388	0.0365333	-0.000282247
0	37702_SFF	0	1611012_BFF	15303	0.0678952	0.0595962	-0.171186
0	37702_SFF	0	1611013_BFF	12041	0.0674363	0.0494976	-0.128639
0	37702_SFF	0	1611032_BFF	16477	0.0670025	0.0644535	-0.200676
0	37702_SFF	0	1702005_BFF	15946	0.0816506	0.0396965	-0.120992
0	37702_SFF	0	1702006_BFF	16001	0.0672458	0.0564965	-0.168421
0	37702_SFF	0	1702007_BFF	16187	0.0640638	0.060666	-0.188871
0	37702_SFF	0	1702008_BFF	13522	0.0671498	0.0513977	-0.148492
0	37702_SFF	0	1702009_BFF	16941	0.0660528	0.0674695	-0.217346
0	37702_SFF	0	1702012_BFF	12487	0.0703131	0.047089	-0.130472
0	37702_SFF	0	1702013_BFF	16996	0.0645446	0.0667804	-0.219026
0	37702_SFF	0	1702014_BFF	13580	0.0712813	0.0505155	-0.144866
0	37702_SFF	0	1702016_BFF	15684	0.0652895	0.0617827	-0.197833
0	37702_SFF	0	1702017_BFF	14496	0.0686396	0.0567053	-0.171435
0	37702_SFF	0	1702018_BFF	17029	0.0648306	0.0674144	-0.21405
0	37702_SFF	0	1702019_BFF	16153	0.0669226	0.0602984	-0.180359
0	37702_SFF	0	1702020_BFF	16861	0.0631042	0.0675523	-0.215443
0	37702_SFF	0	1702022_BFF	16304	0.0685721	0.0581452	-0.173458
0	37702_SFF	0	1702024_BFF	13665	0.0624954	0.0515917	-0.142698
0	37702_SFF	0	1702026_BFF	16685	0.0656278	0.0629308	-0.19601
0	37702_SFF	0	1702027_BFF	15359	0.068494	0.0574907	-0.17643
0	37702_SFF	0	1702028_BFF	12899	0.0713234	0.0482208	-0.13772
0	37702_SFF	0	1702029_BFF	15689	0.0790363	0.0464657	-0.148388
0	37702_SFF	0	1702031_BFF	16077	0.0620763	0.071282	-0.236164
0	37702_SFF	0	DG02_BFF	16637	0.0643145	0.0620304	-0.20188
0	37702_SFF	0	1703018_BFF	16976	0.0604972	0.0703935	-0.240435
0	37702_SFF	0	1804002BFF	12876	0.0689655	0.0474526	-0.142777
0	37702_SFF	0	1804003BFF	15987	0.066429	0.0565459	-0.172593
0	37702_SFF	0	1804004BFF	15573	0.0658833	0.0559301	-0.172281
0	37702_SFF	0	1804005BFF	15900	0.067673	0.0583019	-0.17713
0	37702_SFF	0	1804006BFF	16188	0.0664072	0.0615271	-0.184729
0	37702_SFF	0	1804007BFF	15840	0.0673611	0.0563131	-0.167814
0	37702_SFF	0	1804008BFF	16155	0.068338	0.0580625	-0.173256
0	37702_SFF	0	1804009BFF	15978	0.0687821	0.0603955	-0.175088
0	37702_SFF	0	1804010BFF	16311	0.0662743	0.0598369	-0.18383
0	37702_SFF	0	1804011BFF	15433	0.0629171	0.0598069	-0.18905
0	37702_SFF	0	1804013BFF	14173	0.0606788	0.0595498	-0.194351
0	37702_SFF	0	1804014BFF	14714	0.0642925	0.0585157	-0.185094
0	37702_SFF	0	1804015BFF	15316	0.0616349	0.0605249	-0.193477
0	37702_SFF	0	1804016BFF	16143	0.0628136	0.0654773	-0.210962
0	37702_SFF	0	1804017BFF	15948	0.0645849	0.0635189	-0.207055
0	37702_SFF	0	1805001BFF	14957	0.0702012	0.050478	-0.147608
0	37702_SFF	0	1805002BFF	15973	0.0679271	0.0552182	-0.17064
0	37702_SFF	0	1805003BFF	13732	0.0700553	0.0502476	-0.143216
0	37702_SFF	0	1815076BFF_GHFF	14278	0.0663258	0.0521782	-0.157288
0	37702_SFF	0	1815092SFF	16107	0.0753089	0.0355746	0.00811404
0	37702_SFF	0	1815093BFF_SFF	15649	0.0640297	0.0550834	-0.165014
0	37702_SFF	0	1815094SFF	11563	0.0832829	0.0286258	0.0301205
0	37702_SFF	0	1815095SFF	16725	0.0753961	0.0371898	-0.00217635
0	37702_SFF	0	1815096SFF	15505	0.0788778	0.0357949	0.0081843
0	37702_SFF	0	2411005_SFF	16104	0.0767511	0.0351465	0.00336651
0	37702_SFF	0	2411007_SFF	13858	0.0787992	0.0324001	0.0250687
0	37702_SFF	0	2811016_SFF	11211	0.0937472	0.0226563	0.0452679
0	37702_SFF	0	2811017_SFF	15561	0.0743525	0.035409	-0.000153704
0	37702_SFF	0	37685_SFF	17049	0.0778345	0.0347821	0.0174917
0	37702_SFF	0	37686_SFF	16844	0.0785443	0.037877	0.00278707
0	37702_SFF	0	37687_SFF	17026	0.0761776	0.0354164	0.00545326
0	37702_SFF	0	37689_SFF	17044	0.0752758	0.0384886	-0.00826099
0	37702_SFF	0	37690_SFF	16441	0.0770634	0.0364941	0.00930965
0	37702_SFF	0	37695_SFF	14988	0.0741927	0.0351615	0.00171121
0	37702_SFF	0	37697_SFF	16789	0.0765382	0.0334147	0.0182892
0	37702_SFF	0	37698_SFF	16569	0.0765888	0.0365743	0.00750643
0	37702_SFF	0	37699_SFF	16557	0.0767651	0.0358761	0.01039
0	37702_SFF	0	37700_SFF	17058	0.078321	0.0385743	-0.000346837
0	37702_SFF	0	37701_SFF	16977	0.075455	0.0378159	-0.00620068
0	37703_SFF	0	1304001_SFF	16051	0.0717089	0.0375678	-0.0287188
0	37703_SFF	0	1304004_SFF	16453	0.0713548	0.0364067	-0.0177933
0	37703_SFF	0	1304006_SFF	16804	0.0710545	0.0389788	-0.0256261
0	37703_SFF	0	1304010_SFF	10325	0.0809685	0.0264407	0.027027
0	37703_SFF	0	1304011_SFF	16542	0.0727844	0.0365131	-0.015364
0	37703_SFF	0	1306009_SFF	16873	0.0755645	0.0398269	-0.0276247
0	37703_SFF	0	1306011_SFF	16941	0.0700077	0.0404935	-0.0440497
0	37703_SFF	0	1306014_SFF	15510	0.0779497	0.0401676	-0.0834379
0	37703_SFF	0	1306015_BFF	16798	0.0601262	0.0655435	-0.234026
0	37703_SFF	0	1307003_SFF	16927	0.0704791	0.0394636	-0.0352204
0	37703_SFF	0	1307004_SFF	16714	0.0726936	0.037693	-0.0247648
0	37703_SFF	0	1611011_BFF	16990	0.0595644	0.066392	-0.240578
0	37703_SFF	0	1409002_SFF	16128	0.0717386	0.0390005	-0.0343258
0	37703_SFF	0	1409007_SFF	16500	0.0716364	0.0385455	-0.0326992
0	37703_SFF	0	1409008_SFF	16772	0.068984	0.040663	-0.0377619
0	37703_SFF	0	1409009_SFF	16301	0.0708545	0.0373597	-0.0225218
0	37703_SFF	0	1409012_SFF	15845	0.0737141	0.0357842	-0.00658915
0	37703_SFF	0	1409013_SFF	16185	0.0706209	0.0355885	-0.0196483
0	37703_SFF	0	1409026_SFF	12500	0.07544	0.02912	0.00391566
0	37703_SFF	0	1409027_SFF	15392	0.0736746	0.0372921	-0.0250647
0	37703_SFF	0	1409030_SFF	16241	0.0718552	0.0376824	-0.030687
0	37703_SFF	0	1409031_SFF	15676	0.0738709	0.035532	-0.0176583
0	37703_SFF	0	1409032_SFF	16608	0.072435	0.0407033	-0.0376955
0	37703_SFF	0	1410001_SFF	15199	0.0734259	0.0366471	-0.0164162
0	37703_SFF	0	1410002_SFF	15827	0.0741139	0.0353826	-0.0168382
0	37703_SFF	0	1412001_BFF	16974	0.0620361	0.0685755	-0.246486
0	37703_SFF	0	1412006_BFF	16751	0.063638	0.0679362	-0.24334
0	37703_SFF	0	1412010_BFF	15283	0.0663482	0.0579075	-0.196083
0	37703_SFF	0	1412014_BFF	15395	0.0685937	0.0572913	-0.194373
0	37703_SFF	0	1412024_BFF	16062	0.0636907	0.0613871	-0.210262
0	37703_SFF	0	1510003_SFF	13692	0.07435	0.0336693	-0.00842697
0	37703_SFF	0	1510004_SFF	16924	0.0765186	0.0375798	-0.0274161
0	37703_SFF	0	1610001_BFF	16756	0.0579494	0.072571	-0.27756
0	37703_SFF	0	1610002_BFF	16800	0.056131	0.0732738	-0.279643
0	37703_SFF	0	1610012_BFF	16969	0.0612293	0.073428	-0.275466
0	37703_SFF	0	1610013_BFF	16272	0.0574607	0.0676622	-0.251647
0	37703_SFF	0	1610015_BFF	16892	0.057542	0.0729339	-0.281259
0	37703_SFF	0	1610016_BFF	17060	0.0560375	0.0760258	-0.292773
0	37703_SFF	0	1610017_BFF	17084	0.0551393	0.0762702	-0.296323
0	37703_SFF	0	1409001_SFF	16668	0.0722942	0.037857	-0.0278347
0	37703_SFF	0	1611012_BFF	15339	0.0619336	0.0573049	-0.192939
0	37703_SFF	0	1611013_BFF	12053	0.0615614	0.050112	-0.160385
0	37703_SFF	0	1611032_BFF	16512	0.0634084	0.0646197	-0.234102
0	37703_SFF	0	1702005_BFF	15994	0.075966	0.0385144	-0.146516
0	37703_SFF	0	1702006_BFF	16041	0.0650209	0.0574777	-0.192918
0	37703_SFF	0	1702007_BFF	16235	0.0616569	0.0603634	-0.21203
0	37703_SFF	0	1702008_BFF	13522	0.0645615	0.0519154	-0.182035
0	37703_SFF	0	1702009_BFF	16992	0.0636182	0.0666196	-0.239168
0	37703_SFF	0	1702012_BFF	12512	0.0664162	0.046915	-0.160757
0	37703_SFF	0	1702013_BFF	17046	0.0624193	0.0674058	-0.245711
0	37703_SFF	0	1702014_BFF	13619	0.0663779	0.0500771	-0.172269
0	37703_SFF	0	1702016_BFF	15732	0.0644546	0.0629291	-0.22174
0	37703_SFF	0	1702017_BFF	14500	0.0633103	0.0571034	-0.210284
0	37703_SFF	0	1702018_BFF	17085	0.062628	0.0674276	-0.239777
0	37703_SFF	0	1702019_BFF	16197	0.0625424	0.0633451	-0.224231
0	37703_SFF	0	1702020_BFF	16912	0.0600166	0.0680582	-0.245016
0	37703_SFF	0	1702022_BFF	16354	0.0626758	0.059435	-0.209869
0	37703_SFF	0	1702024_BFF	13687	0.0583035	0.055308	-0.190231
0	37703_SFF	0	1702026_BFF	16737	0.062556	0.0647069	-0.232409
0	37703_SFF	0	1702027_BFF	15401	0.0641517	0.0579832	-0.205519
0	37703_SFF	0	1702028_BFF	12968	0.0699414	0.0490438	-0.161312
0	37703_SFF	0	1702029_BFF	15741	0.0744552	0.0490439	-0.18969
0	37703_SFF	0	1702031_BFF	16118	0.0564586	0.0709145	-0.265941
0	37703_SFF	0	DG02_BFF	16693	0.0655365	0.06332	-0.220129
0	37703_SFF	0	1703018_BFF	17024	0.0572133	0.0716635	-0.27495
0	37703_SFF	0	1804002BFF	12928	0.0686108	0.0471071	-0.154002
0	37703_SFF	0	1804003BFF	16047	0.0639995	0.0558983	-0.194478
0	37703_SFF	0	1804004BFF	15615	0.0632725	0.0572526	-0.201118
0	37703_SFF	0	1804005BFF	15962	0.0661571	0.0622102	-0.214351
0	37703_SFF	0	1804006BFF	16251	0.063073	0.0609193	-0.209883
0	37703_SFF	0	1804007BFF	15906	0.064001	0.0585942	-0.206538
0	37703_SFF	0	1804008BFF	16213	0.0641461	0.0582866	-0.20006
0	37703_SFF	0	1804009BFF	16044	0.0609574	0.0592122	-0.210804
0	37703_SFF	0	1804010BFF	16387	0.0641362	0.0615122	-0.217113
0	37703_SFF	0	1804011BFF	15487	0.0616001	0.0597921	-0.208385
0	37703_SFF	0	1804013BFF	14248	0.0569203	0.0596575	-0.220251
0	37703_SFF	0	1804014BFF	14787	0.0627578	0.0589707	-0.21074
0	37703_SFF	0	1804015BFF	15367	0.0606494	0.0601939	-0.213583
0	37703_SFF	0	1804016BFF	16196	0.0579155	0.0672388	-0.252568
0	37703_SFF	0	1804017BFF	15989	0.0602915	0.0634811	-0.236336
0	37703_SFF	0	1805001BFF	15006	0.0647741	0.0505798	-0.172181
0	37703_SFF	0	1805002BFF	16031	0.0651862	0.0602582	-0.215422
0	37703_SFF	0	1805003BFF	13778	0.0670634	0.0494266	-0.162617
0	37703_SFF	0	1815076BFF_GHFF	14338	0.066397	0.0523783	-0.172588
0	37703_SFF	0	1815092SFF	16175	0.0710974	0.0362287	-0.0165452
0	37703_SFF	0	1815093BFF_SFF	15703	0.0632363	0.0567408	-0.187191
0	37703_SFF	0	1815094SFF	11554	0.080232	0.0276095	0.0152858
0	37703_SFF	0	1815095SFF	16776	0.0712923	0.0375536	-0.0255773
0	37703_SFF	0	1815096SFF	15562	0.072163	0.0338645	-0.0132085
0	37703_SFF	0	2411005_SFF	16152	0.0734894	0.0377662	-0.0279219
0	37703_SFF	0	2411007_SFF	13876	0.0730037	0.032286	0.00161406
0	37703_SFF	0	2811016_SFF	11268	0.0905218	0.0220092	0.0351441
0	37703_SFF	0	2811017_SFF	15610	0.0737348	0.0367072	-0.0137233
0	37703_SFF	0	37685_SFF	17104	0.0741932	0.038529	-0.0159681
0	37703_SFF	0	37686_SFF	16889	0.0743087	0.0368287	-0.0124565
0	37703_SFF	0	37687_SFF	17071	0.0723449	0.0373147	-0.00880584
0	37703_SFF	0	37689_SFF	17098	0.0734004	0.0387765	-0.0157632
0	37703_SFF	0	37690_SFF	16485	0.0747953	0.0383985	-0.0157879
0	37703_SFF	0	37695_SFF	15025	0.0680865	0.0359401	-0.0126363
0	37703_SFF	0	37697_SFF	16842	0.074813	0.0379409	-0.00850538
0	37703_SFF	0	37698_SFF	16610	0.0712222	0.0362432	-0.0140325
0	37703_SFF	0	37699_SFF	16604	0.0740785	0.0348109	-0.000148236
0	37703_SFF	0	37700_SFF	17103	0.0719757	0.0402269	-0.027659
0	37703_SFF	0	37701_SFF	17034	0.0727956	0.0362217	-0.00372706
0	37703_SFF	0	37702_SFF	16738	0.0740829	0.0353686	-0.00360082
0	37704_SFF	0	1304001_SFF	16198	0.0763057	0.0354982	0.00564399
0	37704_SFF	0	1304004_SFF	16616	0.0770342	0.0376745	0.00265957
0	37704_SFF	0	1304006_SFF	16968	0.0756129	0.0366572	-0.00020903
0	37704_SFF	0	1304010_SFF	10420	0.0826296	0.0269674	0.0361613
0	37704_SFF	0	1304011_SFF	16718	0.0752482	0.0327192	0.0219115
0	37704_SFF	0	1306009_SFF	17033	0.0779076	0.040627	-0.0101113
0	37704_SFF	0	1306011_SFF	17109	0.076977	0.0390438	-0.00588793
0	37704_SFF	0	1306014_SFF	15672	0.0833971	0.039242	-0.0491731
0	37704_SFF	0	1306015_BFF	16976	0.0645617	0.0647385	-0.194467
0	37704_SFF	0	1307003_SFF	17087	0.0739744	0.0372798	-0.00135208
0	37704_SFF	0	1307004_SFF	16878	0.0753051	0.0366157	0.000756742
0	37704_SFF	0	1611011_BFF	17158	0.0653922	0.0659751	-0.19848
0	37704_SFF	0	1409002_SFF	16287	0.0764413	0.0365322	0.00659026
0	37704_SFF	0	1409007_SFF	16675	0.0762219	0.036042	0.00361111
0	37704_SFF	0	1409008_SFF	16952	0.0732657	0.0381666	-0.0123534
0	37704_SFF	0	1409009_SFF	16465	0.0757364	0.0387489	-0.00573492
0	37704_SFF	0	1409012_SFF	16007	0.0757169	0.0346723	0.0143214
0	37704_SFF	0	1409013_SFF	16356	0.0764246	0.035461	0.009383
0	37704_SFF	0	1409026_SFF	12617	0.0805263	0.0283744	0.0315799
0	37704_SFF	0	1409027_SFF	15542	0.0787543	0.0352593	0.0129246
0	37704_SFF	0	1409030_SFF	16404	0.0762619	0.035662	0.00594564
0	37704_SFF	0	1409031_SFF	15824	0.0794995	0.0356421	0.0123011
0	37704_SFF	0	1409032_SFF	16777	0.0778447	0.0360017	0.0104542
0	37704_SFF	0	1410001_SFF	15334	0.0761054	0.0346941	0.0148981
0	37704_SFF	0	1410002_SFF	15980	0.0775344	0.034418	0.00976392
0	37704_SFF	0	1412001_BFF	17140	0.0662777	0.0655193	-0.196496
0	37704_SFF	0	1412006_BFF	16923	0.0661821	0.064173	-0.192555
0	37704_SFF	0	1412010_BFF	15424	0.0672329	0.0573133	-0.175553
0	37704_SFF	0	1412014_BFF	15553	0.0713046	0.0568379	-0.153264
0	37704_SFF	0	1412024_BFF	16218	0.0660377	0.0593168	-0.169582
0	37704_SFF	0	1510003_SFF	13822	0.0816814	0.0292288	0.0439838
0	37704_SFF	0	1510004_SFF	17104	0.0800398	0.0378274	-0.00746471
0	37704_SFF	0	1610001_BFF	16926	0.0622711	0.0721966	-0.238947
0	37704_SFF	0	1610002_BFF	16970	0.0614025	0.0710666	-0.229314
0	37704_SFF	0	1610012_BFF	17145	0.0618256	0.074599	-0.250067
0	37704_SFF	0	1610013_BFF	16450	0.0634043	0.0665653	-0.203164
0	37704_SFF	0	1610015_BFF	17068	0.0625732	0.0724748	-0.238086
0	37704_SFF	0	1610016_BFF	17245	0.0605393	0.0752102	-0.248597
0	37704_SFF	0	1610017_BFF	17256	0.0602109	0.0756259	-0.252606
0	37704_SFF	0	1409001_SFF	16845	0.0765806	0.035144	0.0084478
0	37704_SFF	0	1611012_BFF	15501	0.0676731	0.056577	-0.149511
0	37704_SFF	0	1611013_BFF	12157	0.066217	0.048943	-0.128068
0	37704_SFF	0	1611032_BFF	16687	0.0677174	0.0656799	-0.204482
0	37704_SFF	0	1702005_BFF	16146	0.0800198	0.0369132	-0.107512
0	37704_SFF	0	1702006_BFF	16209	0.0669381	0.0566969	-0.16693
0	37704_SFF	0	1702007_BFF	16396	0.0687973	0.0598927	-0.169608
0	37704_SFF	0	1702008_BFF	13667	0.0719251	0.0515841	-0.13361
0	37704_SFF	0	1702009_BFF	17175	0.0645706	0.0653857	-0.205376
0	37704_SFF	0	1702012_BFF	12625	0.0724752	0.0463366	-0.11403
0	37704_SFF	0	1702013_BFF	17218	0.0651063	0.0663259	-0.208389
0	37704_SFF	0	1702014_BFF	13773	0.0734771	0.0488637	-0.122389
0	37704_SFF	0	1702016_BFF	15890	0.0684707	0.0622404	-0.183333
0	37704_SFF	0	1702017_BFF	14655	0.0687137	0.0570454	-0.167299
0	37704_SFF	0	1702018_BFF	17258	0.0656507	0.0643759	-0.190622
0	37704_SFF	0	1702019_BFF	16374	0.0660193	0.0600342	-0.176412
0	37704_SFF	0	1702020_BFF	17081	0.0629354	0.0669165	-0.206319
0	37704_SFF	0	1702022_BFF	16510	0.067656	0.0587523	-0.172544
0	37704_SFF	0	1702024_BFF	13822	0.0660541	0.0556359	-0.145847
0	37704_SFF	0	1702026_BFF	16906	0.0684964	0.0629954	-0.184637
0	37704_SFF	0	1702027_BFF	15560	0.0721722	0.0553342	-0.148433
0	37704_SFF	0	1702028_BFF	13080	0.0711009	0.0480887	-0.135781
0	37704_SFF	0	1702029_BFF	15898	0.0783746	0.0480564	-0.15517
0	37704_SFF	0	1702031_BFF	16277	0.0622965	0.0694231	-0.220204
0	37704_SFF	0	DG02_BFF	16864	0.0661765	0.0625593	-0.189379
0	37704_SFF	0	1703018_BFF	17207	0.0614866	0.0713082	-0.236271
0	37704_SFF	0	1804002BFF	13053	0.0694093	0.043898	-0.117419
0	37704_SFF	0	1804003BFF	16201	0.0727116	0.0558607	-0.149059
0	37704_SFF	0	1804004BFF	15779	0.068382	0.0565942	-0.164305
0	37704_SFF	0	1804005BFF	16118	0.0703561	0.0587542	-0.16468
0	37704_SFF	0	1804006BFF	16408	0.0661263	0.0594222	-0.170487
0	37704_SFF	0	1804007BFF	16055	0.0684522	0.0606042	-0.183857
0	37704_SFF	0	1804008BFF	16380	0.0691697	0.0583639	-0.16406
0	37704_SFF	0	1804009BFF	16192	0.0683671	0.0584857	-0.164074
0	37704_SFF	0	1804010BFF	16533	0.0659892	0.0595173	-0.181155
0	37704_SFF	0	1804011BFF	15634	0.0667775	0.0603173	-0.179164
0	37704_SFF	0	1804013BFF	14370	0.0610299	0.0590814	-0.1817
0	37704_SFF	0	1804014BFF	14921	0.0656122	0.0568327	-0.168369
0	37704_SFF	0	1804015BFF	15522	0.0636516	0.0595284	-0.177912
0	37704_SFF	0	1804016BFF	16353	0.0635357	0.0672659	-0.212989
0	37704_SFF	0	1804017BFF	16176	0.0676311	0.0639219	-0.194863
0	37704_SFF	0	1805001BFF	15163	0.0710282	0.0494625	-0.129897
0	37704_SFF	0	1805002BFF	16187	0.0683882	0.0573917	-0.172379
0	37704_SFF	0	1805003BFF	13901	0.069923	0.0484138	-0.129255
0	37704_SFF	0	1815076BFF_GHFF	14462	0.0693542	0.0495782	-0.12784
0	37704_SFF	0	1815092SFF	16321	0.0757307	0.0335764	0.0182927
0	37704_SFF	0	1815093BFF_SFF	15856	0.0676085	0.0574546	-0.157577
0	37704_SFF	0	1815094SFF	11692	0.0847588	0.0260007	0.0466954
0	37704_SFF	0	1815095SFF	16945	0.0771909	0.0364709	0.00781464
0	37704_SFF	0	1815096SFF	15697	0.0792508	0.0340829	0.0194196
0	37704_SFF	0	2411005_SFF	16306	0.0770882	0.036551	-0.000143513
0	37704_SFF	0	2411007_SFF	14015	0.0809847	0.0328933	0.0303463
0	37704_SFF	0	2811016_SFF	11364	0.092661	0.0214713	0.0559347
0	37704_SFF	0	2811017_SFF	15771	0.0765963	0.0346839	0.014732
0	37704_SFF	0	37685_SFF	17269	0.0776536	0.0364236	0.0048011
0	37704_SFF	0	37686_SFF	17067	0.0782211	0.0362102	0.0130901
0	37704_SFF	0	37687_SFF	17244	0.0739968	0.0375203	-0.01279
0	37704_SFF	0	37689_SFF	17270	0.0740591	0.0375217	-0.0100332
0	37704_SFF	0	37690_SFF	16649	0.0777824	0.0360382	0.0113379
0	37704_SFF	0	37695_SFF	15162	0.0758475	0.0328453	0.0149483
0	37704_SFF	0	37697_SFF	17003	0.076163	0.0342293	0.011236
0	37704_SFF	0	37698_SFF	16789	0.0745726	0.0345464	0.00893611
0	37704_SFF	0	37699_SFF	16755	0.07735	0.0359893	0.010341
0	37704_SFF	0	37700_SFF	17284	0.0762555	0.0378963	-0.00660611
0	37704_SFF	0	37701_SFF	17195	0.0758942	0.0380925	-0.0106056
0	37704_SFF	0	37702_SFF	16912	0.0818945	0.0371925	0.0140044
0	37704_SFF	0	37703_SFF	16956	0.0751946	0.0363293	-0.00786209
0	37705_SFF	0	1304001_SFF	15974	0.0731814	0.0383123	-0.0284459
0	37705_SFF	0	1304004_SFF	16409	0.073801	0.037967	-0.0241887
0	37705_SFF	0	1304006_SFF	16738	0.0730075	0.0402677	-0.0318519
0	37705_SFF	0	1304010_SFF	10321	0.078287	0.0279043	0.00675
0	37705_SFF	0	1304011_SFF	16477	0.0730716	0.0390241	-0.0298766
0	37705_SFF	0	1306009_SFF	16802	0.0718367	0.0399952	-0.0422452
0	37705_SFF	0	1306011_SFF	16871	0.0722542	0.0413135	-0.048966
0	37705_SFF	0	1306014_SFF	15469	0.0746655	0.0416317	-0.105812
0	37705_SFF	0	1306015_BFF	16732	0.060961	0.0667583	-0.244021
0	37705_SFF	0	1307003_SFF	16853	0.0716786	0.0401116	-0.0390533
0	37705_SFF	0	1307004_SFF	16646	0.07257	0.04031	-0.0415173
0	37705_SFF	0	1611011_BFF	16915	0.0603015	0.0672776	-0.249708
0	37705_SFF	0	1409002_SFF	16055	0.0734351	0.0386795	-0.0276401
0	37705_SFF	0	1409007_SFF	16453	0.0727527	0.0387163	-0.0350798
0	37705_SFF	0	1409008_SFF	16714	0.0704798	0.0415221	-0.0430092
0	37705_SFF	0	1409009_SFF	16262	0.0701021	0.0389866	-0.0349421
0	37705_SFF	0	1409012_SFF	15798	0.0699456	0.0349411	-0.0147198
0	37705_SFF	0	1409013_SFF	16134	0.0709062	0.0391719	-0.0393519
0	37705_SFF	0	1409026_SFF	12493	0.0764428	0.0298567	-0.000814001
0	37705_SFF	0	1409027_SFF	15374	0.0717445	0.0387667	-0.041981
0	37705_SFF	0	1409030_SFF	16176	0.0712784	0.0399975	-0.0480148
0	37705_SFF	0	1409031_SFF	15601	0.0737132	0.0389078	-0.0350877
0	37705_SFF	0	1409032_SFF	16543	0.0719942	0.0402587	-0.0425548
0	37705_SFF	0	1410001_SFF	15193	0.0735865	0.0384388	-0.028609
0	37705_SFF	0	1410002_SFF	15770	0.0738744	0.0350666	-0.0184194
0	37705_SFF	0	1412001_BFF	16904	0.0619972	0.0680312	-0.250585
0	37705_SFF	0	1412006_BFF	16694	0.0613993	0.0669103	-0.249703
0	37705_SFF	0	1412010_BFF	15229	0.0653359	0.0570622	-0.202285
0	37705_SFF	0	1412014_BFF	15354	0.0651296	0.0582259	-0.205557
0	37705_SFF	0	1412024_BFF	16001	0.0617461	0.0613712	-0.220062
0	37705_SFF	0	1510003_SFF	13648	0.0756155	0.0345838	-0.0148469
0	37705_SFF	0	1510004_SFF	16855	0.0746959	0.0392762	-0.0452276
0	37705_SFF	0	1610001_BFF	16695	0.0577418	0.074693	-0.298526
0	37705_SFF	0	1610002_BFF	16739	0.0568134	0.0759305	-0.30117
0	37705_SFF	0	1610012_BFF	16899	0.0579916	0.0762767	-0.30365
0	37705_SFF	0	1610013_BFF	16215	0.0577243	0.0683318	-0.260966
0	37705_SFF	0	1610015_BFF	16817	0.0601177	0.0745674	-0.289447
0	37705_SFF	0	1610016_BFF	16993	0.0584947	0.0782087	-0.304101
0	37705_SFF	0	1610017_BFF	17020	0.0579906	0.0803173	-0.317766
0	37705_SFF	0	1409001_SFF	16618	0.071248	0.0395354	-0.0450612
0	37705_SFF	0	1611012_BFF	15304	0.0625327	0.0605071	-0.211321
0	37705_SFF	0	1611013_BFF	12039	0.0659523	0.0527452	-0.168605
0	37705_SFF	0	1611032_BFF	16465	0.0621318	0.0657759	-0.247376
0	37705_SFF	0	1702005_BFF	15927	0.0779808	0.0399322	-0.153883
0	37705_SFF	0	1702006_BFF	16001	0.063996	0.0616836	-0.224876
0	37705_SFF	0	1702007_BFF	16180	0.0640297	0.0624845	-0.223182
0	37705_SFF	0	1702008_BFF	13491	0.0674524	0.0547031	-0.186012
0	37705_SFF	0	1702009_BFF	16926	0.0617393	0.0668794	-0.250509
0	37705_SFF	0	1702012_BFF	12503	0.0691834	0.0486283	-0.160351
0	37705_SFF	0	1702013_BFF	16979	0.0621945	0.0672007	-0.251674
0	37705_SFF	0	1702014_BFF	13626	0.0704535	0.0529869	-0.175
0	37705_SFF	0	1702016_BFF	15672	0.0623405	0.0652757	-0.246684
0	37705_SFF	0	1702017_BFF	14489	0.0639796	0.0583201	-0.215402
0	37705_SFF	0	1702018_BFF	17012	0.0607218	0.0681284	-0.254584
0	37705_SFF	0	1702019_BFF	16142	0.0643043	0.0643043	-0.233415
0	37705_SFF	0	1702020_BFF	16837	0.0592148	0.0700244	-0.262749
0	37705_SFF	0	1702022_BFF	16312	0.0647376	0.0613659	-0.223904
0	37705_SFF	0	1702024_BFF	13666	0.0613201	0.056271	-0.189402
0	37705_SFF	0	1702026_BFF	16668	0.0610751	0.0650348	-0.243626
0	37705_SFF	0	1702027_BFF	15353	0.064743	0.0595975	-0.222593
0	37705_SFF	0	1702028_BFF	12941	0.0692373	0.0474461	-0.161038
0	37705_SFF	0	1702029_BFF	15685	0.0769525	0.0506216	-0.20032
0	37705_SFF	0	1702031_BFF	16067	0.0573225	0.0730068	-0.283815
0	37705_SFF	0	DG02_BFF	16624	0.0668311	0.0649663	-0.2339
0	37705_SFF	0	1703018_BFF	16964	0.0582999	0.0729781	-0.288237
0	37705_SFF	0	1804002BFF	12872	0.067977	0.0477781	-0.163633
0	37705_SFF	0	1804003BFF	15995	0.0658331	0.0578306	-0.204433
0	37705_SFF	0	1804004BFF	15563	0.0648975	0.0595644	-0.217905
0	37705_SFF	0	1804005BFF	15895	0.0636678	0.0621579	-0.231077
0	37705_SFF	0	1804006BFF	16169	0.0611664	0.0622178	-0.22611
0	37705_SFF	0	1804007BFF	15843	0.0637506	0.0608471	-0.229364
0	37705_SFF	0	1804008BFF	16152	0.0626548	0.0610451	-0.229793
0	37705_SFF	0	1804009BFF	15972	0.066554	0.0627974	-0.22307
0	37705_SFF	0	1804010BFF	16311	0.0619214	0.062841	-0.238896
0	37705_SFF	0	1804011BFF	15425	0.0595786	0.0614587	-0.234425
0	37705_SFF	0	1804013BFF	14166	0.0567556	0.0626147	-0.241767
0	37705_SFF	0	1804014BFF	14708	0.0633669	0.0606473	-0.221671
0	37705_SFF	0	1804015BFF	15295	0.0591043	0.061458	-0.231904
0	37705_SFF	0	1804016BFF	16129	0.0597061	0.0675181	-0.25857
0	37705_SFF	0	1804017BFF	15943	0.0607163	0.0659223	-0.257941
0	37705_SFF	0	1805001BFF	14951	0.0662832	0.0536419	-0.19353
0	37705_SFF	0	1805002BFF	15943	0.0673023	0.0597127	-0.213942
0	37705_SFF	0	1805003BFF	13727	0.0670212	0.0512858	-0.182507
0	37705_SFF	0	1815076BFF_GHFF	14273	0.0649478	0.0517761	-0.177206
0	37705_SFF	0	1815092SFF	16091	0.069542	0.0366043	-0.0238169
0	37705_SFF	0	1815093BFF_SFF	15639	0.0667562	0.0596585	-0.202506
0	37705_SFF	0	1815094SFF	11574	0.0812165	0.0288578	0.0156723
0	37705_SFF	0	1815095SFF	16703	0.0705263	0.0411303	-0.0495227
0	37705_SFF	0	1815096SFF	15477	0.07411	0.0352135	-0.0165483
0	37705_SFF	0	2411005_SFF	16086	0.0713664	0.0371752	-0.0362903
0	37705_SFF	0	2411007_SFF	13847	0.0745288	0.0339424	-0.00504141
0	37705_SFF	0	2811016_SFF	11228	0.0886177	0.022533	0.0236794
0	37705_SFF	0	2811017_SFF	15550	0.0696463	0.0369132	-0.0294446
0	37705_SFF	0	37685_SFF	17032	0.07345	0.0375176	-0.0151954
0	37705_SFF	0	37686_SFF	16833	0.0741995	0.0397434	-0.031038
0	37705_SFF	0	37687_SFF	17003	0.0723402	0.0411104	-0.0327355
0	37705_SFF	0	37689_SFF	17025	0.0715419	0.0399413	-0.0298486
0	37705_SFF	0	37690_SFF	16442	0.072923	0.0388639	-0.0255793
0	37705_SFF	0	37695_SFF	14994	0.0692944	0.0374817	-0.0212997
0	37705_SFF	0	37697_SFF	16765	0.0736057	0.0365643	-0.00736811
0	37705_SFF	0	37698_SFF	16564	0.0737745	0.0382154	-0.0195946
0	37705_SFF	0	37699_SFF	16530	0.0733817	0.0369026	-0.0176364
0	37705_SFF	0	37700_SFF	17040	0.0724178	0.0400235	-0.0293264
0	37705_SFF	0	37701_SFF	16963	0.070978	0.039144	-0.0261891
0	37705_SFF	0	37702_SFF	16686	0.0721563	0.0387151	-0.0286118
0	37705_SFF	0	37703_SFF	16734	0.0718298	0.0393211	-0.0195035
0	37705_SFF	0	37704_SFF	16895	0.0765315	0.0378218	-0.0180989
0	37706_SFF	0	1304001_SFF	16250	0.0740923	0.0379077	-0.0210203
0	37706_SFF	0	1304004_SFF	16670	0.0693461	0.0388722	-0.0327606
0	37706_SFF	0	1304006_SFF	17028	0.0730561	0.039993	-0.0232955
0	37706_SFF	0	1304010_SFF	10451	0.0758779	0.028514	-0.00208743
0	37706_SFF	0	1304011_SFF	16765	0.0734864	0.0387712	-0.0222319
0	37706_SFF	0	1306009_SFF	17094	0.0747631	0.042705	-0.0415247
0	37706_SFF	0	1306011_SFF	17172	0.07256	0.041987	-0.0428773
0	37706_SFF	0	1306014_SFF	15718	0.075773	0.0402723	-0.0871538
0	37706_SFF	0	1306015_BFF	17027	0.0644271	0.0675985	-0.227318
0	37706_SFF	0	1307003_SFF	17153	0.0724655	0.0393517	-0.0272214
0	37706_SFF	0	1307004_SFF	16942	0.0727187	0.0411404	-0.0381647
0	37706_SFF	0	1611011_BFF	17215	0.0612257	0.0663956	-0.230193
0	37706_SFF	0	1409002_SFF	16345	0.0721322	0.0379933	-0.0206483
0	37706_SFF	0	1409007_SFF	16725	0.0697758	0.0395815	-0.0401046
0	37706_SFF	0	1409008_SFF	17004	0.0690426	0.0415785	-0.0400541
0	37706_SFF	0	1409009_SFF	16538	0.0708066	0.0396662	-0.0291326
0	37706_SFF	0	1409012_SFF	16068	0.0711974	0.038835	-0.0299539
0	37706_SFF	0	1409013_SFF	16404	0.071385	0.0385881	-0.0284378
0	37706_SFF	0	1409026_SFF	12674	0.0769291	0.0295881	0.00513834
0	37706_SFF	0	1409027_SFF	15585	0.075008	0.0381136	-0.0206048
0	37706_SFF	0	1409030_SFF	16464	0.0727648	0.0395408	-0.0347407
0	37706_SFF	0	1409031_SFF	15880	0.0742443	0.0379723	-0.025838
0	37706_SFF	0	1409032_SFF	16829	0.0742171	0.0405253	-0.0302158
0	37706_SFF	0	1410001_SFF	15392	0.0717905	0.0355379	-0.0108523
0	37706_SFF	0	1410002_SFF	16033	0.0765297	0.0369238	-0.0153449
0	37706_SFF	0	1412001_BFF	17196	0.0626308	0.0655385	-0.225405
0	37706_SFF	0	1412006_BFF	16975	0.06162	0.0672754	-0.236536
0	37706_SFF	0	1412010_BFF	15478	0.064091	0.0569195	-0.194263
0	37706_SFF	0	1412014_BFF	15594	0.065538	0.058484	-0.200031
0	37706_SFF	0	1412024_BFF	16269	0.0623271	0.0628189	-0.211431
0	37706_SFF	0	1510003_SFF	13869	0.0751316	0.0336001	-0.00416667
0	37706_SFF	0	1510004_SFF	17164	0.0777791	0.040783	-0.0389391
0	37706_SFF	0	1610001_BFF	16985	0.061466	0.0754195	-0.278086
0	37706_SFF	0	1610002_BFF	17020	0.0587544	0.0738543	-0.270863
0	37706_SFF	0	1610012_BFF	17198	0.0601814	0.0752995	-0.280331
0	37706_SFF	0	1610013_BFF	16494	0.0605069	0.07239	-0.259772
0	37706_SFF	0	1610015_BFF	17122	0.0584628	0.0735895	-0.274148
0	37706_SFF	0	1610016_BFF	17292	0.0586398	0.0781864	-0.290829
0	37706_SFF	0	1610017_BFF	17312	0.0553373	0.0783849	-0.300042
0	37706_SFF	0	1409001_SFF	16886	0.0737889	0.0421059	-0.0432046
0	37706_SFF	0	1611012_BFF	15541	0.0633164	0.0602921	-0.196838
0	37706_SFF	0	1611013_BFF	12209	0.0660988	0.0529937	-0.160966
0	37706_SFF	0	1611032_BFF	16736	0.0646511	0.0678179	-0.24092
0	37706_SFF	0	1702005_BFF	16204	0.0754752	0.0390644	-0.144381
0	37706_SFF	0	1702006_BFF	16269	0.0622657	0.061651	-0.217775
0	37706_SFF	0	1702007_BFF	16456	0.0612543	0.062105	-0.219507
0	37706_SFF	0	1702008_BFF	13717	0.0684552	0.0538748	-0.174075
0	37706_SFF	0	1702009_BFF	17230	0.0641323	0.0670342	-0.233785
0	37706_SFF	0	1702012_BFF	12673	0.0672295	0.0509745	-0.161407
0	37706_SFF	0	1702013_BFF	17277	0.064363	0.0684147	-0.239758
0	37706_SFF	0	1702014_BFF	13810	0.0668356	0.0527878	-0.180635
0	37706_SFF	0	1702016_BFF	15944	0.0627822	0.063723	-0.224758
0	37706_SFF	0	1702017_BFF	14723	0.0660192	0.0592271	-0.204598
0	37706_SFF	0	1702018_BFF	17313	0.0626119	0.0672905	-0.232915
0	37706_SFF	0	1702019_BFF	16407	0.0622295	0.0638752	-0.224734
0	37706_SFF	0	1702020_BFF	17138	0.061034	0.0686778	-0.241815
0	37706_SFF	0	1702022_BFF	16577	0.0647282	0.0606262	-0.210076
0	37706_SFF	0	1702024_BFF	13859	0.0629194	0.0562811	-0.175725
0	37706_SFF	0	1702026_BFF	16963	0.0643165	0.0630785	-0.212719
0	37706_SFF	0	1702027_BFF	15601	0.0634575	0.0570476	-0.200514
0	37706_SFF	0	1702028_BFF	13136	0.0682095	0.050472	-0.169933
0	37706_SFF	0	1702029_BFF	15956	0.0745801	0.0518927	-0.198806
0	37706_SFF	0	1702031_BFF	16334	0.0591404	0.0718134	-0.259084
0	37706_SFF	0	DG02_BFF	16909	0.0625702	0.0648176	-0.230962
0	37706_SFF	0	1703018_BFF	17256	0.0590519	0.0751043	-0.283473
0	37706_SFF	0	1804002BFF	13076	0.0660753	0.0474151	-0.161648
0	37706_SFF	0	1804003BFF	16257	0.0654487	0.0575752	-0.194469
0	37706_SFF	0	1804004BFF	15813	0.0648833	0.05818	-0.198435
0	37706_SFF	0	1804005BFF	16174	0.066341	0.063126	-0.212426
0	37706_SFF	0	1804006BFF	16464	0.0632289	0.0626822	-0.21128
0	37706_SFF	0	1804007BFF	16101	0.0675734	0.0590025	-0.194295
0	37706_SFF	0	1804008BFF	16421	0.0618111	0.0615675	-0.217692
0	37706_SFF	0	1804009BFF	16247	0.0680126	0.0622884	-0.204647
0	37706_SFF	0	1804010BFF	16588	0.0614902	0.0613697	-0.217906
0	37706_SFF	0	1804011BFF	15680	0.059375	0.0637755	-0.235335
0	37706_SFF	0	1804013BFF	14403	0.0621398	0.0602652	-0.205463
0	37706_SFF	0	1804014BFF	14956	0.0625836	0.0611795	-0.223628
0	37706_SFF	0	1804015BFF	15566	0.0604523	0.0633432	-0.225234
0	37706_SFF	0	1804016BFF	16402	0.0582856	0.0691379	-0.255388
0	37706_SFF	0	1804017BFF	16211	0.0603911	0.0656344	-0.242178
0	37706_SFF	0	1805001BFF	15203	0.0672894	0.0522265	-0.175539
0	37706_SFF	0	1805002BFF	16234	0.0672046	0.0598127	-0.207655
0	37706_SFF	0	1805003BFF	13941	0.0671401	0.0538699	-0.181746
0	37706_SFF	0	1815076BFF_GHFF	14500	0.0652414	0.0528966	-0.172665
0	37706_SFF	0	1815092SFF	16380	0.070696	0.0382173	-0.0238272
0	37706_SFF	0	1815093BFF_SFF	15911	0.0661178	0.0599585	-0.195682
0	37706_SFF	0	1815094SFF	11723	0.0794165	0.0287469	0.0114601
0	37706_SFF	0	1815095SFF	17001	0.0715252	0.0394683	-0.0305643
0	37706_SFF	0	1815096SFF	15746	0.0750667	0.0358186	-0.00840531
0	37706_SFF	0	2411005_SFF	16362	0.0743185	0.0385039	-0.0266983
0	37706_SFF	0	2411007_SFF	14063	0.0745218	0.0361232	-0.00821515
0	37706_SFF	0	2811016_SFF	11392	0.0904143	0.0209796	0.0411932
0	37706_SFF	0	2811017_SFF	15825	0.0736809	0.0372196	-0.0148545
0	37706_SFF	0	37685_SFF	17334	0.0729203	0.0374409	-0.0105968
0	37706_SFF	0	37686_SFF	17118	0.0754761	0.0387312	-0.0144366
0	37706_SFF	0	37687_SFF	17295	0.0721018	0.0411101	-0.0251467
0	37706_SFF	0	37689_SFF	17324	0.072212	0.0386747	-0.0155509
0	37706_SFF	0	37690_SFF	16709	0.072057	0.0383027	-0.0196121
0	37706_SFF	0	37695_SFF	15227	0.0699416	0.0384186	-0.0187601
0	37706_SFF	0	37697_SFF	17061	0.0741457	0.0374538	-0.00489918
0	37706_SFF	0	37698_SFF	16838	0.073346	0.0390783	-0.0190414
0	37706_SFF	0	37699_SFF	16823	0.0762646	0.0394103	-0.0145659
0	37706_SFF	0	37700_SFF	17343	0.0754195	0.0400161	-0.0157902
0	37706_SFF	0	37701_SFF	17257	0.0719128	0.0393464	-0.0190743
0	37706_SFF	0	37702_SFF	16971	0.0760709	0.0381239	-0.00785041
0	37706_SFF	0	37703_SFF	17018	0.0695146	0.0397226	-0.0266264
0	37706_SFF	0	37704_SFF	17194	0.0756078	0.0397232	-0.0210504
0	37706_SFF	0	37705_SFF	16961	0.0679795	0.0401509	-0.0367905
0	37707_SFF	0	1304001_SFF	13787	0.0798578	0.0285776	0.0463369
0	37707_SFF	0	1304004_SFF	14097	0.0785983	0.0266014	0.049584
0	37707_SFF	0	1304006_SFF	14365	0.078385	0.0303515	0.0287854
0	37707_SFF	0	1304010_SFF	9106	0.087964	0.022293	0.0836815
0	37707_SFF	0	1304011_SFF	14168	0.0824393	0.0283738	0.0520591
0	37707_SFF	0	1306009_SFF	14411	0.0781348	0.0293526	0.0395707
0	37707_SFF	0	1306011_SFF	14473	0.0802183	0.0324743	0.0273752
0	37707_SFF	0	1306014_SFF	13378	0.0820003	0.0303483	-0.00119129
0	37707_SFF	0	1306015_BFF	14356	0.0696573	0.0564224	-0.131205
0	37707_SFF	0	1307003_SFF	14463	0.0759179	0.0318744	0.0177988
0	37707_SFF	0	1307004_SFF	14307	0.0761865	0.0298455	0.0318699
0	37707_SFF	0	1611011_BFF	14511	0.0676728	0.0538212	-0.126125
0	37707_SFF	0	1409002_SFF	13862	0.0786322	0.029938	0.0371999
0	37707_SFF	0	1409007_SFF	14141	0.0822431	0.029913	0.0444371
0	37707_SFF	0	1409008_SFF	14384	0.0771691	0.0318409	0.0161642
0	37707_SFF	0	1409009_SFF	13977	0.0789154	0.0304786	0.0305105
0	37707_SFF	0	1409012_SFF	13617	0.0803408	0.0275391	0.0494592
0	37707_SFF	0	1409013_SFF	13891	0.079188	0.0289396	0.0428019
0	37707_SFF	0	1409026_SFF	10926	0.0842943	0.0205016	0.0832971
0	37707_SFF	0	1409027_SFF	13264	0.080971	0.0306846	0.0424528
0	37707_SFF	0	1409030_SFF	13929	0.0789001	0.0307273	0.0380112
0	37707_SFF	0	1409031_SFF	13413	0.080668	0.025274	0.063839
0	37707_SFF	0	1409032_SFF	14234	0.0794576	0.0304201	0.0381717
0	37707_SFF	0	1410001_SFF	13157	0.0788934	0.0269058	0.0531573
0	37707_SFF	0	1410002_SFF	13613	0.0831558	0.0254903	0.0727593
0	37707_SFF	0	1412001_BFF	14515	0.069721	0.0564933	-0.134913
0	37707_SFF	0	1412006_BFF	14329	0.0658804	0.0554819	-0.137351
0	37707_SFF	0	1412010_BFF	13201	0.070828	0.0453754	-0.0930193
0	37707_SFF	0	1412014_BFF	13299	0.0698549	0.0461689	-0.100666
0	37707_SFF	0	1412024_BFF	13784	0.0688479	0.0483169	-0.100521
0	37707_SFF	0	1510003_SFF	11871	0.0833123	0.024345	0.0792541
0	37707_SFF	0	1510004_SFF	14485	0.0838799	0.0287194	0.053087
0	37707_SFF	0	1610001_BFF	14344	0.064208	0.0597462	-0.162798
0	37707_SFF	0	1610002_BFF	14361	0.0616252	0.0589095	-0.161305
0	37707_SFF	0	1610012_BFF	14516	0.064825	0.0613805	-0.172059
0	37707_SFF	0	1610013_BFF	13982	0.0659419	0.0561436	-0.136968
0	37707_SFF	0	1610015_BFF	14440	0.0642659	0.0600416	-0.165033
0	37707_SFF	0	1610016_BFF	14585	0.0649983	0.0635585	-0.17057
0	37707_SFF	0	1610017_BFF	14590	0.0633996	0.0661412	-0.19229
0	37707_SFF	0	1409001_SFF	14279	0.080888	0.0310246	0.0375769
0	37707_SFF	0	1611012_BFF	13219	0.0681595	0.0488691	-0.101504
0	37707_SFF	0	1611013_BFF	10499	0.0689589	0.0400991	-0.0585566
0	37707_SFF	0	1611032_BFF	14146	0.0702672	0.0545737	-0.131206
0	37707_SFF	0	1702005_BFF	13688	0.0846727	0.030976	-0.0572597
0	37707_SFF	0	1702006_BFF	13795	0.0698079	0.0492932	-0.106945
0	37707_SFF	0	1702007_BFF	13933	0.0691165	0.0502404	-0.113955
0	37707_SFF	0	1702008_BFF	11769	0.0733282	0.0428244	-0.081945
0	37707_SFF	0	1702009_BFF	14525	0.068778	0.0554217	-0.134991
0	37707_SFF	0	1702012_BFF	10937	0.0765292	0.036756	-0.0496647
0	37707_SFF	0	1702013_BFF	14559	0.0696476	0.054262	-0.127356
0	37707_SFF	0	1702014_BFF	11843	0.0748966	0.0406147	-0.0738988
0	37707_SFF	0	1702016_BFF	13545	0.0714655	0.0516796	-0.116054
0	37707_SFF	0	1702017_BFF	12589	0.07022	0.046072	-0.103887
0	37707_SFF	0	1702018_BFF	14582	0.0692635	0.0567138	-0.135752
0	37707_SFF	0	1702019_BFF	13905	0.0693276	0.0509889	-0.11461
0	37707_SFF	0	1702020_BFF	14461	0.0688749	0.0578107	-0.136088
0	37707_SFF	0	1702022_BFF	14003	0.0716275	0.0496322	-0.111659
0	37707_SFF	0	1702024_BFF	11884	0.0655503	0.0461966	-0.0957792
0	37707_SFF	0	1702026_BFF	14315	0.0681104	0.0530912	-0.127834
0	37707_SFF	0	1702027_BFF	13278	0.073505	0.0473716	-0.103263
0	37707_SFF	0	1702028_BFF	11262	0.0773397	0.0388031	-0.0638147
0	37707_SFF	0	1702029_BFF	13491	0.0830924	0.0383218	-0.0849983
0	37707_SFF	0	1702031_BFF	13827	0.0654517	0.059015	-0.152192
0	37707_SFF	0	DG02_BFF	14276	0.072079	0.0519053	-0.115348
0	37707_SFF	0	1703018_BFF	14540	0.0651307	0.061967	-0.170015
0	37707_SFF	0	1804002BFF	11163	0.0721132	0.0361014	-0.0626281
0	37707_SFF	0	1804003BFF	13750	0.0734545	0.0465455	-0.0923039
0	37707_SFF	0	1804004BFF	13389	0.0731944	0.0465307	-0.0875125
0	37707_SFF	0	1804005BFF	13711	0.0713296	0.0491576	-0.105194
0	37707_SFF	0	1804006BFF	13921	0.0710437	0.0494936	-0.100113
0	37707_SFF	0	1804007BFF	13596	0.0697264	0.0462636	-0.096604
0	37707_SFF	0	1804008BFF	13882	0.072612	0.0486962	-0.100195
0	37707_SFF	0	1804009BFF	13759	0.0717349	0.0497129	-0.10359
0	37707_SFF	0	1804010BFF	14017	0.0693444	0.0512949	-0.12283
0	37707_SFF	0	1804011BFF	13310	0.0677686	0.0488355	-0.110292
0	37707_SFF	0	1804013BFF	12274	0.0646896	0.0490468	-0.108229
0	37707_SFF	0	1804014BFF	12703	0.0687239	0.0448713	-0.0934945
0	37707_SFF	0	1804015BFF	13159	0.0683943	0.0485599	-0.101033
0	37707_SFF	0	1804016BFF	13880	0.0694524	0.0543228	-0.125973
0	37707_SFF	0	1804017BFF	13717	0.0680907	0.0529999	-0.132024
0	37707_SFF	0	1805001BFF	12900	0.0752713	0.0418605	-0.0730917
0	37707_SFF	0	1805002BFF	13721	0.073464	0.0455506	-0.0890164
0	37707_SFF	0	1805003BFF	11903	0.0737629	0.0411661	-0.0680867
0	37707_SFF	0	1815076BFF_GHFF	12349	0.0708559	0.0404081	-0.0727976
0	37707_SFF	0	1815092SFF	13860	0.0808081	0.0295094	0.0390437
0	37707_SFF	0	1815093BFF_SFF	13468	0.0726166	0.0470745	-0.0885243
0	37707_SFF	0	1815094SFF	10167	0.08862	0.0196715	0.0965392
0	37707_SFF	0	1815095SFF	14352	0.0744147	0.0289855	0.0279611
0	37707_SFF	0	1815096SFF	13342	0.0820717	0.0266077	0.0632384
0	37707_SFF	0	2411005_SFF	13868	0.0799683	0.0288434	0.0493888
0	37707_SFF	0	2411007_SFF	12068	0.0822009	0.0250249	0.069363
0	37707_SFF	0	2811016_SFF	9808	0.0993067	0.0157015	0.108629
0	37707_SFF	0	2811017_SFF	13426	0.0788023	0.0268136	0.0472663
0	37707_SFF	0	37685_SFF	14606	0.0816788	0.0295084	0.0373563
0	37707_SFF	0	37686_SFF	14462	0.0813857	0.0307703	0.0357843
0	37707_SFF	0	37687_SFF	14582	0.0777671	0.0294198	0.0228276
0	37707_SFF	0	37689_SFF	14605	0.0767545	0.0290996	0.0240691
0	37707_SFF	0	37690_SFF	14146	0.080164	0.0284886	0.0406324
0	37707_SFF	0	37695_SFF	12993	0.0791965	0.0257061	0.045559
0	37707_SFF	0	37697_SFF	14429	0.0787996	0.0299397	0.0276463
0	37707_SFF	0	37698_SFF	14252	0.0828656	0.0275751	0.0500846
0	37707_SFF	0	37699_SFF	14208	0.0817849	0.0301239	0.0355446
0	37707_SFF	0	37700_SFF	14623	0.0791903	0.0294057	0.0315382
0	37707_SFF	0	37701_SFF	14556	0.0794861	0.0285793	0.03556
0	37707_SFF	0	37702_SFF	14327	0.0818734	0.0278495	0.0501485
0	37707_SFF	0	37703_SFF	14369	0.0765537	0.0285336	0.0234239
0	37707_SFF	0	37704_SFF	14500	0.0826897	0.0289655	0.0489482
0	37707_SFF	0	37705_SFF	14357	0.0784983	0.0277913	0.0289409
0	37707_SFF	0	37706_SFF	14549	0.0764314	0.0304488	0.0151952
0	37708_SFF	0	1304001_SFF	12341	0.0763309	0.0299814	0.037232
0	37708_SFF	0	1304004_SFF	12606	0.074409	0.0294304	0.0354073
0	37708_SFF	0	1304006_SFF	12838	0.0759464	0.0312354	0.0209837
0	37708_SFF	0	1304010_SFF	8217	0.0851892	0.0198369	0.0839728
0	37708_SFF	0	1304011_SFF	12652	0.0778533	0.0290863	0.0460403
0	37708_SFF	0	1306009_SFF	12857	0.0749786	0.0337559	0.0131724
0	37708_SFF	0	1306011_SFF	12935	0.0770004	0.0323154	0.0282098
0	37708_SFF	0	1306014_SFF	12016	0.081974	0.0314581	-0.00975039
0	37708_SFF	0	1306015_BFF	12828	0.066729	0.0538665	-0.136709
0	37708_SFF	0	1307003_SFF	12906	0.0774059	0.0311483	0.0334244
0	37708_SFF	0	1307004_SFF	12778	0.0763813	0.0300517	0.0370506
0	37708_SFF	0	1611011_BFF	12952	0.0640828	0.0535053	-0.143396
0	37708_SFF	0	1409002_SFF	12397	0.0754215	0.0304912	0.0337476
0	37708_SFF	0	1409007_SFF	12635	0.0748714	0.0311832	0.0284763
0	37708_SFF	0	1409008_SFF	12832	0.0788653	0.0335879	0.0197368
0	37708_SFF	0	1409009_SFF	12525	0.0753693	0.0317764	0.0203432
0	37708_SFF	0	1409012_SFF	12157	0.0796249	0.0308464	0.0363206
0	37708_SFF	0	1409013_SFF	12424	0.0750966	0.0281713	0.0420337
0	37708_SFF	0	1409026_SFF	9767	0.0802703	0.0221153	0.0599496
0	37708_SFF	0	1409027_SFF	11949	0.074818	0.0283706	0.0425109
0	37708_SFF	0	1409030_SFF	12469	0.0785147	0.0287914	0.045702
0	37708_SFF	0	1409031_SFF	12023	0.0800965	0.0296099	0.0428628
0	37708_SFF	0	1409032_SFF	12714	0.0747994	0.0309895	0.0299926
0	37708_SFF	0	1410001_SFF	11726	0.0771789	0.029166	0.0441832
0	37708_SFF	0	1410002_SFF	12186	0.0809946	0.02946	0.0450058
0	37708_SFF	0	1412001_BFF	12946	0.0657346	0.053839	-0.142896
0	37708_SFF	0	1412006_BFF	12799	0.0662552	0.054848	-0.149235
0	37708_SFF	0	1412010_BFF	11791	0.0725977	0.048766	-0.115909
0	37708_SFF	0	1412014_BFF	11858	0.0683926	0.0441896	-0.103775
0	37708_SFF	0	1412024_BFF	12339	0.0667801	0.0488694	-0.119402
0	37708_SFF	0	1510003_SFF	10652	0.0773564	0.0282576	0.0419095
0	37708_SFF	0	1510004_SFF	12907	0.0787945	0.0305261	0.0314647
0	37708_SFF	0	1610001_BFF	12794	0.062842	0.0613569	-0.185431
0	37708_SFF	0	1610002_BFF	12842	0.0631522	0.0631522	-0.184861
0	37708_SFF	0	1610012_BFF	12957	0.0609709	0.0647526	-0.210154
0	37708_SFF	0	1610013_BFF	12475	0.0620441	0.0577956	-0.164207
0	37708_SFF	0	1610015_BFF	12881	0.0625728	0.060399	-0.181293
0	37708_SFF	0	1610016_BFF	13010	0.0604919	0.0667179	-0.204237
0	37708_SFF	0	1610017_BFF	13018	0.0598402	0.0657551	-0.211415
0	37708_SFF	0	1409001_SFF	12771	0.0759533	0.0281106	0.0443695
0	37708_SFF	0	1611012_BFF	11803	0.0689655	0.0472761	-0.102433
0	37708_SFF	0	1611013_BFF	9440	0.0689619	0.0394068	-0.0782764
0	37708_SFF	0	1611032_BFF	12656	0.0692162	0.0545986	-0.149926
0	37708_SFF	0	1702005_BFF	12236	0.0818078	0.0304021	-0.0692854
0	37708_SFF	0	1702006_BFF	12300	0.0678049	0.0491057	-0.127516
0	37708_SFF	0	1702007_BFF	12461	0.0663671	0.0494342	-0.125984
0	37708_SFF	0	1702008_BFF	10555	0.0715301	0.0435812	-0.101844
0	37708_SFF	0	1702009_BFF	12961	0.066893	0.0550112	-0.148482
0	37708_SFF	0	1702012_BFF	9867	0.0734772	0.0380055	-0.0750955
0	37708_SFF	0	1702013_BFF	12994	0.0685701	0.0573342	-0.157961
0	37708_SFF	0	1702014_BFF	10655	0.068137	0.0422337	-0.110722
0	37708_SFF	0	1702016_BFF	12158	0.0669518	0.0534627	-0.143881
0	37708_SFF	0	1702017_BFF	11314	0.0691179	0.0471982	-0.121931
0	37708_SFF	0	1702018_BFF	13018	0.0658319	0.0557689	-0.152698
0	37708_SFF	0	1702019_BFF	12448	0.0665167	0.0527796	-0.133699
0	37708_SFF	0	1702020_BFF	12900	0.0652713	0.0603101	-0.169733
0	37708_SFF	0	1702022_BFF	12512	0.0683344	0.0481937	-0.116217
0	37708_SFF	0	1702024_BFF	10760	0.0658922	0.0448885	-0.0984183
0	37708_SFF	0	1702026_BFF	12770	0.0674236	0.0546594	-0.148009
0	37708_SFF	0	1702027_BFF	11880	0.0675926	0.0454545	-0.116047
0	37708_SFF	0	1702028_BFF	10062	0.0762274	0.0389585	-0.0782578
0	37708_SFF	0	1702029_BFF	12064	0.0811505	0.03813	-0.0920239
0	37708_SFF	0	1702031_BFF	12393	0.063665	0.060518	-0.171582
0	37708_SFF	0	DG02_BFF	12773	0.0685039	0.053159	-0.142844
0	37708_SFF	0	1703018_BFF	12979	0.0658756	0.0614839	-0.182394
0	37708_SFF	0	1804002BFF	10026	0.0713146	0.0368043	-0.0695744
0	37708_SFF	0	1804003BFF	12277	0.069561	0.0482202	-0.119474
0	37708_SFF	0	1804004BFF	11961	0.0726528	0.0484073	-0.116544
0	37708_SFF	0	1804005BFF	12206	0.0682451	0.0519417	-0.134989
0	37708_SFF	0	1804006BFF	12439	0.0629472	0.0483158	-0.122571
0	37708_SFF	0	1804007BFF	12183	0.0696052	0.0483461	-0.117019
0	37708_SFF	0	1804008BFF	12406	0.0681122	0.0491698	-0.126742
0	37708_SFF	0	1804009BFF	12299	0.0691926	0.0508171	-0.125854
0	37708_SFF	0	1804010BFF	12515	0.0673592	0.0509788	-0.134794
0	37708_SFF	0	1804011BFF	11913	0.064971	0.0490221	-0.128376
0	37708_SFF	0	1804013BFF	10995	0.0638472	0.0472033	-0.113435
0	37708_SFF	0	1804014BFF	11426	0.064502	0.0499737	-0.138533
0	37708_SFF	0	1804015BFF	11814	0.0659387	0.0514644	-0.132677
0	37708_SFF	0	1804016BFF	12380	0.0638934	0.0548465	-0.149233
0	37708_SFF	0	1804017BFF	12254	0.0669985	0.0541864	-0.152678
0	37708_SFF	0	1805001BFF	11553	0.0708041	0.0444041	-0.108943
0	37708_SFF	0	1805002BFF	12256	0.0684563	0.0450392	-0.108571
0	37708_SFF	0	1805003BFF	10670	0.0727273	0.0419869	-0.0844241
0	37708_SFF	0	1815076BFF_GHFF	11123	0.0708442	0.0418952	-0.0871435
0	37708_SFF	0	1815092SFF	12366	0.0799774	0.0292738	0.0490699
0	37708_SFF	0	1815093BFF_SFF	12037	0.0679571	0.0482678	-0.115459
0	37708_SFF	0	1815094SFF	9168	0.0847513	0.0210515	0.0793796
0	37708_SFF	0	1815095SFF	12802	0.0729574	0.0301515	0.0270872
0	37708_SFF	0	1815096SFF	11977	0.0810721	0.0290557	0.0471754
0	37708_SFF	0	2411005_SFF	12384	0.0798611	0.028666	0.0505997
0	37708_SFF	0	2411007_SFF	10793	0.0793107	0.0264987	0.0615502
0	37708_SFF	0	2811016_SFF	8780	0.0907745	0.0157175	0.0829201
0	37708_SFF	0	2811017_SFF	12061	0.0791808	0.0288533	0.0481445
0	37708_SFF	0	37685_SFF	13035	0.0780207	0.029229	0.039623
0	37708_SFF	0	37686_SFF	12904	0.0785028	0.0314631	0.0282243
0	37708_SFF	0	37687_SFF	13015	0.0759124	0.0305801	0.0219614
0	37708_SFF	0	37689_SFF	13021	0.076415	0.0298748	0.0285474
0	37708_SFF	0	37690_SFF	12637	0.079924	0.028013	0.0499049
0	37708_SFF	0	37695_SFF	11646	0.0767646	0.0299674	0.0215592
0	37708_SFF	0	37697_SFF	12869	0.0766182	0.0300723	0.0262702
0	37708_SFF	0	37698_SFF	12717	0.0756468	0.027994	0.0366972
0	37708_SFF	0	37699_SFF	12700	0.0779528	0.0311811	0.0261988
0	37708_SFF	0	37700_SFF	13039	0.0770765	0.0317509	0.0206388
0	37708_SFF	0	37701_SFF	12976	0.0776819	0.0307491	0.0271391
0	37708_SFF	0	37702_SFF	12781	0.079806	0.030827	0.0352807
0	37708_SFF	0	37703_SFF	12817	0.0748225	0.0309745	0.0107058
0	37708_SFF	0	37704_SFF	12952	0.0798332	0.0284126	0.0515483
0	37708_SFF	0	37705_SFF	12812	0.0775835	0.0313768	0.0166994
0	37708_SFF	0	37706_SFF	12988	0.0752233	0.0288728	0.0286963
0	37708_SFF	0	37707_SFF	11256	0.0835999	0.023543	0.0815633
0	37710_SFF	0	1304001_SFF	15706	0.0731568	0.0334267	0.00860006
0	37710_SFF	0	1304004_SFF	16108	0.075925	0.0366898	0.00415089
0	37710_SFF	0	1304006_SFF	16441	0.0741439	0.0381364	-0.00867553
0	37710_SFF	0	1304010_SFF	10141	0.0840154	0.0239621	0.0558046
0	37710_SFF	0	1304011_SFF	16208	0.07558	0.0355997	0.00905797
0	37710_SFF	0	1306009_SFF	16511	0.0790382	0.03961	-0.00444162
0	37710_SFF	0	1306011_SFF	16578	0.0750392	0.0383038	-0.00960723
0	37710_SFF	0	1306014_SFF	15174	0.0796099	0.0376961	-0.051965
0	37710_SFF	0	1306015_BFF	16444	0.0619679	0.0641571	-0.199393
0	37710_SFF	0	1307003_SFF	16565	0.0732871	0.0370057	-0.00423609
0	37710_SFF	0	1307004_SFF	16357	0.0727517	0.0381488	-0.013498
0	37710_SFF	0	1611011_BFF	16621	0.0638951	0.0637146	-0.194157
0	37710_SFF	0	1409002_SFF	15802	0.0754335	0.0385394	-0.00737925
0	37710_SFF	0	1409007_SFF	16155	0.0777468	0.0370783	0.00144383
0	37710_SFF	0	1409008_SFF	16424	0.0733682	0.0395762	-0.0199449
0	37710_SFF	0	1409009_SFF	15968	0.0766533	0.0380135	0.00095057
0	37710_SFF	0	1409012_SFF	15524	0.0723396	0.0334965	0.0103401
0	37710_SFF	0	1409013_SFF	15879	0.074186	0.0369671	-0.00442478
0	37710_SFF	0	1409026_SFF	12310	0.0824533	0.0272949	0.0401439
0	37710_SFF	0	1409027_SFF	15089	0.0760819	0.03539	0.00420168
0	37710_SFF	0	1409030_SFF	15903	0.0755203	0.0360938	-0.0012615
0	37710_SFF	0	1409031_SFF	15362	0.0775941	0.0350215	0.00975907
0	37710_SFF	0	1409032_SFF	16243	0.0762174	0.0367543	0.00279851
0	37710_SFF	0	1410001_SFF	14875	0.0768403	0.034084	0.0165663
0	37710_SFF	0	1410002_SFF	15494	0.0804828	0.0340132	0.0181873
0	37710_SFF	0	1412001_BFF	16601	0.0653575	0.0643937	-0.195719
0	37710_SFF	0	1412006_BFF	16386	0.0655438	0.0643842	-0.198112
0	37710_SFF	0	1412010_BFF	14961	0.0675757	0.0551434	-0.159879
0	37710_SFF	0	1412014_BFF	15097	0.0684904	0.053918	-0.152355
0	37710_SFF	0	1412024_BFF	15723	0.0655727	0.0595306	-0.175155
0	37710_SFF	0	1510003_SFF	13428	0.0791629	0.0316503	0.0233193
0	37710_SFF	0	1510004_SFF	16565	0.0813764	0.0381527	-0.00603933
0	37710_SFF	0	1610001_BFF	16397	0.0616576	0.0714765	-0.241188
0	37710_SFF	0	1610002_BFF	16450	0.0590881	0.0708207	-0.240965
0	37710_SFF	0	1610012_BFF	16605	0.0624511	0.0725083	-0.242797
0	37710_SFF	0	1610013_BFF	15939	0.0611707	0.0645586	-0.204091
0	37710_SFF	0	1610015_BFF	16526	0.0616604	0.0711606	-0.23948
0	37710_SFF	0	1610016_BFF	16701	0.0593976	0.0741872	-0.252723
0	37710_SFF	0	1610017_BFF	16711	0.057507	0.0747412	-0.259674
0	37710_SFF	0	1409001_SFF	16324	0.0777383	0.0391448	-0.00979411
0	37710_SFF	0	1611012_BFF	15032	0.0711815	0.0564795	-0.142901
0	37710_SFF	0	1611013_BFF	11798	0.0702661	0.0507713	-0.125399
0	37710_SFF	0	1611032_BFF	16165	0.0662543	0.0615527	-0.192191
0	37710_SFF	0	1702005_BFF	15656	0.0804803	0.0380046	-0.111162
0	37710_SFF	0	1702006_BFF	15722	0.0646228	0.0553365	-0.166939
0	37710_SFF	0	1702007_BFF	15896	0.0693256	0.0620911	-0.183172
0	37710_SFF	0	1702008_BFF	13270	0.0699322	0.0510927	-0.139114
0	37710_SFF	0	1702009_BFF	16637	0.0643145	0.0637735	-0.203086
0	37710_SFF	0	1702012_BFF	12248	0.0705421	0.0465382	-0.117619
0	37710_SFF	0	1702013_BFF	16671	0.0671225	0.0667626	-0.208974
0	37710_SFF	0	1702014_BFF	13376	0.0699761	0.0486693	-0.137717
0	37710_SFF	0	1702016_BFF	15425	0.0671637	0.0608104	-0.180125
0	37710_SFF	0	1702017_BFF	14226	0.0698721	0.056938	-0.161903
0	37710_SFF	0	1702018_BFF	16720	0.0662081	0.0669856	-0.20738
0	37710_SFF	0	1702019_BFF	15860	0.0655107	0.0596469	-0.177797
0	37710_SFF	0	1702020_BFF	16551	0.063682	0.0659779	-0.205126
0	37710_SFF	0	1702022_BFF	16006	0.0688492	0.0591653	-0.175926
0	37710_SFF	0	1702024_BFF	13448	0.06395	0.054655	-0.152904
0	37710_SFF	0	1702026_BFF	16375	0.0654046	0.0607634	-0.184712
0	37710_SFF	0	1702027_BFF	15086	0.0697998	0.0563436	-0.163716
0	37710_SFF	0	1702028_BFF	12692	0.0739836	0.0463284	-0.118125
0	37710_SFF	0	1702029_BFF	15412	0.077537	0.0461978	-0.148813
0	37710_SFF	0	1702031_BFF	15790	0.0640279	0.0709943	-0.227179
0	37710_SFF	0	DG02_BFF	16336	0.0672747	0.0637855	-0.1997
0	37710_SFF	0	1703018_BFF	16659	0.0620085	0.0711927	-0.238408
0	37710_SFF	0	1804002BFF	12690	0.0728132	0.0453901	-0.113019
0	37710_SFF	0	1804003BFF	15727	0.0693076	0.0543015	-0.153972
0	37710_SFF	0	1804004BFF	15296	0.0679916	0.0548509	-0.157286
0	37710_SFF	0	1804005BFF	15611	0.0678368	0.0584844	-0.173561
0	37710_SFF	0	1804006BFF	15885	0.0655335	0.0590494	-0.171966
0	37710_SFF	0	1804007BFF	15558	0.0679393	0.0549556	-0.160299
0	37710_SFF	0	1804008BFF	15889	0.0694191	0.0573982	-0.166176
0	37710_SFF	0	1804009BFF	15720	0.0693384	0.0585242	-0.16349
0	37710_SFF	0	1804010BFF	16012	0.0637022	0.0568948	-0.180531
0	37710_SFF	0	1804011BFF	15165	0.0650181	0.0588197	-0.176924
0	37710_SFF	0	1804013BFF	13953	0.0622088	0.0575503	-0.175286
0	37710_SFF	0	1804014BFF	14488	0.0647432	0.0558393	-0.170543
0	37710_SFF	0	1804015BFF	15044	0.0653417	0.0589604	-0.175848
0	37710_SFF	0	1804016BFF	15837	0.0622593	0.0636484	-0.199367
0	37710_SFF	0	1804017BFF	15665	0.0639004	0.0607724	-0.194618
0	37710_SFF	0	1805001BFF	14701	0.0708115	0.0502007	-0.134567
0	37710_SFF	0	1805002BFF	15686	0.0685962	0.0543797	-0.155129
0	37710_SFF	0	1805003BFF	13493	0.0696658	0.0489143	-0.131908
0	37710_SFF	0	1815076BFF_GHFF	14040	0.0668091	0.0474359	-0.131734
0	37710_SFF	0	1815092SFF	15824	0.0733696	0.0341886	0.0115624
0	37710_SFF	0	1815093BFF_SFF	15380	0.0659948	0.0539012	-0.150561
0	37710_SFF	0	1815094SFF	11343	0.0847219	0.02971	0.0318277
0	37710_SFF	0	1815095SFF	16418	0.0750396	0.0359362	0.0053495
0	37710_SFF	0	1815096SFF	15233	0.0754283	0.0347272	0.00435188
0	37710_SFF	0	2411005_SFF	15809	0.0751471	0.0353596	7.43384e-05
0	37710_SFF	0	2411007_SFF	13623	0.0778096	0.0314175	0.0288295
0	37710_SFF	0	2811016_SFF	11074	0.0893986	0.0196858	0.0523407
0	37710_SFF	0	2811017_SFF	15282	0.0789164	0.0350085	0.0166667
0	37710_SFF	0	37685_SFF	16725	0.0770703	0.0358146	0.00705128
0	37710_SFF	0	37686_SFF	16529	0.0762297	0.0359368	0.00933258
0	37710_SFF	0	37687_SFF	16706	0.0739255	0.0384892	-0.0159236
0	37710_SFF	0	37689_SFF	16724	0.0774934	0.0383879	-0.00647296
0	37710_SFF	0	37690_SFF	16138	0.0768373	0.0373033	0.00359554
0	37710_SFF	0	37695_SFF	14724	0.0732138	0.0330753	0.00593447
0	37710_SFF	0	37697_SFF	16477	0.0781089	0.0359896	0.00845728
0	37710_SFF	0	37698_SFF	16269	0.0749278	0.0344828	0.00830394
0	37710_SFF	0	37699_SFF	16254	0.075243	0.0320536	0.0244557
0	37710_SFF	0	37700_SFF	16739	0.0750344	0.0360834	0.000427838
0	37710_SFF	0	37701_SFF	16660	0.0738896	0.037395	-0.0101849
0	37710_SFF	0	37702_SFF	16386	0.0790309	0.0349689	0.019914
0	37710_SFF	0	37703_SFF	16451	0.0727007	0.0360464	-0.0112821
0	37710_SFF	0	37704_SFF	16612	0.0766314	0.0347941	0.0149916
0	37710_SFF	0	37705_SFF	16374	0.0743251	0.036277	-0.0117057
0	37710_SFF	0	37706_SFF	16659	0.0726934	0.0382376	-0.0188321
0	37710_SFF	0	37707_SFF	14105	0.0813896	0.0270826	0.0527199
0	37710_SFF	0	37708_SFF	12623	0.0796166	0.0290739	0.0472744
0	37717_SFF	0	1304001_SFF	16068	0.0740602	0.0382126	-0.0185323
0	37717_SFF	0	1304004_SFF	16486	0.0741842	0.0395487	-0.0197805
0	37717_SFF	0	1304006_SFF	16825	0.0724517	0.040951	-0.0223828
0	37717_SFF	0	1304010_SFF	10338	0.0840588	0.0268911	0.0379464
0	37717_SFF	0	1304011_SFF	16566	0.0763009	0.039237	-0.0123492
0	37717_SFF	0	1306009_SFF	16888	0.0754974	0.0405021	-0.0220465
0	37717_SFF	0	1306011_SFF	16967	0.0744386	0.0401367	-0.0222393
0	37717_SFF	0	1306014_SFF	15560	0.0786632	0.038946	-0.0658174
0	37717_SFF	0	1306015_BFF	16835	0.0631423	0.0674191	-0.219729
0	37717_SFF	0	1307003_SFF	16949	0.0723937	0.0404154	-0.0238261
0	37717_SFF	0	1307004_SFF	16748	0.0754717	0.0385718	-0.0131803
0	37717_SFF	0	1611011_BFF	17005	0.0634519	0.0674507	-0.219217
0	37717_SFF	0	1409002_SFF	16149	0.0700972	0.038764	-0.0241841
0	37717_SFF	0	1409007_SFF	16523	0.0745627	0.0401259	-0.0245478
0	37717_SFF	0	1409008_SFF	16804	0.0703999	0.0412402	-0.0286458
0	37717_SFF	0	1409009_SFF	16335	0.0728497	0.0402204	-0.0219971
0	37717_SFF	0	1409012_SFF	15875	0.0737008	0.0346457	0.00400665
0	37717_SFF	0	1409013_SFF	16228	0.0734533	0.0384521	-0.0153285
0	37717_SFF	0	1409026_SFF	12552	0.0779159	0.0282823	0.0228582
0	37717_SFF	0	1409027_SFF	15432	0.0773717	0.0371954	-0.00425039
0	37717_SFF	0	1409030_SFF	16261	0.0762561	0.0368981	-0.0049433
0	37717_SFF	0	1409031_SFF	15695	0.0770946	0.0367633	-0.00256798
0	37717_SFF	0	1409032_SFF	16624	0.0739894	0.0391603	-0.0168133
0	37717_SFF	0	1410001_SFF	15226	0.075463	0.0355313	0.00390016
0	37717_SFF	0	1410002_SFF	15848	0.0783064	0.035525	0.0026096
0	37717_SFF	0	1412001_BFF	16992	0.0643244	0.0662665	-0.21396
0	37717_SFF	0	1412006_BFF	16779	0.0652601	0.0669289	-0.215194
0	37717_SFF	0	1412010_BFF	15294	0.0691775	0.0585851	-0.179791
0	37717_SFF	0	1412014_BFF	15425	0.0683306	0.058282	-0.178397
0	37717_SFF	0	1412024_BFF	16088	0.0653282	0.0615987	-0.189449
0	37717_SFF	0	1510003_SFF	13700	0.0781752	0.0331387	0.0136678
0	37717_SFF	0	1510004_SFF	16954	0.0779167	0.0375133	-0.0158554
0	37717_SFF	0	1610001_BFF	16782	0.060839	0.0735312	-0.259978
0	37717_SFF	0	1610002_BFF	16816	0.0588725	0.0726689	-0.254063
0	37717_SFF	0	1610012_BFF	16988	0.0592771	0.0749941	-0.269167
0	37717_SFF	0	1610013_BFF	16309	0.0633393	0.0692256	-0.225222
0	37717_SFF	0	1610015_BFF	16917	0.0598215	0.0724715	-0.254797
0	37717_SFF	0	1610016_BFF	17090	0.0598011	0.0779988	-0.274966
0	37717_SFF	0	1610017_BFF	17109	0.0601438	0.0785551	-0.27878
0	37717_SFF	0	1409001_SFF	16690	0.076393	0.0410425	-0.025728
0	37717_SFF	0	1611012_BFF	15373	0.0655695	0.0579588	-0.173107
0	37717_SFF	0	1611013_BFF	12098	0.0647214	0.0543892	-0.161159
0	37717_SFF	0	1611032_BFF	16546	0.0620089	0.0656352	-0.226968
0	37717_SFF	0	1702005_BFF	16021	0.0787092	0.0408838	-0.137352
0	37717_SFF	0	1702006_BFF	16089	0.0667537	0.0590466	-0.184601
0	37717_SFF	0	1702007_BFF	16272	0.0668633	0.0625615	-0.19434
0	37717_SFF	0	1702008_BFF	13547	0.0693881	0.0543294	-0.16177
0	37717_SFF	0	1702009_BFF	17025	0.067254	0.0669016	-0.215627
0	37717_SFF	0	1702012_BFF	12531	0.0732583	0.0498763	-0.131905
0	37717_SFF	0	1702013_BFF	17066	0.0645142	0.0670925	-0.221379
0	37717_SFF	0	1702014_BFF	13644	0.0691146	0.0518909	-0.16404
0	37717_SFF	0	1702016_BFF	15764	0.068003	0.0638163	-0.198978
0	37717_SFF	0	1702017_BFF	14543	0.0697243	0.0607165	-0.189038
0	37717_SFF	0	1702018_BFF	17114	0.064976	0.0691831	-0.224849
0	37717_SFF	0	1702019_BFF	16227	0.0641523	0.0645221	-0.209238
0	37717_SFF	0	1702020_BFF	16937	0.0614631	0.069788	-0.232833
0	37717_SFF	0	1702022_BFF	16383	0.0673869	0.0609168	-0.192972
0	37717_SFF	0	1702024_BFF	13718	0.0637848	0.0586091	-0.176838
0	37717_SFF	0	1702026_BFF	16755	0.0683975	0.0658311	-0.208731
0	37717_SFF	0	1702027_BFF	15432	0.067846	0.058774	-0.183354
0	37717_SFF	0	1702028_BFF	12974	0.072838	0.0467859	-0.128144
0	37717_SFF	0	1702029_BFF	15767	0.0745227	0.0490264	-0.177143
0	37717_SFF	0	1702031_BFF	16152	0.0601164	0.0729941	-0.252117
0	37717_SFF	0	DG02_BFF	16714	0.0665311	0.0661122	-0.21638
0	37717_SFF	0	1703018_BFF	17052	0.0602275	0.0753577	-0.269677
0	37717_SFF	0	1804002BFF	12942	0.0700819	0.0481378	-0.144449
0	37717_SFF	0	1804003BFF	16074	0.067127	0.056862	-0.174868
0	37717_SFF	0	1804004BFF	15642	0.0673188	0.0576013	-0.174199
0	37717_SFF	0	1804005BFF	15991	0.069414	0.0625352	-0.192002
0	37717_SFF	0	1804006BFF	16284	0.0644191	0.0599975	-0.185231
0	37717_SFF	0	1804007BFF	15924	0.0678222	0.0585908	-0.181986
0	37717_SFF	0	1804008BFF	16231	0.0679564	0.0608712	-0.190247
0	37717_SFF	0	1804009BFF	16068	0.0670899	0.0606174	-0.184391
0	37717_SFF	0	1804010BFF	16388	0.0648035	0.0614474	-0.200258
0	37717_SFF	0	1804011BFF	15500	0.0658065	0.062129	-0.192729
0	37717_SFF	0	1804013BFF	14255	0.0608909	0.0611014	-0.197163
0	37717_SFF	0	1804014BFF	14790	0.0663962	0.0601082	-0.194328
0	37717_SFF	0	1804015BFF	15387	0.0618704	0.0621304	-0.20472
0	37717_SFF	0	1804016BFF	16218	0.0635713	0.0700456	-0.23559
0	37717_SFF	0	1804017BFF	16018	0.0656137	0.064927	-0.215949
0	37717_SFF	0	1805001BFF	15027	0.0698742	0.0523724	-0.15686
0	37717_SFF	0	1805002BFF	16050	0.0672274	0.0623676	-0.203943
0	37717_SFF	0	1805003BFF	13792	0.0693881	0.0512616	-0.148779
0	37717_SFF	0	1815076BFF_GHFF	14345	0.0692924	0.0524224	-0.151006
0	37717_SFF	0	1815092SFF	16189	0.0710359	0.0366298	-0.00841381
0	37717_SFF	0	1815093BFF_SFF	15726	0.0658782	0.0583747	-0.176519
0	37717_SFF	0	1815094SFF	11614	0.0790425	0.0293611	0.0146138
0	37717_SFF	0	1815095SFF	16805	0.0710503	0.0396906	-0.0286503
0	37717_SFF	0	1815096SFF	15580	0.0772786	0.0367137	-0.00321003
0	37717_SFF	0	2411005_SFF	16193	0.0749089	0.0399555	-0.0263003
0	37717_SFF	0	2411007_SFF	13896	0.0739781	0.0328152	0.0112582
0	37717_SFF	0	2811016_SFF	11267	0.0904411	0.0228987	0.0354203
0	37717_SFF	0	2811017_SFF	15648	0.0728528	0.0356595	-0.00318568
0	37717_SFF	0	37685_SFF	17132	0.073138	0.0370651	-0.00253912
0	37717_SFF	0	37686_SFF	16927	0.0778047	0.0386956	-0.00417478
0	37717_SFF	0	37687_SFF	17095	0.0744662	0.0391927	-0.0147017
0	37717_SFF	0	37689_SFF	17121	0.0752877	0.0388996	-0.00934971
0	37717_SFF	0	37690_SFF	16519	0.0756099	0.0377747	-0.00172463
0	37717_SFF	0	37695_SFF	15065	0.0710919	0.0370395	-0.0119357
0	37717_SFF	0	37697_SFF	16871	0.0764626	0.0377571	-0.0022695
0	37717_SFF	0	37698_SFF	16640	0.0772837	0.035637	0.013502
0	37717_SFF	0	37699_SFF	16623	0.0770619	0.0353727	0.0122458
0	37717_SFF	0	37700_SFF	17132	0.0732547	0.0391081	-0.0140278
0	37717_SFF	0	37701_SFF	17057	0.0734009	0.0384007	-0.0122088
0	37717_SFF	0	37702_SFF	16766	0.0769414	0.0369796	0.00493236
0	37717_SFF	0	37703_SFF	16831	0.0731983	0.0371933	-0.0107371
0	37717_SFF	0	37704_SFF	16984	0.0777791	0.0368582	0.00480903
0	37717_SFF	0	37705_SFF	16760	0.074284	0.0360382	-0.00777778
0	37717_SFF	0	37706_SFF	17045	0.0746847	0.0386624	-0.0126385
0	37717_SFF	0	37707_SFF	14394	0.0814228	0.031263	0.0304838
0	37717_SFF	0	37708_SFF	12866	0.0772579	0.0308565	0.024534
0	37717_SFF	0	37710_SFF	16464	0.0767128	0.0362609	0.0054692
0	37721_SFF	0	1304001_SFF	14900	0.0924832	0.026443	0.0400187
0	37721_SFF	0	1304004_SFF	15285	0.0916585	0.0259078	0.0369179
0	37721_SFF	0	1304006_SFF	15616	0.0883709	0.0284324	0.0139994
0	37721_SFF	0	1304010_SFF	9650	0.0969948	0.0174093	0.108529
0	37721_SFF	0	1304011_SFF	15364	0.0911221	0.0263603	0.0329069
0	37721_SFF	0	1306009_SFF	15671	0.0890817	0.0281412	0.0217004
0	37721_SFF	0	1306011_SFF	15745	0.0887901	0.02839	0.022694
0	37721_SFF	0	1306014_SFF	14400	0.0967361	0.0284722	0.0703942
0	37721_SFF	0	1306015_BFF	15597	0.0793101	0.0476374	-0.0455072
0	37721_SFF	0	1307003_SFF	15724	0.0890995	0.0283643	0.0212103
0	37721_SFF	0	1307004_SFF	15518	0.089509	0.0268076	0.0315302
0	37721_SFF	0	1611011_BFF	15767	0.0776305	0.0471237	-0.042712
0	37721_SFF	0	1409002_SFF	14986	0.0906846	0.0278927	0.028567
0	37721_SFF	0	1409007_SFF	15331	0.0899485	0.0256343	0.0386459
0	37721_SFF	0	1409008_SFF	15564	0.0864174	0.0276921	0.0111265
0	37721_SFF	0	1409009_SFF	15144	0.0888801	0.0269414	0.0230386
0	37721_SFF	0	1409012_SFF	14738	0.0907857	0.0254444	0.0376085
0	37721_SFF	0	1409013_SFF	15043	0.0937978	0.0253939	0.0484568
0	37721_SFF	0	1409026_SFF	11624	0.0971266	0.0192705	0.0985367
0	37721_SFF	0	1409027_SFF	14298	0.0913414	0.0245489	0.0498072
0	37721_SFF	0	1409030_SFF	15091	0.0923729	0.0242529	0.0534525
0	37721_SFF	0	1409031_SFF	14556	0.0941193	0.0249382	0.0555028
0	37721_SFF	0	1409032_SFF	15396	0.0879449	0.0271499	0.0242277
0	37721_SFF	0	1410001_SFF	14125	0.0926726	0.0264779	0.0415559
0	37721_SFF	0	1410002_SFF	14701	0.0925787	0.0238759	0.0567901
0	37721_SFF	0	1412001_BFF	15758	0.0792613	0.0472776	-0.0360154
0	37721_SFF	0	1412006_BFF	15545	0.0807334	0.0457382	-0.0290962
0	37721_SFF	0	1412010_BFF	14190	0.0845666	0.0400282	0.00231104
0	37721_SFF	0	1412014_BFF	14291	0.0848786	0.0391855	0.0117021
0	37721_SFF	0	1412024_BFF	14939	0.0795234	0.0402972	-0.00805395
0	37721_SFF	0	1510003_SFF	12752	0.0919856	0.0215652	0.0686362
0	37721_SFF	0	1510004_SFF	15736	0.0946873	0.0262456	0.054418
0	37721_SFF	0	1610001_BFF	15570	0.0743096	0.0542068	-0.0742987
0	37721_SFF	0	1610002_BFF	15607	0.0740053	0.0526687	-0.0725868
0	37721_SFF	0	1610012_BFF	15761	0.0767083	0.0539306	-0.0681762
0	37721_SFF	0	1610013_BFF	15146	0.0788327	0.0487257	-0.0439575
0	37721_SFF	0	1610015_BFF	15686	0.0773301	0.0522759	-0.0602824
0	37721_SFF	0	1610016_BFF	15839	0.0752573	0.0582107	-0.0963442
0	37721_SFF	0	1610017_BFF	15868	0.0742375	0.0587346	-0.0955589
0	37721_SFF	0	1409001_SFF	15464	0.0885282	0.0280005	0.0253193
0	37721_SFF	0	1611012_BFF	14296	0.0828204	0.0394516	-0.000834725
0	37721_SFF	0	1611013_BFF	11223	0.0803707	0.0335917	0.0194435
0	37721_SFF	0	1611032_BFF	15336	0.0803339	0.0450574	-0.0219408
0	37721_SFF	0	1702005_BFF	14882	0.0985083	0.0248622	0.0435646
0	37721_SFF	0	1702006_BFF	14918	0.081043	0.0400188	0.000386299
0	37721_SFF	0	1702007_BFF	15079	0.0812388	0.0439021	-0.0171348
0	37721_SFF	0	1702008_BFF	12585	0.086611	0.035439	0.0283988
0	37721_SFF	0	1702009_BFF	15769	0.0815524	0.0469275	-0.0248726
0	37721_SFF	0	1702012_BFF	11596	0.087099	0.0305278	0.0439279
0	37721_SFF	0	1702013_BFF	15837	0.0829071	0.0485572	-0.0301073
0	37721_SFF	0	1702014_BFF	12649	0.0853032	0.0335204	0.0258806
0	37721_SFF	0	1702016_BFF	14621	0.0835784	0.0465768	-0.0185595
0	37721_SFF	0	1702017_BFF	13472	0.0869952	0.0409739	0.0040506
0	37721_SFF	0	1702018_BFF	15863	0.0805018	0.049108	-0.0430435
0	37721_SFF	0	1702019_BFF	15036	0.0810721	0.0431631	-0.0137172
0	37721_SFF	0	1702020_BFF	15703	0.0777558	0.0500541	-0.0528169
0	37721_SFF	0	1702022_BFF	15191	0.0833388	0.0411428	0.000628773
0	37721_SFF	0	1702024_BFF	12730	0.0806756	0.0372349	0.00392218
0	37721_SFF	0	1702026_BFF	15541	0.0831993	0.0455569	-0.0194507
0	37721_SFF	0	1702027_BFF	14334	0.0836473	0.039068	0.00706478
0	37721_SFF	0	1702028_BFF	12088	0.091413	0.030857	0.0404138
0	37721_SFF	0	1702029_BFF	14724	0.0951508	0.0281853	0.0318608
0	37721_SFF	0	1702031_BFF	14945	0.0752091	0.0503178	-0.0652115
0	37721_SFF	0	DG02_BFF	15528	0.0796625	0.0435987	-0.0160568
0	37721_SFF	0	1703018_BFF	15818	0.0757997	0.0529776	-0.0657146
0	37721_SFF	0	1804002BFF	12066	0.0865241	0.0311619	0.0305356
0	37721_SFF	0	1804003BFF	14892	0.0842734	0.0387456	0.00858508
0	37721_SFF	0	1804004BFF	14555	0.0832704	0.040055	0.00468461
0	37721_SFF	0	1804005BFF	14843	0.0832042	0.0422421	-0.00342732
0	37721_SFF	0	1804006BFF	15105	0.0803045	0.0421715	-0.0145304
0	37721_SFF	0	1804007BFF	14772	0.0869889	0.0421744	0.00167439
0	37721_SFF	0	1804008BFF	15079	0.0813714	0.042841	-0.010161
0	37721_SFF	0	1804009BFF	14926	0.0823395	0.0440841	-0.0138889
0	37721_SFF	0	1804010BFF	15218	0.0800368	0.0424497	-0.0109925
0	37721_SFF	0	1804011BFF	14395	0.079472	0.0409865	-0.00737661
0	37721_SFF	0	1804013BFF	13280	0.0770331	0.0423946	-0.0238595
0	37721_SFF	0	1804014BFF	13743	0.0831696	0.0398748	0.0054242
0	37721_SFF	0	1804015BFF	14327	0.0788023	0.0443219	-0.0214092
0	37721_SFF	0	1804016BFF	15034	0.0779566	0.0470933	-0.0419958
0	37721_SFF	0	1804017BFF	14881	0.0794301	0.0448223	-0.0202338
0	37721_SFF	0	1805001BFF	13938	0.0842302	0.0341512	0.0200553
0	37721_SFF	0	1805002BFF	14904	0.0843398	0.0428744	-0.00733025
0	37721_SFF	0	1805003BFF	12840	0.084891	0.0343458	0.0243625
0	37721_SFF	0	1815076BFF_GHFF	13328	0.0853842	0.0362395	0.0214574
0	37721_SFF	0	1815092SFF	15016	0.0889718	0.0253729	0.0323594
0	37721_SFF	0	1815093BFF_SFF	14578	0.0830018	0.0425298	-0.00958188
0	37721_SFF	0	1815094SFF	10828	0.0964167	0.0190248	0.103441
0	37721_SFF	0	1815095SFF	15576	0.0881484	0.028056	0.0192424
0	37721_SFF	0	1815096SFF	14450	0.0950173	0.0229066	0.0638791
0	37721_SFF	0	2411005_SFF	15014	0.091448	0.0247769	0.049269
0	37721_SFF	0	2411007_SFF	12897	0.0923471	0.0219431	0.0628396
0	37721_SFF	0	2811016_SFF	10523	0.11128	0.0130191	0.164953
0	37721_SFF	0	2811017_SFF	14533	0.0890387	0.0225005	0.049693
0	37721_SFF	0	37685_SFF	15878	0.092455	0.025507	0.0365396
0	37721_SFF	0	37686_SFF	15710	0.0924889	0.0268619	0.0333533
0	37721_SFF	0	37687_SFF	15852	0.0874968	0.0261797	0.016492
0	37721_SFF	0	37689_SFF	15869	0.0904909	0.0270969	0.021145
0	37721_SFF	0	37690_SFF	15321	0.0962078	0.0276744	0.0383545
0	37721_SFF	0	37695_SFF	13987	0.0871524	0.0263101	0.0141158
0	37721_SFF	0	37697_SFF	15642	0.0895666	0.025764	0.0270207
0	37721_SFF	0	37698_SFF	15424	0.0899248	0.0275545	0.0199563
0	37721_SFF	0	37699_SFF	15426	0.0914689	0.0246337	0.0404298
0	37721_SFF	0	37700_SFF	15890	0.0894902	0.0265576	0.0232348
0	37721_SFF	0	37701_SFF	15822	0.0918342	0.0267981	0.0249154
0	37721_SFF	0	37702_SFF	15556	0.0931473	0.0271278	0.0307999
0	37721_SFF	0	37703_SFF	15617	0.0886854	0.025357	0.0208267
0	37721_SFF	0	37704_SFF	15755	0.0928594	0.0262139	0.036813
0	37721_SFF	0	37705_SFF	15536	0.088826	0.0276777	0.00725338
0	37721_SFF	0	37706_SFF	15805	0.0894654	0.0288516	0.00850866
0	37721_SFF	0	37707_SFF	13411	0.0973082	0.0196853	0.0914097
0	37721_SFF	0	37708_SFF	11982	0.0887164	0.0209481	0.0597934
0	37721_SFF	0	37710_SFF	15288	0.091248	0.0259027	0.0352704
0	37721_SFF	0	37717_SFF	15644	0.0912171	0.0280619	0.0226579
0	1412002_BFF	0	1304001_SFF	15503	0.0654712	0.053925	-0.1508
0	1412002_BFF	0	1304004_SFF	15907	0.0671403	0.0543786	-0.150916
0	1412002_BFF	0	1304006_SFF	16239	0.0674303	0.0587475	-0.177857
0	1412002_BFF	0	1304010_SFF	10085	0.0748637	0.0396629	-0.0325812
0	1412002_BFF	0	1304011_SFF	15984	0.0678178	0.0560561	-0.160647
0	1412002_BFF	0	1306009_SFF	16294	0.0683687	0.0592856	-0.166854
0	1412002_BFF	0	1306011_SFF	16370	0.067807	0.0593769	-0.165111
0	1412002_BFF	0	1306014_SFF	15049	0.0928301	0.0408665	0.0169909
0	1412002_BFF	0	1306015_BFF	16232	0.0850172	0.04448	-0.0170109
0	1412002_BFF	0	1307003_SFF	16334	0.0688747	0.0569977	-0.158096
0	1412002_BFF	0	1307004_SFF	16153	0.0682226	0.0577602	-0.161196
0	1412002_BFF	0	1611011_BFF	16406	0.0878947	0.0444959	-0.0106561
0	1412002_BFF	0	1409002_SFF	15585	0.0676291	0.0543471	-0.150477
0	1412002_BFF	0	1409007_SFF	15966	0.065389	0.0578103	-0.166715
0	1412002_BFF	0	1409008_SFF	16225	0.0635439	0.0562096	-0.175676
0	1412002_BFF	0	1409009_SFF	15798	0.0681732	0.0563362	-0.158991
0	1412002_BFF	0	1409012_SFF	15355	0.0666884	0.0553566	-0.160012
0	1412002_BFF	0	1409013_SFF	15673	0.0680789	0.0553181	-0.152155
0	1412002_BFF	0	1409026_SFF	12227	0.0714811	0.0426106	-0.0647298
0	1412002_BFF	0	1409027_SFF	14934	0.0691041	0.0538369	-0.140856
0	1412002_BFF	0	1409030_SFF	15726	0.069312	0.0522065	-0.129231
0	1412002_BFF	0	1409031_SFF	15167	0.0695589	0.0553834	-0.144106
0	1412002_BFF	0	1409032_SFF	16057	0.0683814	0.058666	-0.166284
0	1412002_BFF	0	1410001_SFF	14750	0.0695593	0.0520678	-0.132621
0	1412002_BFF	0	1410002_SFF	15337	0.071396	0.0533351	-0.126289
0	1412002_BFF	0	1412001_BFF	16387	0.0910478	0.0402148	0.0141857
0	1412002_BFF	0	1412006_BFF	16196	0.0892813	0.039022	0.0153024
0	1412002_BFF	0	1412010_BFF	14870	0.0913248	0.0369872	0.0271333
0	1412002_BFF	0	1412014_BFF	14942	0.0962388	0.0344666	0.047546
0	1412002_BFF	0	1412024_BFF	15533	0.0938647	0.037533	0.0322117
0	1412002_BFF	0	1510003_SFF	13270	0.0701583	0.0474755	-0.0952623
0	1412002_BFF	0	1510004_SFF	16346	0.0728007	0.0565276	-0.124701
0	1412002_BFF	0	1610001_BFF	16203	0.0886873	0.0446831	-0.00641949
0	1412002_BFF	0	1610002_BFF	16216	0.0867045	0.0452023	-0.0181929
0	1412002_BFF	0	1610012_BFF	16391	0.0856568	0.0456958	-0.0157096
0	1412002_BFF	0	1610013_BFF	15716	0.0866633	0.0406592	0.00237559
0	1412002_BFF	0	1610015_BFF	16322	0.0877343	0.0436834	-0.00584168
0	1412002_BFF	0	1610016_BFF	16483	0.0834193	0.0438634	-0.0194758
0	1412002_BFF	0	1610017_BFF	16492	0.0864055	0.0494785	-0.0354912
0	1412002_BFF	0	1409001_SFF	16119	0.0676841	0.0575098	-0.152754
0	1412002_BFF	0	1611012_BFF	14852	0.0873283	0.038648	0.0124536
0	1412002_BFF	0	1611013_BFF	11730	0.0909633	0.0310315	0.0542642
0	1412002_BFF	0	1611032_BFF	15982	0.092917	0.0387311	0.0280229
0	1412002_BFF	0	1702005_BFF	15440	0.106671	0.0284326	0.0479861
0	1412002_BFF	0	1702006_BFF	15540	0.0938867	0.0371943	0.0351179
0	1412002_BFF	0	1702007_BFF	15745	0.0901238	0.039187	0.0211328
0	1412002_BFF	0	1702008_BFF	13178	0.0965245	0.0328578	0.0548551
0	1412002_BFF	0	1702009_BFF	16415	0.0923546	0.0426439	0.0109178
0	1412002_BFF	0	1702012_BFF	12202	0.0938371	0.0296673	0.0572982
0	1412002_BFF	0	1702013_BFF	16463	0.0950009	0.0416085	0.0193971
0	1412002_BFF	0	1702014_BFF	13298	0.0983607	0.0323357	0.0532596
0	1412002_BFF	0	1702016_BFF	15286	0.0937459	0.0415413	0.0193933
0	1412002_BFF	0	1702017_BFF	14157	0.0954298	0.0360952	0.0391599
0	1412002_BFF	0	1702018_BFF	16492	0.0864055	0.0423236	-0.00457136
0	1412002_BFF	0	1702019_BFF	15683	0.0926481	0.0397245	0.0222645
0	1412002_BFF	0	1702020_BFF	16323	0.0870551	0.0425167	-0.00660606
0	1412002_BFF	0	1702022_BFF	15820	0.0949431	0.0367257	0.0373251
0	1412002_BFF	0	1702024_BFF	13324	0.0901381	0.0366256	0.0288115
0	1412002_BFF	0	1702026_BFF	16181	0.0938137	0.0385019	0.030813
0	1412002_BFF	0	1702027_BFF	14940	0.0943106	0.0344043	0.0413032
0	1412002_BFF	0	1702028_BFF	12619	0.102148	0.0304303	0.0650643
0	1412002_BFF	0	1702029_BFF	15291	0.105291	0.0248512	0.062753
0	1412002_BFF	0	1702031_BFF	15601	0.0883277	0.0437792	-0.00735481
0	1412002_BFF	0	DG02_BFF	16168	0.0924048	0.0394607	0.0248635
0	1412002_BFF	0	1703018_BFF	16449	0.088516	0.0434677	-0.00265518
0	1412002_BFF	0	1804002BFF	12444	0.0955481	0.02901	0.0581629
0	1412002_BFF	0	1804003BFF	15479	0.0916726	0.0383746	0.0249815
0	1412002_BFF	0	1804004BFF	15051	0.0908245	0.0369411	0.0287312
0	1412002_BFF	0	1804005BFF	15400	0.091039	0.0395455	0.0224907
0	1412002_BFF	0	1804006BFF	15675	0.0866348	0.0373844	0.0197628
0	1412002_BFF	0	1804007BFF	15331	0.0913182	0.0372448	0.0279638
0	1412002_BFF	0	1804008BFF	15633	0.0880829	0.0387002	0.0197288
0	1412002_BFF	0	1804009BFF	15471	0.08726	0.0396872	0.0133118
0	1412002_BFF	0	1804010BFF	15790	0.090627	0.0411653	0.0154633
0	1412002_BFF	0	1804011BFF	14939	0.0903675	0.0369503	0.0297481
0	1412002_BFF	0	1804013BFF	13701	0.0861251	0.0351799	0.0254298
0	1412002_BFF	0	1804014BFF	14247	0.0909665	0.034323	0.0387466
0	1412002_BFF	0	1804015BFF	14813	0.0907311	0.0397624	0.0174555
0	1412002_BFF	0	1804016BFF	15628	0.0897748	0.0398643	0.0134442
0	1412002_BFF	0	1804017BFF	15459	0.0902387	0.0384889	0.0223225
0	1412002_BFF	0	1805001BFF	14476	0.0927052	0.033711	0.0387874
0	1412002_BFF	0	1805002BFF	15448	0.0944459	0.0363801	0.0362086
0	1412002_BFF	0	1805003BFF	13310	0.0957175	0.0314801	0.0549522
0	1412002_BFF	0	1815076BFF_GHFF	13823	0.0942632	0.0332055	0.046589
0	1412002_BFF	0	1815092SFF	15590	0.0663246	0.0549711	-0.162119
0	1412002_BFF	0	1815093BFF_SFF	15156	0.0896015	0.0376748	0.0229081
0	1412002_BFF	0	1815094SFF	11205	0.075502	0.0405176	-0.0386961
0	1412002_BFF	0	1815095SFF	16182	0.067606	0.0546286	-0.15103
0	1412002_BFF	0	1815096SFF	15009	0.0702245	0.0521021	-0.127304
0	1412002_BFF	0	2411005_SFF	15625	0.0704	0.053632	-0.128993
0	1412002_BFF	0	2411007_SFF	13488	0.0713968	0.0493031	-0.115695
0	1412002_BFF	0	2811016_SFF	10921	0.0832341	0.0284772	0.0433609
0	1412002_BFF	0	2811017_SFF	15101	0.0695318	0.0525793	-0.136896
0	1412002_BFF	0	37685_SFF	16505	0.0646471	0.0612542	-0.200618
0	1412002_BFF	0	37686_SFF	16315	0.0645418	0.0622127	-0.200763
0	1412002_BFF	0	37687_SFF	16474	0.064708	0.0600947	-0.203538
0	1412002_BFF	0	37689_SFF	16506	0.0648249	0.0625227	-0.212763
0	1412002_BFF	0	37690_SFF	15922	0.0632458	0.0596659	-0.192861
0	1412002_BFF	0	37695_SFF	14575	0.064494	0.0569468	-0.194463
0	1412002_BFF	0	37697_SFF	16251	0.0654729	0.0609809	-0.200426
0	1412002_BFF	0	37698_SFF	16042	0.0630221	0.0574741	-0.185491
0	1412002_BFF	0	37699_SFF	16029	0.06482	0.0613263	-0.195662
0	1412002_BFF	0	37700_SFF	16508	0.0643324	0.0622728	-0.20639
0	1412002_BFF	0	37701_SFF	16432	0.0649951	0.0629869	-0.214139
0	1412002_BFF	0	37702_SFF	16168	0.0649431	0.0598714	-0.191125
0	1412002_BFF	0	37703_SFF	16220	0.0617139	0.061344	-0.219437
0	1412002_BFF	0	37704_SFF	16372	0.0664549	0.0605302	-0.184829
0	1412002_BFF	0	37705_SFF	16153	0.0625271	0.0614127	-0.229617
0	1412002_BFF	0	37706_SFF	16432	0.0635346	0.0623174	-0.218353
0	1412002_BFF	0	37707_SFF	13916	0.0695602	0.048146	-0.106643
0	1412002_BFF	0	37708_SFF	12453	0.0684172	0.0485024	-0.118985
0	1412002_BFF	0	37710_SFF	15867	0.0649146	0.0588013	-0.18267
0	1412002_BFF	0	37717_SFF	16236	0.06424	0.0601133	-0.193162
0	1412002_BFF	0	37721_SFF	15109	0.0806142	0.0411013	-0.00470361
0	DG05_BFF	0	1304001_SFF	9989	0.0719792	0.0378416	-0.0602465
0	DG05_BFF	0	1304004_SFF	10184	0.0732522	0.0433032	-0.0922084
0	DG05_BFF	0	1304006_SFF	10342	0.0687488	0.0430284	-0.109498
0	DG05_BFF	0	1304010_SFF	6874	0.0821938	0.0288042	0.0177327
0	DG05_BFF	0	1304011_SFF	10170	0.0722714	0.0423795	-0.094582
0	DG05_BFF	0	1306009_SFF	10354	0.0742708	0.0445239	-0.0859753
0	DG05_BFF	0	1306011_SFF	10395	0.0720539	0.042328	-0.0814235
0	DG05_BFF	0	1306014_SFF	9685	0.0929272	0.030253	0.0592002
0	DG05_BFF	0	1306015_BFF	10337	0.0936442	0.0317307	0.0491819
0	DG05_BFF	0	1307003_SFF	10400	0.0700962	0.0452885	-0.111427
0	DG05_BFF	0	1307004_SFF	10267	0.0719782	0.0420766	-0.0863821
0	DG05_BFF	0	1611011_BFF	10469	0.0882606	0.0340052	0.0203602
0	DG05_BFF	0	1409002_SFF	10024	0.0712291	0.0437949	-0.0989949
0	DG05_BFF	0	1409007_SFF	10171	0.0733458	0.042867	-0.0815683
0	DG05_BFF	0	1409008_SFF	10343	0.0683554	0.0420574	-0.104581
0	DG05_BFF	0	1409009_SFF	10157	0.072167	0.04204	-0.0908774
0	DG05_BFF	0	1409012_SFF	9870	0.0704154	0.0414387	-0.0961912
0	DG05_BFF	0	1409013_SFF	10061	0.072955	0.0404532	-0.0805659
0	DG05_BFF	0	1409026_SFF	8160	0.0753676	0.0283088	0.00685853
0	DG05_BFF	0	1409027_SFF	9694	0.0702496	0.0385806	-0.0708293
0	DG05_BFF	0	1409030_SFF	10041	0.073897	0.038542	-0.0653935
0	DG05_BFF	0	1409031_SFF	9735	0.0698511	0.0392399	-0.074763
0	DG05_BFF	0	1409032_SFF	10248	0.0680133	0.0419594	-0.0926385
0	DG05_BFF	0	1410001_SFF	9538	0.0717131	0.0392116	-0.0793473
0	DG05_BFF	0	1410002_SFF	9888	0.0726133	0.0386327	-0.0609195
0	DG05_BFF	0	1412001_BFF	10424	0.0917114	0.0345357	0.0319856
0	DG05_BFF	0	1412006_BFF	10319	0.0903188	0.034984	0.0249709
0	DG05_BFF	0	1412010_BFF	9656	0.0983844	0.0291011	0.0750691
0	DG05_BFF	0	1412014_BFF	9620	0.0980249	0.0276507	0.0807921
0	DG05_BFF	0	1412024_BFF	9905	0.0920747	0.0293791	0.0552904
0	DG05_BFF	0	1510003_SFF	8690	0.0727273	0.0352129	-0.0404489
0	DG05_BFF	0	1510004_SFF	10403	0.0729597	0.0395078	-0.0519657
0	DG05_BFF	0	1610001_BFF	10305	0.0879185	0.03377	0.02826
0	DG05_BFF	0	1610002_BFF	10310	0.0873909	0.0351115	0.0145429
0	DG05_BFF	0	1610012_BFF	10409	0.0904986	0.0347776	0.0302229
0	DG05_BFF	0	1610013_BFF	10030	0.0886341	0.0335992	0.0292014
0	DG05_BFF	0	1610015_BFF	10371	0.0903481	0.0340372	0.0328446
0	DG05_BFF	0	1610016_BFF	10457	0.0885531	0.03873	0.000588697
0	DG05_BFF	0	1610017_BFF	10463	0.0870687	0.0394724	-0.00272268
0	DG05_BFF	0	1409001_SFF	10278	0.0709282	0.0444639	-0.105053
0	DG05_BFF	0	1611012_BFF	9586	0.0930524	0.0271229	0.0627887
0	DG05_BFF	0	1611013_BFF	8039	0.0946635	0.0242567	0.080798
0	DG05_BFF	0	1611032_BFF	10174	0.093277	0.0320425	0.0520636
0	DG05_BFF	0	1702005_BFF	9873	0.110301	0.0203586	0.0969388
0	DG05_BFF	0	1702006_BFF	9934	0.0931146	0.0289913	0.0631353
0	DG05_BFF	0	1702007_BFF	10075	0.0915136	0.0323573	0.0432147
0	DG05_BFF	0	1702008_BFF	8588	0.0960643	0.0277131	0.0746679
0	DG05_BFF	0	1702009_BFF	10437	0.0939925	0.0352592	0.0355258
0	DG05_BFF	0	1702012_BFF	8066	0.0984379	0.0220679	0.104037
0	DG05_BFF	0	1702013_BFF	10461	0.0947328	0.0355607	0.03463
0	DG05_BFF	0	1702014_BFF	8643	0.0967257	0.0247599	0.0880771
0	DG05_BFF	0	1702016_BFF	9809	0.0973596	0.0329289	0.0530454
0	DG05_BFF	0	1702017_BFF	9177	0.0962188	0.0286586	0.072733
0	DG05_BFF	0	1702018_BFF	10468	0.0896064	0.0352503	0.0194994
0	DG05_BFF	0	1702019_BFF	10038	0.0936442	0.0321777	0.0458761
0	DG05_BFF	0	1702020_BFF	10376	0.0938705	0.0368157	0.0238003
0	DG05_BFF	0	1702022_BFF	10142	0.0909091	0.0297772	0.0535236
0	DG05_BFF	0	1702024_BFF	8625	0.0893913	0.0277101	0.0514882
0	DG05_BFF	0	1702026_BFF	10294	0.0902467	0.0324461	0.0421561
0	DG05_BFF	0	1702027_BFF	9639	0.098143	0.02687	0.0833333
0	DG05_BFF	0	1702028_BFF	8363	0.0984097	0.0234366	0.0937214
0	DG05_BFF	0	1702029_BFF	9758	0.111293	0.0226481	0.0892226
0	DG05_BFF	0	1702031_BFF	9983	0.0860463	0.0338576	0.017461
0	DG05_BFF	0	DG02_BFF	10291	0.0964921	0.0316782	0.0568483
0	DG05_BFF	0	1703018_BFF	10439	0.0880353	0.0337197	0.0276616
0	DG05_BFF	0	1804002BFF	8073	0.0999628	0.0194475	0.111599
0	DG05_BFF	0	1804003BFF	9855	0.0957889	0.0268899	0.0783074
0	DG05_BFF	0	1804004BFF	9587	0.0910608	0.0256597	0.0726069
0	DG05_BFF	0	1804005BFF	9827	0.0927038	0.0310369	0.0547769
0	DG05_BFF	0	1804006BFF	9976	0.090417	0.0310746	0.0466168
0	DG05_BFF	0	1804007BFF	9802	0.0942665	0.0269333	0.072937
0	DG05_BFF	0	1804008BFF	9944	0.0925181	0.0291633	0.0626221
0	DG05_BFF	0	1804009BFF	9869	0.0958557	0.028777	0.0671479
0	DG05_BFF	0	1804010BFF	10066	0.0927876	0.0285118	0.0648819
0	DG05_BFF	0	1804011BFF	9603	0.0932	0.0276997	0.0643786
0	DG05_BFF	0	1804013BFF	8869	0.0909911	0.0295411	0.0513081
0	DG05_BFF	0	1804014BFF	9184	0.0925523	0.023628	0.0867112
0	DG05_BFF	0	1804015BFF	9485	0.0900369	0.027728	0.0582746
0	DG05_BFF	0	1804016BFF	9983	0.0881499	0.0316538	0.0334821
0	DG05_BFF	0	1804017BFF	9871	0.0973559	0.0289738	0.0716776
0	DG05_BFF	0	1805001BFF	9285	0.0967151	0.0260635	0.0841513
0	DG05_BFF	0	1805002BFF	9900	0.0948485	0.0280808	0.0709511
0	DG05_BFF	0	1805003BFF	8567	0.0977005	0.0232287	0.0945095
0	DG05_BFF	0	1815076BFF_GHFF	8849	0.0947	0.0258786	0.0788664
0	DG05_BFF	0	1815092SFF	9946	0.0716871	0.0393123	-0.0785917
0	DG05_BFF	0	1815093BFF_SFF	9725	0.0940874	0.0279692	0.0655605
0	DG05_BFF	0	1815094SFF	7322	0.0774379	0.029227	0.0041791
0	DG05_BFF	0	1815095SFF	10282	0.0703171	0.0403618	-0.0814873
0	DG05_BFF	0	1815096SFF	9615	0.0721789	0.0371295	-0.0619597
0	DG05_BFF	0	2411005_SFF	10019	0.0739595	0.0401238	-0.0676726
0	DG05_BFF	0	2411007_SFF	8859	0.0722429	0.0384919	-0.0681938
0	DG05_BFF	0	2811016_SFF	7302	0.0869625	0.0178033	0.0961846
0	DG05_BFF	0	2811017_SFF	9748	0.0761182	0.0380591	-0.0601099
0	DG05_BFF	0	37685_SFF	10477	0.0691992	0.0458146	-0.120273
0	DG05_BFF	0	37686_SFF	10376	0.0695837	0.047128	-0.115127
0	DG05_BFF	0	37687_SFF	10452	0.0677382	0.047455	-0.145498
0	DG05_BFF	0	37689_SFF	10467	0.0675456	0.0479603	-0.144496
0	DG05_BFF	0	37690_SFF	10152	0.0667849	0.0451143	-0.12595
0	DG05_BFF	0	37695_SFF	9429	0.068512	0.0395588	-0.100104
0	DG05_BFF	0	37697_SFF	10324	0.0694498	0.0451375	-0.119743
0	DG05_BFF	0	37698_SFF	10197	0.0700206	0.0454055	-0.11164
0	DG05_BFF	0	37699_SFF	10210	0.0650343	0.0454456	-0.134789
0	DG05_BFF	0	37700_SFF	10494	0.0639413	0.0480274	-0.153595
0	DG05_BFF	0	37701_SFF	10442	0.0676116	0.0472132	-0.139709
0	DG05_BFF	0	37702_SFF	10279	0.0666407	0.0455297	-0.128908
0	DG05_BFF	0	37703_SFF	10312	0.0675912	0.045481	-0.138098
0	DG05_BFF	0	37704_SFF	10396	0.0694498	0.0433821	-0.102262
0	DG05_BFF	0	37705_SFF	10272	0.0655179	0.0472157	-0.157171
0	DG05_BFF	0	37706_SFF	10433	0.0662321	0.0471581	-0.140843
0	DG05_BFF	0	37707_SFF	9055	0.0732192	0.0369961	-0.0585052
0	DG05_BFF	0	37708_SFF	8089	0.0704661	0.0351094	-0.0699038
0	DG05_BFF	0	37710_SFF	10113	0.0672402	0.0423218	-0.104888
0	DG05_BFF	0	37717_SFF	10334	0.067157	0.0480937	-0.143344
0	DG05_BFF	0	37721_SFF	9590	0.08561	0.026903	0.0590709
0	DG05_BFF	0	1412002_BFF	10062	0.0957066	0.0309084	0.0598797
0	DG06_BFF	0	1304001_SFF	9378	0.0794412	0.0412668	-0.0728356
0	DG06_BFF	0	1304004_SFF	9566	0.0756847	0.0412921	-0.0916708
0	DG06_BFF	0	1304006_SFF	9709	0.073025	0.0456278	-0.119082
0	DG06_BFF	0	1304010_SFF	6470	0.0837713	0.0275116	0.0292251
0	DG06_BFF	0	1304011_SFF	9555	0.0750392	0.0393511	-0.0789985
0	DG06_BFF	0	1306009_SFF	9712	0.0755766	0.04479	-0.0966495
0	DG06_BFF	0	1306011_SFF	9750	0.0742564	0.0445128	-0.101275
0	DG06_BFF	0	1306014_SFF	9118	0.0993639	0.028844	0.0702675
0	DG06_BFF	0	1306015_BFF	9711	0.0967974	0.0323345	0.0411741
0	DG06_BFF	0	1307003_SFF	9740	0.0747433	0.0439425	-0.115175
0	DG06_BFF	0	1307004_SFF	9690	0.0734778	0.0434469	-0.0981973
0	DG06_BFF	0	1611011_BFF	9841	0.0954171	0.0335332	0.0293336
0	DG06_BFF	0	1409002_SFF	9393	0.0780368	0.042372	-0.0834559
0	DG06_BFF	0	1409007_SFF	9607	0.0752576	0.0395545	-0.0677472
0	DG06_BFF	0	1409008_SFF	9702	0.0731808	0.0398887	-0.0918045
0	DG06_BFF	0	1409009_SFF	9575	0.072376	0.0407311	-0.0993066
0	DG06_BFF	0	1409012_SFF	9300	0.0722581	0.0380645	-0.0816069
0	DG06_BFF	0	1409013_SFF	9475	0.0792612	0.0367282	-0.0580423
0	DG06_BFF	0	1409026_SFF	7742	0.0785327	0.0300956	-0.0100232
0	DG06_BFF	0	1409027_SFF	9233	0.0742987	0.0405069	-0.0781561
0	DG06_BFF	0	1409030_SFF	9462	0.0791587	0.0393152	-0.0599904
0	DG06_BFF	0	1409031_SFF	9197	0.0769816	0.0397956	-0.0725124
0	DG06_BFF	0	1409032_SFF	9654	0.0730267	0.0432981	-0.102536
0	DG06_BFF	0	1410001_SFF	9018	0.0800621	0.0392548	-0.0624359
0	DG06_BFF	0	1410002_SFF	9293	0.0790918	0.0386312	-0.0588595
0	DG06_BFF	0	1412001_BFF	9767	0.0951162	0.0329682	0.0319672
0	DG06_BFF	0	1412006_BFF	9690	0.0966976	0.0340557	0.0349026
0	DG06_BFF	0	1412010_BFF	9030	0.0997785	0.0258029	0.083159
0	DG06_BFF	0	1412014_BFF	9111	0.0988914	0.0255735	0.0766539
0	DG06_BFF	0	1412024_BFF	9346	0.0992938	0.0269634	0.0692821
0	DG06_BFF	0	1510003_SFF	8214	0.0799854	0.0356708	-0.0422042
0	DG06_BFF	0	1510004_SFF	9768	0.0809787	0.041769	-0.0541464
0	DG06_BFF	0	1610001_BFF	9673	0.0933526	0.035873	0.0147978
0	DG06_BFF	0	1610002_BFF	9666	0.0909373	0.0352783	0.0098989
0	DG06_BFF	0	1610012_BFF	9761	0.0981457	0.0349349	0.0356145
0	DG06_BFF	0	1610013_BFF	9347	0.0981063	0.030919	0.0496626
0	DG06_BFF	0	1610015_BFF	9718	0.0955958	0.0340605	0.0330246
0	DG06_BFF	0	1610016_BFF	9815	0.0961793	0.0361691	0.0151294
0	DG06_BFF	0	1610017_BFF	9830	0.0907426	0.0396745	-0.0036526
0	DG06_BFF	0	1409001_SFF	9653	0.0753134	0.0438206	-0.0951022
0	DG06_BFF	0	1611012_BFF	8929	0.0947475	0.0271027	0.0568753
0	DG06_BFF	0	1611013_BFF	7726	0.0922858	0.0261455	0.0598425
0	DG06_BFF	0	1611032_BFF	9580	0.0969729	0.0327766	0.0455092
0	DG06_BFF	0	1702005_BFF	9249	0.112769	0.0203265	0.108297
0	DG06_BFF	0	1702006_BFF	9376	0.0959898	0.0287969	0.0540795
0	DG06_BFF	0	1702007_BFF	9481	0.0940829	0.0309039	0.0457254
0	DG06_BFF	0	1702008_BFF	8158	0.102108	0.024761	0.0933009
0	DG06_BFF	0	1702009_BFF	9792	0.098652	0.0343137	0.0379393
0	DG06_BFF	0	1702012_BFF	7729	0.103894	0.0234183	0.104748
0	DG06_BFF	0	1702013_BFF	9807	0.0967676	0.0326298	0.0373633
0	DG06_BFF	0	1702014_BFF	8238	0.102452	0.0237922	0.0998395
0	DG06_BFF	0	1702016_BFF	9257	0.0980879	0.0317597	0.0518216
0	DG06_BFF	0	1702017_BFF	8697	0.0986547	0.0286306	0.0721931
0	DG06_BFF	0	1702018_BFF	9829	0.093804	0.0344898	0.0237034
0	DG06_BFF	0	1702019_BFF	9439	0.0977858	0.0322068	0.0459627
0	DG06_BFF	0	1702020_BFF	9735	0.0927581	0.033282	0.0219115
0	DG06_BFF	0	1702022_BFF	9551	0.102921	0.029421	0.0690246
0	DG06_BFF	0	1702024_BFF	8214	0.0953251	0.0284879	0.0557349
0	DG06_BFF	0	1702026_BFF	9657	0.100549	0.0344828	0.0460761
0	DG06_BFF	0	1702027_BFF	9024	0.0980718	0.027039	0.0739882
0	DG06_BFF	0	1702028_BFF	7850	0.0992357	0.0233121	0.0965826
0	DG06_BFF	0	1702029_BFF	9144	0.117017	0.0218723	0.103762
0	DG06_BFF	0	1702031_BFF	9384	0.0916454	0.0313299	0.0329966
0	DG06_BFF	0	DG02_BFF	9639	0.10001	0.0319535	0.0552025
0	DG06_BFF	0	1703018_BFF	9800	0.0967347	0.0345918	0.0339271
0	DG06_BFF	0	1804002BFF	7397	0.10315	0.0182506	0.117285
0	DG06_BFF	0	1804003BFF	9211	0.0986864	0.0273586	0.0728566
0	DG06_BFF	0	1804004BFF	8980	0.0995546	0.0262806	0.0730687
0	DG06_BFF	0	1804005BFF	9157	0.102872	0.0310145	0.0652263
0	DG06_BFF	0	1804006BFF	9346	0.0989728	0.0328483	0.0436391
0	DG06_BFF	0	1804007BFF	9162	0.0999782	0.0284872	0.070598
0	DG06_BFF	0	1804008BFF	9367	0.0967225	0.0266894	0.0686094
0	DG06_BFF	0	1804009BFF	9199	0.103924	0.0273943	0.0808824
0	DG06_BFF	0	1804010BFF	9400	0.0976596	0.0290426	0.0645977
0	DG06_BFF	0	1804011BFF	8905	0.0969118	0.0285233	0.0550885
0	DG06_BFF	0	1804013BFF	8208	0.0981969	0.0265595	0.070119
0	DG06_BFF	0	1804014BFF	8548	0.10014	0.026088	0.0806054
0	DG06_BFF	0	1804015BFF	8821	0.0961342	0.0295885	0.0472911
0	DG06_BFF	0	1804016BFF	9311	0.0984857	0.0277092	0.0624204
0	DG06_BFF	0	1804017BFF	9209	0.0981648	0.0283418	0.0665705
0	DG06_BFF	0	1805001BFF	8625	0.107594	0.0234203	0.105111
0	DG06_BFF	0	1805002BFF	9287	0.103263	0.0287499	0.0801717
0	DG06_BFF	0	1805003BFF	7981	0.104498	0.0219271	0.106973
0	DG06_BFF	0	1815076BFF_GHFF	8294	0.100313	0.0241138	0.0917693
0	DG06_BFF	0	1815092SFF	9331	0.0752331	0.0402958	-0.0884967
0	DG06_BFF	0	1815093BFF_SFF	9093	0.0983174	0.0292533	0.0595652
0	DG06_BFF	0	1815094SFF	6812	0.0835291	0.0258368	0.0316594
0	DG06_BFF	0	1815095SFF	9637	0.0745045	0.0392238	-0.081527
0	DG06_BFF	0	1815096SFF	8966	0.0767343	0.0385902	-0.0657492
0	DG06_BFF	0	2411005_SFF	9398	0.0799106	0.0396893	-0.0559117
0	DG06_BFF	0	2411007_SFF	8399	0.079057	0.0380998	-0.0622204
0	DG06_BFF	0	2811016_SFF	6869	0.0920076	0.0208182	0.0948905
0	DG06_BFF	0	2811017_SFF	9150	0.075082	0.0404372	-0.0808451
0	DG06_BFF	0	37685_SFF	9835	0.0705643	0.0459583	-0.13348
0	DG06_BFF	0	37686_SFF	9717	0.0734795	0.0452815	-0.115515
0	DG06_BFF	0	37687_SFF	9798	0.0708308	0.0456216	-0.130551
0	DG06_BFF	0	37689_SFF	9824	0.0706433	0.0489617	-0.156907
0	DG06_BFF	0	37690_SFF	9511	0.0696036	0.0451057	-0.13004
0	DG06_BFF	0	37695_SFF	8868	0.0693505	0.0428507	-0.127865
0	DG06_BFF	0	37697_SFF	9664	0.0715025	0.047082	-0.14302
0	DG06_BFF	0	37698_SFF	9587	0.0704078	0.043705	-0.122367
0	DG06_BFF	0	37699_SFF	9569	0.0746159	0.0453548	-0.117522
0	DG06_BFF	0	37700_SFF	9830	0.0731434	0.0466938	-0.132101
0	DG06_BFF	0	37701_SFF	9786	0.0721439	0.0454731	-0.128315
0	DG06_BFF	0	37702_SFF	9637	0.0727405	0.0451385	-0.117272
0	DG06_BFF	0	37703_SFF	9654	0.0677439	0.0454734	-0.146886
0	DG06_BFF	0	37704_SFF	9749	0.0731357	0.0464663	-0.126895
0	DG06_BFF	0	37705_SFF	9664	0.0703642	0.0461507	-0.149093
0	DG06_BFF	0	37706_SFF	9793	0.0712754	0.0467681	-0.145592
0	DG06_BFF	0	37707_SFF	8385	0.0735838	0.0332737	-0.0512856
0	DG06_BFF	0	37708_SFF	7541	0.0717411	0.0396499	-0.0949224
0	DG06_BFF	0	37710_SFF	9452	0.073741	0.0430597	-0.0955847
0	DG06_BFF	0	37717_SFF	9693	0.0718044	0.0475601	-0.138723
0	DG06_BFF	0	37721_SFF	8933	0.0931378	0.030225	0.0512903
0	DG06_BFF	0	1412002_BFF	9490	0.0985248	0.0278188	0.0672295
0	DG06_BFF	0	DG05_BFF	6769	0.103117	0.0245236	0.100882
0	K17053010BFF	0	1304001_SFF	12963	0.0679627	0.0525341	-0.137407
0	K17053010BFF	0	1304004_SFF	13307	0.0683099	0.051627	-0.133604
0	K17053010BFF	0	1304006_SFF	13572	0.064471	0.057766	-0.188496
0	K17053010BFF	0	1304010_SFF	8464	0.0784499	0.0379253	-0.0248092
0	K17053010BFF	0	1304011_SFF	13382	0.067404	0.0527574	-0.146798
0	K17053010BFF	0	1306009_SFF	13644	0.0655233	0.0576077	-0.169205
0	K17053010BFF	0	1306011_SFF	13700	0.0678832	0.0576642	-0.156426
0	K17053010BFF	0	1306014_SFF	12613	0.0915722	0.0370253	0.031316
0	K17053010BFF	0	1306015_BFF	13596	0.0878935	0.0394969	0.00549048
0	K17053010BFF	0	1307003_SFF	13689	0.0648696	0.0552268	-0.168561
0	K17053010BFF	0	1307004_SFF	13519	0.068866	0.0547378	-0.143604
0	K17053010BFF	0	1611011_BFF	13742	0.0895794	0.0406054	0.00569657
0	K17053010BFF	0	1409002_SFF	13072	0.063877	0.0538556	-0.156239
0	K17053010BFF	0	1409007_SFF	13336	0.0676365	0.0566887	-0.152943
0	K17053010BFF	0	1409008_SFF	13565	0.0667895	0.0559528	-0.169197
0	K17053010BFF	0	1409009_SFF	13167	0.0669097	0.0529354	-0.146515
0	K17053010BFF	0	1409012_SFF	12804	0.0653702	0.0514683	-0.15076
0	K17053010BFF	0	1409013_SFF	13120	0.0666921	0.0510671	-0.139399
0	K17053010BFF	0	1409026_SFF	10161	0.073418	0.040744	-0.0523555
0	K17053010BFF	0	1409027_SFF	12438	0.068339	0.0509728	-0.131093
0	K17053010BFF	0	1409030_SFF	13125	0.0661333	0.0522667	-0.139384
0	K17053010BFF	0	1409031_SFF	12684	0.0678808	0.0521917	-0.135495
0	K17053010BFF	0	1409032_SFF	13393	0.0620473	0.0550287	-0.167444
0	K17053010BFF	0	1410001_SFF	12329	0.0660232	0.0494768	-0.133541
0	K17053010BFF	0	1410002_SFF	12788	0.0684235	0.0499687	-0.116907
0	K17053010BFF	0	1412001_BFF	13731	0.0877576	0.0400553	0.0069365
0	K17053010BFF	0	1412006_BFF	13546	0.0897682	0.04075	0.00841484
0	K17053010BFF	0	1412010_BFF	12376	0.0908209	0.0357143	0.0355369
0	K17053010BFF	0	1412014_BFF	12501	0.0958323	0.0347172	0.0477664
0	K17053010BFF	0	1412024_BFF	13011	0.0906156	0.0361233	0.0289331
0	K17053010BFF	0	1510003_SFF	11116	0.0663008	0.0439906	-0.0968763
0	K17053010BFF	0	1510004_SFF	13685	0.0682499	0.0541469	-0.124323
0	K17053010BFF	0	1610001_BFF	13591	0.0910897	0.0375984	0.0228522
0	K17053010BFF	0	1610002_BFF	13612	0.0919042	0.0347488	0.033839
0	K17053010BFF	0	1610012_BFF	13748	0.0920134	0.0377509	0.0250355
0	K17053010BFF	0	1610013_BFF	13240	0.0924471	0.0360272	0.0295675
0	K17053010BFF	0	1610015_BFF	13700	0.0938686	0.0367883	0.0315812
0	K17053010BFF	0	1610016_BFF	13809	0.0932001	0.0386704	0.017259
0	K17053010BFF	0	1610017_BFF	13820	0.0904486	0.0403763	0.00379119
0	K17053010BFF	0	1409001_SFF	13468	0.0677903	0.0556133	-0.142631
0	K17053010BFF	0	1611012_BFF	12546	0.0883947	0.0354695	0.0253623
0	K17053010BFF	0	1611013_BFF	9887	0.0917366	0.033984	0.0438649
0	K17053010BFF	0	1611032_BFF	13397	0.0893484	0.0396357	0.0172414
0	K17053010BFF	0	1702005_BFF	12983	0.107987	0.0257259	0.0656039
0	K17053010BFF	0	1702006_BFF	13001	0.0935313	0.0360741	0.0399677
0	K17053010BFF	0	1702007_BFF	13141	0.0921543	0.0378967	0.0250523
0	K17053010BFF	0	1702008_BFF	11030	0.0936537	0.0306437	0.0543022
0	K17053010BFF	0	1702009_BFF	13745	0.088323	0.0385595	0.0162384
0	K17053010BFF	0	1702012_BFF	10147	0.0917513	0.0258204	0.0682521
0	K17053010BFF	0	1702013_BFF	13794	0.0867044	0.0421198	-0.000985638
0	K17053010BFF	0	1702014_BFF	11093	0.0963671	0.0300189	0.0604951
0	K17053010BFF	0	1702016_BFF	12745	0.0927423	0.0368772	0.0344441
0	K17053010BFF	0	1702017_BFF	11740	0.0939523	0.0353492	0.0387118
0	K17053010BFF	0	1702018_BFF	13817	0.088297	0.0436419	-0.00902837
0	K17053010BFF	0	1702019_BFF	13140	0.0905632	0.0380518	0.0216905
0	K17053010BFF	0	1702020_BFF	13676	0.0874525	0.0443843	-0.0171677
0	K17053010BFF	0	1702022_BFF	13239	0.093285	0.034066	0.0469693
0	K17053010BFF	0	1702024_BFF	11198	0.0881407	0.0359886	0.0204137
0	K17053010BFF	0	1702026_BFF	13543	0.0920771	0.037584	0.0282212
0	K17053010BFF	0	1702027_BFF	12508	0.0949792	0.0336585	0.0438972
0	K17053010BFF	0	1702028_BFF	10573	0.096945	0.0288471	0.0619698
0	K17053010BFF	0	1702029_BFF	12760	0.10721	0.0277429	0.056544
0	K17053010BFF	0	1702031_BFF	13087	0.09391	0.036754	0.0279811
0	K17053010BFF	0	DG02_BFF	13516	0.0930009	0.0398787	0.0237557
0	K17053010BFF	0	1703018_BFF	13773	0.0951136	0.0378276	0.028383
0	K17053010BFF	0	1804002BFF	10752	0.0928199	0.0275298	0.0655427
0	K17053010BFF	0	1804003BFF	13100	0.0961832	0.0376336	0.0357561
0	K17053010BFF	0	1804004BFF	12786	0.0911153	0.0319099	0.0515541
0	K17053010BFF	0	1804005BFF	13075	0.0926195	0.0353346	0.0405405
0	K17053010BFF	0	1804006BFF	13257	0.0920269	0.0366599	0.0303187
0	K17053010BFF	0	1804007BFF	13012	0.0948355	0.0339686	0.0511563
0	K17053010BFF	0	1804008BFF	13213	0.0890789	0.0352683	0.033202
0	K17053010BFF	0	1804009BFF	13090	0.0927426	0.0343774	0.0432636
0	K17053010BFF	0	1804010BFF	13338	0.094167	0.0361374	0.040764
0	K17053010BFF	0	1804011BFF	12709	0.0929263	0.032654	0.0525875
0	K17053010BFF	0	1804013BFF	11776	0.0889096	0.032269	0.0395783
0	K17053010BFF	0	1804014BFF	12154	0.0973342	0.0306072	0.0655084
0	K17053010BFF	0	1804015BFF	12649	0.0933671	0.0350225	0.0382225
0	K17053010BFF	0	1804016BFF	13237	0.0886152	0.0331646	0.034537
0	K17053010BFF	0	1804017BFF	13046	0.0935919	0.0330369	0.0524111
0	K17053010BFF	0	1805001BFF	12318	0.0975808	0.0300373	0.0631258
0	K17053010BFF	0	1805002BFF	13077	0.0904642	0.0354057	0.0343166
0	K17053010BFF	0	1805003BFF	11445	0.090782	0.0318043	0.0474385
0	K17053010BFF	0	1815076BFF_GHFF	11804	0.0927652	0.0299898	0.0613992
0	K17053010BFF	0	1815092SFF	13182	0.064937	0.0539372	-0.166848
0	K17053010BFF	0	1815093BFF_SFF	12858	0.0909939	0.0329756	0.0421229
0	K17053010BFF	0	1815094SFF	9737	0.0752799	0.0417993	-0.0503996
0	K17053010BFF	0	1815095SFF	13600	0.0661029	0.05375	-0.15217
0	K17053010BFF	0	1815096SFF	12726	0.0685211	0.053041	-0.145803
0	K17053010BFF	0	2411005_SFF	13105	0.0681419	0.050744	-0.121729
0	K17053010BFF	0	2411007_SFF	11309	0.0654346	0.0469538	-0.126812
0	K17053010BFF	0	2811016_SFF	9252	0.0823606	0.0288586	0.038224
0	K17053010BFF	0	2811017_SFF	12654	0.0667773	0.0516833	-0.142804
0	K17053010BFF	0	37685_SFF	13824	0.0611256	0.0595341	-0.201824
0	K17053010BFF	0	37686_SFF	13669	0.0659887	0.0597703	-0.183738
0	K17053010BFF	0	37687_SFF	13795	0.0605292	0.0612541	-0.219134
0	K17053010BFF	0	37689_SFF	13826	0.0614784	0.0609721	-0.214486
0	K17053010BFF	0	37690_SFF	13338	0.062903	0.0594542	-0.193637
0	K17053010BFF	0	37695_SFF	12188	0.0608796	0.053085	-0.188391
0	K17053010BFF	0	37697_SFF	13599	0.0652254	0.0575042	-0.182972
0	K17053010BFF	0	37698_SFF	13434	0.0631234	0.0560518	-0.181875
0	K17053010BFF	0	37699_SFF	13416	0.0641771	0.0575432	-0.179916
0	K17053010BFF	0	37700_SFF	13836	0.0618676	0.0628794	-0.213052
0	K17053010BFF	0	37701_SFF	13776	0.0634437	0.0593786	-0.20098
0	K17053010BFF	0	37702_SFF	13527	0.064168	0.0581799	-0.182275
0	K17053010BFF	0	37703_SFF	13584	0.0602179	0.0574941	-0.208454
0	K17053010BFF	0	37704_SFF	13727	0.0652	0.0572594	-0.17095
0	K17053010BFF	0	37705_SFF	13530	0.0627494	0.0606061	-0.220862
0	K17053010BFF	0	37706_SFF	13746	0.0619817	0.0595082	-0.210078
0	K17053010BFF	0	37707_SFF	11728	0.0664222	0.0465553	-0.103432
0	K17053010BFF	0	37708_SFF	10543	0.0631699	0.0476145	-0.131579
0	K17053010BFF	0	37710_SFF	13322	0.0641796	0.0556223	-0.168129
0	K17053010BFF	0	37717_SFF	13605	0.0649026	0.0585814	-0.182337
0	K17053010BFF	0	37721_SFF	12671	0.0823139	0.0419067	-0.00364409
0	K17053010BFF	0	1412002_BFF	13149	0.0882196	0.0356681	0.0312409
0	K17053010BFF	0	DG05_BFF	8472	0.0906516	0.0247875	0.0731481
0	K17053010BFF	0	DG06_BFF	7808	0.0964395	0.0263832	0.0735658
0	K17053011BFF	0	1304001_SFF	13795	0.0683581	0.0519029	-0.136838
0	K17053011BFF	0	1304004_SFF	14177	0.0645412	0.0514919	-0.148363
0	K17053011BFF	0	1304006_SFF	14470	0.0662751	0.0571527	-0.178467
0	K17053011BFF	0	1304010_SFF	8988	0.0758789	0.0343792	-0.0111851
0	K17053011BFF	0	1304011_SFF	14286	0.0670587	0.0532689	-0.151184
0	K17053011BFF	0	1306009_SFF	14547	0.068399	0.0583625	-0.170986
0	K17053011BFF	0	1306011_SFF	14612	0.0684369	0.0555023	-0.156901
0	K17053011BFF	0	1306014_SFF	13400	0.0915672	0.0357463	0.0374021
0	K17053011BFF	0	1306015_BFF	14503	0.0863959	0.0375095	0.00703448
0	K17053011BFF	0	1307003_SFF	14606	0.0670272	0.0554567	-0.166267
0	K17053011BFF	0	1307004_SFF	14414	0.0667407	0.0541141	-0.154598
0	K17053011BFF	0	1611011_BFF	14661	0.089762	0.0394243	0.00550571
0	K17053011BFF	0	1409002_SFF	13913	0.0631064	0.0526845	-0.163403
0	K17053011BFF	0	1409007_SFF	14208	0.066723	0.0537725	-0.148107
0	K17053011BFF	0	1409008_SFF	14474	0.0648749	0.0549952	-0.17876
0	K17053011BFF	0	1409009_SFF	14030	0.0668567	0.0533856	-0.155095
0	K17053011BFF	0	1409012_SFF	13637	0.0661436	0.0519176	-0.15638
0	K17053011BFF	0	1409013_SFF	13953	0.068014	0.0514585	-0.139947
0	K17053011BFF	0	1409026_SFF	10786	0.0688856	0.0384758	-0.0581729
0	K17053011BFF	0	1409027_SFF	13256	0.0672148	0.0480537	-0.118381
0	K17053011BFF	0	1409030_SFF	14000	0.0674286	0.0505714	-0.133486
0	K17053011BFF	0	1409031_SFF	13518	0.0687972	0.0518568	-0.134946
0	K17053011BFF	0	1409032_SFF	14307	0.0670301	0.0542392	-0.152827
0	K17053011BFF	0	1410001_SFF	13103	0.0696787	0.0494543	-0.124603
0	K17053011BFF	0	1410002_SFF	13663	0.0690917	0.048452	-0.114687
0	K17053011BFF	0	1412001_BFF	14640	0.0907104	0.0386612	0.015
0	K17053011BFF	0	1412006_BFF	14449	0.0905253	0.0376497	0.017232
0	K17053011BFF	0	1412010_BFF	13174	0.093973	0.0329437	0.0530763
0	K17053011BFF	0	1412014_BFF	13307	0.0971669	0.0323138	0.0583239
0	K17053011BFF	0	1412024_BFF	13863	0.089591	0.0334704	0.0323454
0	K17053011BFF	0	1510003_SFF	11884	0.0684113	0.0467014	-0.106653
0	K17053011BFF	0	1510004_SFF	14586	0.0690388	0.0532017	-0.124136
0	K17053011BFF	0	1610001_BFF	14457	0.0893685	0.0360379	0.0243804
0	K17053011BFF	0	1610002_BFF	14512	0.091097	0.0359702	0.0212531
0	K17053011BFF	0	1610012_BFF	14633	0.0951275	0.0356045	0.0339506
0	K17053011BFF	0	1610013_BFF	14121	0.0925572	0.0331421	0.0370813
0	K17053011BFF	0	1610015_BFF	14584	0.0964756	0.0356555	0.0357819
0	K17053011BFF	0	1610016_BFF	14725	0.0950085	0.0357216	0.0305225
0	K17053011BFF	0	1610017_BFF	14734	0.0908782	0.0365142	0.0180657
0	K17053011BFF	0	1409001_SFF	14349	0.0686459	0.0555439	-0.150601
0	K17053011BFF	0	1611012_BFF	13336	0.0905819	0.0322436	0.040901
0	K17053011BFF	0	1611013_BFF	10522	0.0900969	0.029177	0.0580357
0	K17053011BFF	0	1611032_BFF	14252	0.0933904	0.0377491	0.0311502
0	K17053011BFF	0	1702005_BFF	13794	0.109685	0.0267508	0.0684289
0	K17053011BFF	0	1702006_BFF	13839	0.0942987	0.0325168	0.0514767
0	K17053011BFF	0	1702007_BFF	14012	0.0922067	0.033614	0.0395799
0	K17053011BFF	0	1702008_BFF	11700	0.0949573	0.0277778	0.0737242
0	K17053011BFF	0	1702009_BFF	14645	0.093001	0.039126	0.0209045
0	K17053011BFF	0	1702012_BFF	10843	0.0964678	0.0255464	0.0789195
0	K17053011BFF	0	1702013_BFF	14717	0.0910512	0.0372358	0.0239592
0	K17053011BFF	0	1702014_BFF	11775	0.0963907	0.0280255	0.069612
0	K17053011BFF	0	1702016_BFF	13535	0.093683	0.0357591	0.0414909
0	K17053011BFF	0	1702017_BFF	12468	0.0974495	0.0320821	0.0607882
0	K17053011BFF	0	1702018_BFF	14742	0.0913038	0.0423959	-0.000935329
0	K17053011BFF	0	1702019_BFF	13972	0.0931864	0.0331377	0.0438621
0	K17053011BFF	0	1702020_BFF	14596	0.0846122	0.0417923	-0.0165431
0	K17053011BFF	0	1702022_BFF	14093	0.0911091	0.033137	0.0436926
0	K17053011BFF	0	1702024_BFF	11885	0.0910391	0.0280185	0.0573495
0	K17053011BFF	0	1702026_BFF	14442	0.0934774	0.0392605	0.0197015
0	K17053011BFF	0	1702027_BFF	13287	0.0920449	0.0322119	0.0521219
0	K17053011BFF	0	1702028_BFF	11219	0.1009	0.0270078	0.0795953
0	K17053011BFF	0	1702029_BFF	13577	0.110334	0.0257052	0.0720469
0	K17053011BFF	0	1702031_BFF	13958	0.0934231	0.0300903	0.0479107
0	K17053011BFF	0	DG02_BFF	14402	0.0940147	0.0380503	0.0281408
0	K17053011BFF	0	1703018_BFF	14699	0.0938159	0.0352405	0.0337513
0	K17053011BFF	0	1804002BFF	11455	0.0993453	0.0257529	0.0801552
0	K17053011BFF	0	1804003BFF	13940	0.0955524	0.0319225	0.0586562
0	K17053011BFF	0	1804004BFF	13585	0.0920869	0.0331984	0.0471685
0	K17053011BFF	0	1804005BFF	13824	0.0928096	0.0345052	0.0418753
0	K17053011BFF	0	1804006BFF	14070	0.0956645	0.0335466	0.0472192
0	K17053011BFF	0	1804007BFF	13841	0.0919731	0.0334513	0.0465513
0	K17053011BFF	0	1804008BFF	14066	0.0954785	0.0335561	0.0496734
0	K17053011BFF	0	1804009BFF	13933	0.0933037	0.0346659	0.0386275
0	K17053011BFF	0	1804010BFF	14196	0.0899549	0.0358552	0.0307951
0	K17053011BFF	0	1804011BFF	13522	0.0946606	0.0296554	0.0648148
0	K17053011BFF	0	1804013BFF	12531	0.0917724	0.0299258	0.0483767
0	K17053011BFF	0	1804014BFF	12949	0.0986177	0.0291142	0.0765336
0	K17053011BFF	0	1804015BFF	13419	0.0941203	0.0313734	0.0508798
0	K17053011BFF	0	1804016BFF	14090	0.0916253	0.0335699	0.0353223
0	K17053011BFF	0	1804017BFF	13902	0.0956697	0.0316501	0.0580773
0	K17053011BFF	0	1805001BFF	13100	0.0955725	0.0309924	0.0601184
0	K17053011BFF	0	1805002BFF	13919	0.0959121	0.0329765	0.0556081
0	K17053011BFF	0	1805003BFF	12128	0.0944096	0.0291887	0.0677687
0	K17053011BFF	0	1815076BFF_GHFF	12572	0.0948934	0.0285555	0.069136
0	K17053011BFF	0	1815092SFF	14004	0.066838	0.0536275	-0.160474
0	K17053011BFF	0	1815093BFF_SFF	13716	0.0910615	0.0314232	0.0463932
0	K17053011BFF	0	1815094SFF	10257	0.0731208	0.0384128	-0.0400795
0	K17053011BFF	0	1815095SFF	14499	0.0651079	0.053383	-0.158224
0	K17053011BFF	0	1815096SFF	13535	0.0695235	0.0506095	-0.127782
0	K17053011BFF	0	2411005_SFF	13950	0.0706093	0.052043	-0.130205
0	K17053011BFF	0	2411007_SFF	12034	0.0665614	0.0480306	-0.128284
0	K17053011BFF	0	2811016_SFF	9820	0.0855397	0.0268839	0.0589724
0	K17053011BFF	0	2811017_SFF	13497	0.0659406	0.0504557	-0.14418
0	K17053011BFF	0	37685_SFF	14740	0.0613976	0.0590909	-0.205215
0	K17053011BFF	0	37686_SFF	14575	0.0638765	0.0585935	-0.183905
0	K17053011BFF	0	37687_SFF	14714	0.0608944	0.0596711	-0.21162
0	K17053011BFF	0	37689_SFF	14747	0.0634705	0.0608259	-0.212839
0	K17053011BFF	0	37690_SFF	14243	0.0648038	0.0588359	-0.19144
0	K17053011BFF	0	37695_SFF	13011	0.0614864	0.0515717	-0.182579
0	K17053011BFF	0	37697_SFF	14530	0.0625602	0.0602202	-0.213715
0	K17053011BFF	0	37698_SFF	14339	0.0626264	0.0554432	-0.17997
0	K17053011BFF	0	37699_SFF	14329	0.063368	0.0590411	-0.19608
0	K17053011BFF	0	37700_SFF	14757	0.0616657	0.0613946	-0.214713
0	K17053011BFF	0	37701_SFF	14685	0.0629213	0.0595846	-0.209128
0	K17053011BFF	0	37702_SFF	14431	0.0632666	0.0575844	-0.192834
0	K17053011BFF	0	37703_SFF	14495	0.0620904	0.0587099	-0.218482
0	K17053011BFF	0	37704_SFF	14628	0.0640552	0.0561936	-0.169685
0	K17053011BFF	0	37705_SFF	14425	0.0615598	0.060104	-0.229692
0	K17053011BFF	0	37706_SFF	14671	0.0634585	0.059846	-0.211093
0	K17053011BFF	0	37707_SFF	12488	0.0672646	0.045884	-0.099033
0	K17053011BFF	0	37708_SFF	11158	0.0656032	0.0481269	-0.1331
0	K17053011BFF	0	37710_SFF	14182	0.0674799	0.0554224	-0.166283
0	K17053011BFF	0	37717_SFF	14499	0.0635216	0.0597283	-0.201425
0	K17053011BFF	0	37721_SFF	13451	0.0782098	0.0408148	-0.0117707
0	K17053011BFF	0	1412002_BFF	13974	0.0966795	0.0327752	0.0541953
0	K17053011BFF	0	DG05_BFF	9059	0.0954852	0.0249476	0.0858909
0	K17053011BFF	0	DG06_BFF	8359	0.0982175	0.0246441	0.0816116
0	K17053011BFF	0	K17053010BFF	11999	0.100258	0.0273356	0.0843548
0	K1705302BFF	0	1304001_SFF	13490	0.0690882	0.0548554	-0.14233
0	K1705302BFF	0	1304004_SFF	13852	0.066272	0.0537107	-0.152833
0	K1705302BFF	0	1304006_SFF	14114	0.0639082	0.0588069	-0.195843
0	K1705302BFF	0	1304010_SFF	8828	0.0731763	0.03942	-0.0452428
0	K1705302BFF	0	1304011_SFF	13924	0.0664321	0.0544384	-0.15377
0	K1705302BFF	0	1306009_SFF	14176	0.0680023	0.0597489	-0.177304
0	K1705302BFF	0	1306011_SFF	14247	0.0667509	0.0607145	-0.183993
0	K1705302BFF	0	1306014_SFF	13074	0.0877314	0.0367906	0.0246643
0	K1705302BFF	0	1306015_BFF	14141	0.088254	0.0406619	-0.0018372
0	K1705302BFF	0	1307003_SFF	14242	0.0659318	0.0553995	-0.164845
0	K1705302BFF	0	1307004_SFF	14055	0.0691569	0.0571327	-0.155865
0	K1705302BFF	0	1611011_BFF	14282	0.0918639	0.0406806	0.00638889
0	K1705302BFF	0	1409002_SFF	13593	0.0655484	0.0564997	-0.168319
0	K1705302BFF	0	1409007_SFF	13867	0.0697339	0.0568977	-0.155312
0	K1705302BFF	0	1409008_SFF	14107	0.0662083	0.0568512	-0.176115
0	K1705302BFF	0	1409009_SFF	13688	0.0634863	0.0547195	-0.168261
0	K1705302BFF	0	1409012_SFF	13354	0.0670211	0.0528681	-0.147064
0	K1705302BFF	0	1409013_SFF	13626	0.0685454	0.053574	-0.145074
0	K1705302BFF	0	1409026_SFF	10535	0.0709065	0.0406265	-0.0554071
0	K1705302BFF	0	1409027_SFF	12939	0.0674704	0.0506222	-0.133746
0	K1705302BFF	0	1409030_SFF	13654	0.0677457	0.0511206	-0.129156
0	K1705302BFF	0	1409031_SFF	13178	0.068068	0.0525118	-0.138427
0	K1705302BFF	0	1409032_SFF	13947	0.0632394	0.0548505	-0.162932
0	K1705302BFF	0	1410001_SFF	12800	0.0690625	0.0488281	-0.119975
0	K1705302BFF	0	1410002_SFF	13330	0.0677419	0.0496624	-0.124191
0	K1705302BFF	0	1412001_BFF	14283	0.0883568	0.0413779	-0.000137325
0	K1705302BFF	0	1412006_BFF	14098	0.0871755	0.0419208	-0.00430915
0	K1705302BFF	0	1412010_BFF	12895	0.0950756	0.0347421	0.0482688
0	K1705302BFF	0	1412014_BFF	12984	0.094809	0.0327326	0.0527196
0	K1705302BFF	0	1412024_BFF	13551	0.0897351	0.0368239	0.0222513
0	K1705302BFF	0	1510003_SFF	11567	0.0695945	0.0472033	-0.100193
0	K1705302BFF	0	1510004_SFF	14250	0.0698947	0.0548772	-0.128103
0	K1705302BFF	0	1610001_BFF	14115	0.0937301	0.0354942	0.033523
0	K1705302BFF	0	1610002_BFF	14139	0.0920857	0.0353632	0.0278401
0	K1705302BFF	0	1610012_BFF	14276	0.0927431	0.0370552	0.0257605
0	K1705302BFF	0	1610013_BFF	13755	0.0922574	0.0324246	0.0419897
0	K1705302BFF	0	1610015_BFF	14232	0.0938027	0.038575	0.0209718
0	K1705302BFF	0	1610016_BFF	14365	0.0927254	0.0375914	0.0175781
0	K1705302BFF	0	1610017_BFF	14379	0.0913137	0.0390848	0.00984743
0	K1705302BFF	0	1409001_SFF	14014	0.0660054	0.0565149	-0.15843
0	K1705302BFF	0	1611012_BFF	13003	0.0914404	0.0335307	0.0391192
0	K1705302BFF	0	1611013_BFF	10287	0.0942938	0.0321765	0.0536055
0	K1705302BFF	0	1611032_BFF	13916	0.0931302	0.039451	0.025855
0	K1705302BFF	0	1702005_BFF	13483	0.107543	0.0263295	0.062202
0	K1705302BFF	0	1702006_BFF	13536	0.091977	0.0350916	0.0402226
0	K1705302BFF	0	1702007_BFF	13690	0.0905771	0.0361578	0.0301358
0	K1705302BFF	0	1702008_BFF	11459	0.0968671	0.0325508	0.0580521
0	K1705302BFF	0	1702009_BFF	14306	0.0899623	0.0389347	0.013624
0	K1705302BFF	0	1702012_BFF	10579	0.0944324	0.0264675	0.0706163
0	K1705302BFF	0	1702013_BFF	14357	0.086369	0.039284	0.00476061
0	K1705302BFF	0	1702014_BFF	11566	0.0944147	0.0290507	0.0636001
0	K1705302BFF	0	1702016_BFF	13238	0.093141	0.0361082	0.0368284
0	K1705302BFF	0	1702017_BFF	12240	0.094281	0.0353758	0.0389922
0	K1705302BFF	0	1702018_BFF	14373	0.091491	0.0429277	-0.00164745
0	K1705302BFF	0	1702019_BFF	13660	0.0877745	0.0385798	0.0104467
0	K1705302BFF	0	1702020_BFF	14233	0.0899318	0.0427176	-0.00958262
0	K1705302BFF	0	1702022_BFF	13784	0.0927162	0.0340975	0.0430725
0	K1705302BFF	0	1702024_BFF	11584	0.0851174	0.0329765	0.0249477
0	K1705302BFF	0	1702026_BFF	14091	0.0913349	0.0370449	0.0291633
0	K1705302BFF	0	1702027_BFF	13027	0.0948799	0.0318569	0.0553628
0	K1705302BFF	0	1702028_BFF	10979	0.0971855	0.0280536	0.0637341
0	K1705302BFF	0	1702029_BFF	13259	0.106795	0.0282827	0.0556431
0	K1705302BFF	0	1702031_BFF	13590	0.093819	0.0346578	0.0357978
0	K1705302BFF	0	DG02_BFF	14046	0.0936922	0.0371636	0.034364
0	K1705302BFF	0	1703018_BFF	14341	0.093787	0.0384213	0.024885
0	K1705302BFF	0	1804002BFF	11173	0.0978251	0.0268504	0.0750859
0	K1705302BFF	0	1804003BFF	13614	0.0931394	0.0356251	0.0398156
0	K1705302BFF	0	1804004BFF	13297	0.0924269	0.0328646	0.0489625
0	K1705302BFF	0	1804005BFF	13539	0.0928429	0.0381121	0.0276357
0	K1705302BFF	0	1804006BFF	13736	0.0888177	0.0343623	0.0297228
0	K1705302BFF	0	1804007BFF	13529	0.0954986	0.0350358	0.0463066
0	K1705302BFF	0	1804008BFF	13761	0.0905457	0.0342998	0.0380101
0	K1705302BFF	0	1804009BFF	13622	0.091176	0.0356042	0.0327406
0	K1705302BFF	0	1804010BFF	13869	0.0870286	0.0346096	0.0302213
0	K1705302BFF	0	1804011BFF	13173	0.0917027	0.0316557	0.049896
0	K1705302BFF	0	1804013BFF	12203	0.0916988	0.0321232	0.0434176
0	K1705302BFF	0	1804014BFF	12604	0.0975881	0.0314979	0.0653753
0	K1705302BFF	0	1804015BFF	13101	0.0922067	0.0332036	0.044012
0	K1705302BFF	0	1804016BFF	13734	0.0923984	0.0345857	0.0368935
0	K1705302BFF	0	1804017BFF	13617	0.095983	0.0337813	0.0506605
0	K1705302BFF	0	1805001BFF	12818	0.0951787	0.0315182	0.0536938
0	K1705302BFF	0	1805002BFF	13611	0.0921314	0.0348248	0.0415167
0	K1705302BFF	0	1805003BFF	11871	0.0928313	0.0298206	0.0605381
0	K1705302BFF	0	1815076BFF_GHFF	12269	0.0895754	0.0296683	0.0562872
0	K1705302BFF	0	1815092SFF	13688	0.0662624	0.0569842	-0.177069
0	K1705302BFF	0	1815093BFF_SFF	13328	0.0928121	0.0346639	0.0392899
0	K1705302BFF	0	1815094SFF	10074	0.0754417	0.0443716	-0.0575212
0	K1705302BFF	0	1815095SFF	14159	0.0694964	0.0525461	-0.137217
0	K1705302BFF	0	1815096SFF	13237	0.068369	0.0513712	-0.127058
0	K1705302BFF	0	2411005_SFF	13592	0.0692319	0.0523102	-0.134938
0	K1705302BFF	0	2411007_SFF	11742	0.0674502	0.0493102	-0.120609
0	K1705302BFF	0	2811016_SFF	9593	0.0832899	0.0285625	0.047696
0	K1705302BFF	0	2811017_SFF	13198	0.065616	0.0502349	-0.142136
0	K1705302BFF	0	37685_SFF	14372	0.0633176	0.0619955	-0.209818
0	K1705302BFF	0	37686_SFF	14206	0.0689849	0.0589892	-0.172914
0	K1705302BFF	0	37687_SFF	14351	0.0655703	0.0601352	-0.199385
0	K1705302BFF	0	37689_SFF	14382	0.0606313	0.0604228	-0.215685
0	K1705302BFF	0	37690_SFF	13890	0.062491	0.0585313	-0.195678
0	K1705302BFF	0	37695_SFF	12670	0.0649566	0.0569061	-0.192352
0	K1705302BFF	0	37697_SFF	14180	0.0616361	0.0588152	-0.203945
0	K1705302BFF	0	37698_SFF	13972	0.064343	0.0581162	-0.18873
0	K1705302BFF	0	37699_SFF	13956	0.0640585	0.0596159	-0.188336
0	K1705302BFF	0	37700_SFF	14398	0.0629254	0.0631338	-0.217976
0	K1705302BFF	0	37701_SFF	14326	0.0635209	0.0603797	-0.207466
0	K1705302BFF	0	37702_SFF	14076	0.0631571	0.0573316	-0.186851
0	K1705302BFF	0	37703_SFF	14125	0.0624425	0.0599646	-0.216834
0	K1705302BFF	0	37704_SFF	14275	0.0665499	0.0577933	-0.173665
0	K1705302BFF	0	37705_SFF	14076	0.0606706	0.0615232	-0.239088
0	K1705302BFF	0	37706_SFF	14309	0.0624782	0.0612202	-0.219888
0	K1705302BFF	0	37707_SFF	12184	0.0689429	0.0494911	-0.115185
0	K1705302BFF	0	37708_SFF	10909	0.0654505	0.0489504	-0.131719
0	K1705302BFF	0	37710_SFF	13826	0.0655287	0.0567771	-0.175904
0	K1705302BFF	0	37717_SFF	14147	0.0650315	0.060861	-0.199733
0	K1705302BFF	0	37721_SFF	13180	0.0776176	0.0412747	-0.0115653
0	K1705302BFF	0	1412002_BFF	13646	0.090576	0.0342958	0.0393266
0	K1705302BFF	0	DG05_BFF	8823	0.0919188	0.0274283	0.0674867
0	K1705302BFF	0	DG06_BFF	8201	0.0997439	0.0284112	0.0686787
0	K1705302BFF	0	K17053010BFF	11724	0.0929717	0.0298533	0.0620432
0	K1705302BFF	0	K17053011BFF	12416	0.0973744	0.0266591	0.0818168
0	K1705303BFF	0	1304001_SFF	12664	0.0683039	0.0509318	-0.12991
0	K1705303BFF	0	1304004_SFF	12982	0.0655523	0.0514559	-0.142488
0	K1705303BFF	0	1304006_SFF	13269	0.0630794	0.0536589	-0.166341
0	K1705303BFF	0	1304010_SFF	8328	0.0770893	0.035903	-0.0169426
0	K1705303BFF	0	1304011_SFF	13075	0.0699809	0.0528489	-0.137703
0	K1705303BFF	0	1306009_SFF	13316	0.0663863	0.0552719	-0.154627
0	K1705303BFF	0	1306011_SFF	13379	0.0678676	0.0562075	-0.157248
0	K1705303BFF	0	1306014_SFF	12323	0.0916173	0.0338392	0.0445719
0	K1705303BFF	0	1306015_BFF	13282	0.0850775	0.0370426	0.0071644
0	K1705303BFF	0	1307003_SFF	13362	0.0678791	0.0528364	-0.142229
0	K1705303BFF	0	1307004_SFF	13181	0.0652454	0.0521205	-0.144778
0	K1705303BFF	0	1611011_BFF	13410	0.0867263	0.0406413	-0.00244372
0	K1705303BFF	0	1409002_SFF	12742	0.0630199	0.052582	-0.160589
0	K1705303BFF	0	1409007_SFF	13033	0.0640681	0.0519451	-0.145474
0	K1705303BFF	0	1409008_SFF	13238	0.0697235	0.0549177	-0.15744
0	K1705303BFF	0	1409009_SFF	12841	0.0649482	0.050074	-0.140665
0	K1705303BFF	0	1409012_SFF	12503	0.0655043	0.0496681	-0.147779
0	K1705303BFF	0	1409013_SFF	12788	0.0672505	0.0508289	-0.135069
0	K1705303BFF	0	1409026_SFF	9919	0.0704708	0.0387136	-0.0490933
0	K1705303BFF	0	1409027_SFF	12186	0.0676186	0.0497292	-0.122008
0	K1705303BFF	0	1409030_SFF	12837	0.066059	0.0521929	-0.138611
0	K1705303BFF	0	1409031_SFF	12353	0.067514	0.0509188	-0.127159
0	K1705303BFF	0	1409032_SFF	13097	0.0631442	0.0535237	-0.153375
0	K1705303BFF	0	1410001_SFF	12061	0.0691485	0.0475085	-0.112667
0	K1705303BFF	0	1410002_SFF	12546	0.0699825	0.0475849	-0.106371
0	K1705303BFF	0	1412001_BFF	13406	0.0900343	0.0391616	0.0152721
0	K1705303BFF	0	1412006_BFF	13244	0.0885684	0.0399426	0.00493126
0	K1705303BFF	0	1412010_BFF	12141	0.0925789	0.0314636	0.0549589
0	K1705303BFF	0	1412014_BFF	12191	0.0959724	0.0319908	0.0599751
0	K1705303BFF	0	1412024_BFF	12737	0.0913088	0.0336814	0.0379815
0	K1705303BFF	0	1510003_SFF	10906	0.0674858	0.0416285	-0.0829849
0	K1705303BFF	0	1510004_SFF	13370	0.0696335	0.0512341	-0.114084
0	K1705303BFF	0	1610001_BFF	13245	0.0917327	0.0350321	0.030087
0	K1705303BFF	0	1610002_BFF	13275	0.0919774	0.0356309	0.0240385
0	K1705303BFF	0	1610012_BFF	13401	0.0970077	0.0341766	0.04745
0	K1705303BFF	0	1610013_BFF	12904	0.0929169	0.0316181	0.0466625
0	K1705303BFF	0	1610015_BFF	13356	0.0963612	0.0354148	0.0386431
0	K1705303BFF	0	1610016_BFF	13475	0.089128	0.0357699	0.0155966
0	K1705303BFF	0	1610017_BFF	13489	0.0910371	0.0381793	0.013856
0	K1705303BFF	0	1409001_SFF	13147	0.0671636	0.0527116	-0.13839
0	K1705303BFF	0	1611012_BFF	12239	0.087834	0.0316202	0.0369013
0	K1705303BFF	0	1611013_BFF	9699	0.0879472	0.0297969	0.0545043
0	K1705303BFF	0	1611032_BFF	13074	0.0897965	0.0361787	0.03125
0	K1705303BFF	0	1702005_BFF	12657	0.104606	0.0233073	0.0738416
0	K1705303BFF	0	1702006_BFF	12744	0.0947112	0.0316227	0.057218
0	K1705303BFF	0	1702007_BFF	12845	0.0892176	0.0347217	0.031688
0	K1705303BFF	0	1702008_BFF	10799	0.0958422	0.0275951	0.0715942
0	K1705303BFF	0	1702009_BFF	13417	0.0897369	0.0374898	0.0218237
0	K1705303BFF	0	1702012_BFF	10004	0.0968613	0.0258896	0.0797729
0	K1705303BFF	0	1702013_BFF	13470	0.0913883	0.0366741	0.0278976
0	K1705303BFF	0	1702014_BFF	10855	0.096269	0.0284661	0.0684736
0	K1705303BFF	0	1702016_BFF	12455	0.0932959	0.0353272	0.0415014
0	K1705303BFF	0	1702017_BFF	11523	0.0951141	0.0314154	0.0566289
0	K1705303BFF	0	1702018_BFF	13491	0.0899859	0.0406197	0.00725268
0	K1705303BFF	0	1702019_BFF	12827	0.0891089	0.0349263	0.0308303
0	K1705303BFF	0	1702020_BFF	13360	0.0860778	0.0398204	-0.00539022
0	K1705303BFF	0	1702022_BFF	12955	0.0922424	0.0323427	0.0514835
0	K1705303BFF	0	1702024_BFF	10964	0.0842758	0.0312842	0.0287709
0	K1705303BFF	0	1702026_BFF	13218	0.0898774	0.0372976	0.0229277
0	K1705303BFF	0	1702027_BFF	12212	0.0913036	0.0308713	0.0531533
0	K1705303BFF	0	1702028_BFF	10375	0.0966747	0.0264096	0.0734584
0	K1705303BFF	0	1702029_BFF	12430	0.103781	0.025181	0.0605312
0	K1705303BFF	0	1702031_BFF	12765	0.0929103	0.0347043	0.0328433
0	K1705303BFF	0	DG02_BFF	13215	0.0924707	0.0378358	0.0262657
0	K1705303BFF	0	1703018_BFF	13458	0.0907267	0.0361123	0.0232353
0	K1705303BFF	0	1804002BFF	10537	0.0968017	0.0244851	0.0820227
0	K1705303BFF	0	1804003BFF	12793	0.0938013	0.0352537	0.0424134
0	K1705303BFF	0	1804004BFF	12479	0.0895905	0.0320539	0.0444909
0	K1705303BFF	0	1804005BFF	12751	0.093326	0.036154	0.0371876
0	K1705303BFF	0	1804006BFF	12939	0.0883376	0.0328464	0.0369163
0	K1705303BFF	0	1804007BFF	12703	0.0957254	0.0336928	0.0527216
0	K1705303BFF	0	1804008BFF	12909	0.0924161	0.0332326	0.0445441
0	K1705303BFF	0	1804009BFF	12796	0.0914348	0.0317287	0.0507508
0	K1705303BFF	0	1804010BFF	13002	0.0915244	0.0336871	0.0429055
0	K1705303BFF	0	1804011BFF	12393	0.0916646	0.0286452	0.0590289
0	K1705303BFF	0	1804013BFF	11533	0.0935576	0.0305211	0.0541308
0	K1705303BFF	0	1804014BFF	11923	0.0956974	0.0280131	0.0746184
0	K1705303BFF	0	1804015BFF	12304	0.0954161	0.0315345	0.0552732
0	K1705303BFF	0	1804016BFF	12907	0.0935151	0.0333927	0.0412718
0	K1705303BFF	0	1804017BFF	12762	0.0978687	0.0295408	0.0734898
0	K1705303BFF	0	1805001BFF	12079	0.0972763	0.0301349	0.0637642
0	K1705303BFF	0	1805002BFF	12788	0.0947764	0.0317485	0.0585012
0	K1705303BFF	0	1805003BFF	11167	0.0955494	0.0291036	0.0680083
0	K1705303BFF	0	1815076BFF_GHFF	11607	0.0961489	0.0308435	0.0650662
0	K1705303BFF	0	1815092SFF	12862	0.0651532	0.0510807	-0.150221
0	K1705303BFF	0	1815093BFF_SFF	12581	0.0906923	0.0346554	0.034222
0	K1705303BFF	0	1815094SFF	9541	0.0707473	0.0379415	-0.0377972
0	K1705303BFF	0	1815095SFF	13299	0.0669223	0.0509061	-0.136167
0	K1705303BFF	0	1815096SFF	12473	0.069911	0.049066	-0.11845
0	K1705303BFF	0	2411005_SFF	12797	0.0672814	0.0494647	-0.119064
0	K1705303BFF	0	2411007_SFF	11063	0.0675224	0.0450149	-0.105198
0	K1705303BFF	0	2811016_SFF	9102	0.0813008	0.0272468	0.0452196
0	K1705303BFF	0	2811017_SFF	12401	0.065156	0.0484638	-0.135271
0	K1705303BFF	0	37685_SFF	13493	0.0622545	0.0569184	-0.191605
0	K1705303BFF	0	37686_SFF	13331	0.0651114	0.057085	-0.17157
0	K1705303BFF	0	37687_SFF	13469	0.0584305	0.0566486	-0.206243
0	K1705303BFF	0	37689_SFF	13497	0.0632733	0.0560124	-0.18129
0	K1705303BFF	0	37690_SFF	13057	0.0638738	0.0572107	-0.185678
0	K1705303BFF	0	37695_SFF	11957	0.0651501	0.053107	-0.171946
0	K1705303BFF	0	37697_SFF	13288	0.064419	0.057345	-0.183559
0	K1705303BFF	0	37698_SFF	13123	0.0633239	0.0551703	-0.173839
0	K1705303BFF	0	37699_SFF	13112	0.0648261	0.0561318	-0.172987
0	K1705303BFF	0	37700_SFF	13502	0.0612502	0.0611761	-0.211119
0	K1705303BFF	0	37701_SFF	13446	0.0635133	0.05444	-0.176114
0	K1705303BFF	0	37702_SFF	13195	0.0625995	0.054263	-0.166049
0	K1705303BFF	0	37703_SFF	13266	0.0622644	0.0567616	-0.199318
0	K1705303BFF	0	37704_SFF	13397	0.0658356	0.0540419	-0.150683
0	K1705303BFF	0	37705_SFF	13216	0.0609867	0.0577331	-0.218738
0	K1705303BFF	0	37706_SFF	13426	0.0608521	0.0580962	-0.207189
0	K1705303BFF	0	37707_SFF	11513	0.0670546	0.0451663	-0.104109
0	K1705303BFF	0	37708_SFF	10271	0.0645507	0.0461494	-0.122864
0	K1705303BFF	0	37710_SFF	12981	0.0660966	0.051922	-0.141516
0	K1705303BFF	0	37717_SFF	13285	0.0610463	0.0572074	-0.195397
0	K1705303BFF	0	37721_SFF	12341	0.0794101	0.0392189	-0.00149512
0	K1705303BFF	0	1412002_BFF	12792	0.0915416	0.0342402	0.0384791
0	K1705303BFF	0	DG05_BFF	8409	0.0929956	0.0264003	0.0700141
0	K1705303BFF	0	DG06_BFF	7740	0.0996124	0.0250646	0.0863816
0	K1705303BFF	0	K17053010BFF	11067	0.0970453	0.0296377	0.0689533
0	K1705303BFF	0	K17053011BFF	11722	0.0992152	0.0265313	0.0874183
0	K1705303BFF	0	K1705302BFF	11526	0.0976922	0.0270692	0.0830836
0	K1705304BFF	0	1304001_SFF	10362	0.0762401	0.0440069	-0.0989048
0	K1705304BFF	0	1304004_SFF	10616	0.0731914	0.0438018	-0.108099
0	K1705304BFF	0	1304006_SFF	10831	0.0685071	0.0471794	-0.149219
0	K1705304BFF	0	1304010_SFF	6883	0.0801976	0.028476	0.00600126
0	K1705304BFF	0	1304011_SFF	10677	0.0735225	0.0432706	-0.107882
0	K1705304BFF	0	1306009_SFF	10889	0.0726421	0.0468363	-0.115199
0	K1705304BFF	0	1306011_SFF	10927	0.0722065	0.0459412	-0.113579
0	K1705304BFF	0	1306014_SFF	10051	0.093722	0.02746	0.0616673
0	K1705304BFF	0	1306015_BFF	10856	0.0940494	0.0300295	0.0396928
0	K1705304BFF	0	1307003_SFF	10923	0.0703104	0.0470567	-0.142038
0	K1705304BFF	0	1307004_SFF	10791	0.0714484	0.0447595	-0.108833
0	K1705304BFF	0	1611011_BFF	10985	0.0946746	0.0321347	0.0355987
0	K1705304BFF	0	1409002_SFF	10430	0.073442	0.0466922	-0.125962
0	K1705304BFF	0	1409007_SFF	10658	0.0738412	0.0451304	-0.10406
0	K1705304BFF	0	1409008_SFF	10811	0.0684488	0.0454167	-0.137222
0	K1705304BFF	0	1409009_SFF	10526	0.0689721	0.0436063	-0.126365
0	K1705304BFF	0	1409012_SFF	10313	0.0663241	0.0434403	-0.132864
0	K1705304BFF	0	1409013_SFF	10430	0.0728667	0.0442953	-0.108033
0	K1705304BFF	0	1409026_SFF	8255	0.0768019	0.032344	-0.0176609
0	K1705304BFF	0	1409027_SFF	9970	0.0724173	0.0406219	-0.0883372
0	K1705304BFF	0	1409030_SFF	10501	0.0698029	0.0422817	-0.107428
0	K1705304BFF	0	1409031_SFF	10211	0.0759965	0.0426011	-0.0869176
0	K1705304BFF	0	1409032_SFF	10693	0.0720097	0.0454503	-0.117449
0	K1705304BFF	0	1410001_SFF	9893	0.0726777	0.040938	-0.0967973
0	K1705304BFF	0	1410002_SFF	10258	0.0736011	0.0407487	-0.0857975
0	K1705304BFF	0	1412001_BFF	10967	0.096836	0.035926	0.0248828
0	K1705304BFF	0	1412006_BFF	10821	0.0979577	0.0324369	0.0372969
0	K1705304BFF	0	1412010_BFF	9949	0.0995075	0.0255302	0.0789322
0	K1705304BFF	0	1412014_BFF	10032	0.100778	0.0280104	0.0736961
0	K1705304BFF	0	1412024_BFF	10428	0.0996356	0.0290564	0.0590892
0	K1705304BFF	0	1510003_SFF	8962	0.0742022	0.0381611	-0.0648525
0	K1705304BFF	0	1510004_SFF	10909	0.0737923	0.0455587	-0.092195
0	K1705304BFF	0	1610001_BFF	10825	0.0981986	0.0300231	0.0568547
0	K1705304BFF	0	1610002_BFF	10824	0.0959904	0.0288248	0.05
0	K1705304BFF	0	1610012_BFF	10949	0.100922	0.0304137	0.0567332
0	K1705304BFF	0	1610013_BFF	10577	0.100501	0.0270398	0.068708
0	K1705304BFF	0	1610015_BFF	10904	0.10033	0.0303558	0.0531818
0	K1705304BFF	0	1610016_BFF	11015	0.0990468	0.0328643	0.0369214
0	K1705304BFF	0	1610017_BFF	11038	0.0973908	0.0327958	0.0349891
0	K1705304BFF	0	1409001_SFF	10727	0.0715018	0.0453995	-0.117482
0	K1705304BFF	0	1611012_BFF	10016	0.0924521	0.0269569	0.0491754
0	K1705304BFF	0	1611013_BFF	8225	0.0989666	0.0256535	0.0776195
0	K1705304BFF	0	1611032_BFF	10683	0.0959468	0.0294861	0.0560681
0	K1705304BFF	0	1702005_BFF	10363	0.116858	0.0192029	0.11838
0	K1705304BFF	0	1702006_BFF	10369	0.100781	0.0271	0.0718832
0	K1705304BFF	0	1702007_BFF	10496	0.0953697	0.0273438	0.0603833
0	K1705304BFF	0	1702008_BFF	8851	0.0997627	0.024517	0.0905503
0	K1705304BFF	0	1702009_BFF	10961	0.0966153	0.0305629	0.050947
0	K1705304BFF	0	1702012_BFF	8187	0.102357	0.0216196	0.104042
0	K1705304BFF	0	1702013_BFF	11001	0.0979002	0.032088	0.0458538
0	K1705304BFF	0	1702014_BFF	8935	0.0979295	0.0243984	0.0867521
0	K1705304BFF	0	1702016_BFF	10144	0.0959188	0.03125	0.0509837
0	K1705304BFF	0	1702017_BFF	9331	0.102561	0.0251849	0.0869743
0	K1705304BFF	0	1702018_BFF	11021	0.0918247	0.0333001	0.021941
0	K1705304BFF	0	1702019_BFF	10497	0.0957416	0.0284843	0.0568055
0	K1705304BFF	0	1702020_BFF	10911	0.0930254	0.0351022	0.0136551
0	K1705304BFF	0	1702022_BFF	10593	0.100916	0.0271878	0.0758689
0	K1705304BFF	0	1702024_BFF	8928	0.0921819	0.0256496	0.0469259
0	K1705304BFF	0	1702026_BFF	10816	0.094767	0.0300481	0.0442737
0	K1705304BFF	0	1702027_BFF	10039	0.0985158	0.0255005	0.0782261
0	K1705304BFF	0	1702028_BFF	8621	0.102772	0.0222712	0.106773
0	K1705304BFF	0	1702029_BFF	10185	0.113304	0.0196367	0.10905
0	K1705304BFF	0	1702031_BFF	10442	0.097874	0.0282513	0.054041
0	K1705304BFF	0	DG02_BFF	10761	0.0988756	0.0296441	0.0586442
0	K1705304BFF	0	1703018_BFF	10984	0.100965	0.0310452	0.0524092
0	K1705304BFF	0	1804002BFF	8767	0.103798	0.0200753	0.115778
0	K1705304BFF	0	1804003BFF	10467	0.101844	0.0244578	0.086372
0	K1705304BFF	0	1804004BFF	10245	0.095754	0.0285993	0.0547866
0	K1705304BFF	0	1804005BFF	10416	0.0971582	0.030914	0.0524254
0	K1705304BFF	0	1804006BFF	10578	0.0961429	0.0287389	0.0553081
0	K1705304BFF	0	1804007BFF	10425	0.0980336	0.0263789	0.0693983
0	K1705304BFF	0	1804008BFF	10554	0.0952246	0.026625	0.0630564
0	K1705304BFF	0	1804009BFF	10485	0.0974726	0.0302337	0.0487991
0	K1705304BFF	0	1804010BFF	10641	0.0954797	0.0305422	0.0508658
0	K1705304BFF	0	1804011BFF	10199	0.101579	0.0238259	0.0898467
0	K1705304BFF	0	1804013BFF	9537	0.0964664	0.0241166	0.0711579
0	K1705304BFF	0	1804014BFF	9781	0.097945	0.0218792	0.09268
0	K1705304BFF	0	1804015BFF	10033	0.0976777	0.0288049	0.0551236
0	K1705304BFF	0	1804016BFF	10548	0.100019	0.027683	0.065474
0	K1705304BFF	0	1804017BFF	10465	0.102054	0.0266603	0.0814312
0	K1705304BFF	0	1805001BFF	9944	0.101267	0.0253419	0.0888282
0	K1705304BFF	0	1805002BFF	10450	0.096555	0.0253589	0.0779792
0	K1705304BFF	0	1805003BFF	9228	0.103814	0.0224317	0.104802
0	K1705304BFF	0	1815076BFF_GHFF	9559	0.0999058	0.0246888	0.0860279
0	K1705304BFF	0	1815092SFF	10535	0.0701471	0.0417655	-0.106585
0	K1705304BFF	0	1815093BFF_SFF	10296	0.0980963	0.0263209	0.0668906
0	K1705304BFF	0	1815094SFF	7866	0.0784389	0.0317824	-0.0169278
0	K1705304BFF	0	1815095SFF	10866	0.0725198	0.0453709	-0.11802
0	K1705304BFF	0	1815096SFF	10196	0.074441	0.040408	-0.0854157
0	K1705304BFF	0	2411005_SFF	10473	0.0752411	0.0446863	-0.100502
0	K1705304BFF	0	2411007_SFF	9086	0.0691173	0.0398415	-0.102702
0	K1705304BFF	0	2811016_SFF	7544	0.0898727	0.0221368	0.0731009
0	K1705304BFF	0	2811017_SFF	10121	0.0713368	0.0421895	-0.108225
0	K1705304BFF	0	37685_SFF	11022	0.0658683	0.0505353	-0.170758
0	K1705304BFF	0	37686_SFF	10908	0.0726073	0.0476714	-0.126328
0	K1705304BFF	0	37687_SFF	11004	0.0706107	0.0524355	-0.169486
0	K1705304BFF	0	37689_SFF	11017	0.0697104	0.0525551	-0.173712
0	K1705304BFF	0	37690_SFF	10619	0.068368	0.0484038	-0.145165
0	K1705304BFF	0	37695_SFF	9762	0.0704774	0.0434337	-0.128883
0	K1705304BFF	0	37697_SFF	10837	0.0657931	0.046046	-0.146193
0	K1705304BFF	0	37698_SFF	10703	0.0690461	0.0451275	-0.132484
0	K1705304BFF	0	37699_SFF	10698	0.0695457	0.0468312	-0.140184
0	K1705304BFF	0	37700_SFF	11039	0.0668539	0.0544433	-0.186872
0	K1705304BFF	0	37701_SFF	10980	0.0697632	0.0485428	-0.153582
0	K1705304BFF	0	37702_SFF	10786	0.0674949	0.0489523	-0.157589
0	K1705304BFF	0	37703_SFF	10842	0.0660395	0.048515	-0.172283
0	K1705304BFF	0	37704_SFF	10933	0.0700631	0.0465563	-0.13129
0	K1705304BFF	0	37705_SFF	10793	0.0675438	0.0508663	-0.19199
0	K1705304BFF	0	37706_SFF	10973	0.068623	0.0513989	-0.182491
0	K1705304BFF	0	37707_SFF	9385	0.0728823	0.0389984	-0.0792984
0	K1705304BFF	0	37708_SFF	8365	0.0716079	0.0398087	-0.0943718
0	K1705304BFF	0	37710_SFF	10608	0.0670249	0.0475113	-0.151176
0	K1705304BFF	0	37717_SFF	10818	0.0679423	0.0472361	-0.146941
0	K1705304BFF	0	37721_SFF	10073	0.087263	0.0329594	0.0255693
0	K1705304BFF	0	1412002_BFF	10497	0.0986949	0.0287701	0.0636165
0	K1705304BFF	0	DG05_BFF	7173	0.103025	0.0206329	0.106719
0	K1705304BFF	0	DG06_BFF	6665	0.107127	0.0210053	0.119978
0	K1705304BFF	0	K17053010BFF	9147	0.102438	0.0224117	0.0972693
0	K1705304BFF	0	K17053011BFF	9637	0.102418	0.0234513	0.0947389
0	K1705304BFF	0	K1705302BFF	9417	0.103642	0.0258044	0.082847
0	K1705304BFF	0	K1705303BFF	8956	0.102836	0.0228897	0.0988024
0	K1705305BFF	0	1304001_SFF	14091	0.0657867	0.0559222	-0.158304
0	K1705305BFF	0	1304004_SFF	14490	0.0647343	0.0557626	-0.167066
0	K1705305BFF	0	1304006_SFF	14764	0.0643457	0.0602818	-0.201436
0	K1705305BFF	0	1304010_SFF	9142	0.073835	0.0389412	-0.0345708
0	K1705305BFF	0	1304011_SFF	14557	0.0684894	0.0562616	-0.156951
0	K1705305BFF	0	1306009_SFF	14847	0.065131	0.0612918	-0.187597
0	K1705305BFF	0	1306011_SFF	14911	0.0660586	0.0578767	-0.170549
0	K1705305BFF	0	1306014_SFF	13664	0.088993	0.0388612	0.0173871
0	K1705305BFF	0	1306015_BFF	14783	0.0885477	0.0420754	-0.00668919
0	K1705305BFF	0	1307003_SFF	14900	0.065302	0.0581879	-0.181376
0	K1705305BFF	0	1307004_SFF	14699	0.0673515	0.0573508	-0.161063
0	K1705305BFF	0	1611011_BFF	14963	0.0881508	0.0402326	0.0013231
0	K1705305BFF	0	1409002_SFF	14216	0.0638014	0.0561339	-0.174572
0	K1705305BFF	0	1409007_SFF	14527	0.0661527	0.0561024	-0.15558
0	K1705305BFF	0	1409008_SFF	14758	0.065456	0.0575959	-0.184266
0	K1705305BFF	0	1409009_SFF	14325	0.0650611	0.0553578	-0.164512
0	K1705305BFF	0	1409012_SFF	13981	0.0647307	0.054431	-0.16117
0	K1705305BFF	0	1409013_SFF	14248	0.0680095	0.0549551	-0.154195
0	K1705305BFF	0	1409026_SFF	11024	0.0740203	0.0433599	-0.0546055
0	K1705305BFF	0	1409027_SFF	13525	0.0671349	0.0547874	-0.14671
0	K1705305BFF	0	1409030_SFF	14294	0.0669512	0.0526095	-0.14155
0	K1705305BFF	0	1409031_SFF	13794	0.0656807	0.0543715	-0.150527
0	K1705305BFF	0	1409032_SFF	14602	0.0653335	0.0555403	-0.158031
0	K1705305BFF	0	1410001_SFF	13382	0.0677776	0.0528322	-0.142118
0	K1705305BFF	0	1410002_SFF	13911	0.0694414	0.0515419	-0.124759
0	K1705305BFF	0	1412001_BFF	14942	0.089747	0.0405568	0.00653424
0	K1705305BFF	0	1412006_BFF	14750	0.0910508	0.0418983	0.00559947
0	K1705305BFF	0	1412010_BFF	13440	0.093006	0.0334821	0.0429365
0	K1705305BFF	0	1412014_BFF	13582	0.0966721	0.0340892	0.0529071
0	K1705305BFF	0	1412024_BFF	14171	0.0895491	0.0362713	0.0234592
0	K1705305BFF	0	1510003_SFF	12087	0.0691652	0.0484818	-0.103905
0	K1705305BFF	0	1510004_SFF	14888	0.0710639	0.05669	-0.130602
0	K1705305BFF	0	1610001_BFF	14770	0.0952607	0.037847	0.0300421
0	K1705305BFF	0	1610002_BFF	14811	0.0908109	0.036932	0.0184509
0	K1705305BFF	0	1610012_BFF	14949	0.0957924	0.0381296	0.0277778
0	K1705305BFF	0	1610013_BFF	14396	0.0953737	0.0347319	0.0405609
0	K1705305BFF	0	1610015_BFF	14887	0.0963257	0.0371465	0.032663
0	K1705305BFF	0	1610016_BFF	15035	0.0933821	0.0392418	0.013756
0	K1705305BFF	0	1610017_BFF	15057	0.0919838	0.0397157	0.0113636
0	K1705305BFF	0	1409001_SFF	14649	0.0684688	0.0597993	-0.172729
0	K1705305BFF	0	1611012_BFF	13575	0.0892081	0.0358011	0.024971
0	K1705305BFF	0	1611013_BFF	10742	0.0883448	0.0325824	0.0409108
0	K1705305BFF	0	1611032_BFF	14554	0.0918648	0.0388897	0.0238932
0	K1705305BFF	0	1702005_BFF	14095	0.110536	0.0275984	0.0626331
0	K1705305BFF	0	1702006_BFF	14148	0.0934408	0.0349873	0.0425603
0	K1705305BFF	0	1702007_BFF	14307	0.0921227	0.0362061	0.0310546
0	K1705305BFF	0	1702008_BFF	11967	0.0920866	0.031169	0.0505952
0	K1705305BFF	0	1702009_BFF	14970	0.0949232	0.0396126	0.0233753
0	K1705305BFF	0	1702012_BFF	11018	0.0923943	0.0284988	0.0622184
0	K1705305BFF	0	1702013_BFF	15020	0.0909454	0.0400799	0.0127031
0	K1705305BFF	0	1702014_BFF	12033	0.095986	0.0306657	0.0586311
0	K1705305BFF	0	1702016_BFF	13841	0.0924789	0.0390868	0.0215121
0	K1705305BFF	0	1702017_BFF	12743	0.0940909	0.0320176	0.0539638
0	K1705305BFF	0	1702018_BFF	15051	0.0890971	0.0410604	0.00143941
0	K1705305BFF	0	1702019_BFF	14275	0.0899475	0.0353065	0.0299128
0	K1705305BFF	0	1702020_BFF	14917	0.0880874	0.0444459	-0.0197866
0	K1705305BFF	0	1702022_BFF	14399	0.0914647	0.0352108	0.0382942
0	K1705305BFF	0	1702024_BFF	12092	0.0908038	0.0308468	0.0460548
0	K1705305BFF	0	1702026_BFF	14749	0.088345	0.0376975	0.0155464
0	K1705305BFF	0	1702027_BFF	13576	0.0936211	0.0334414	0.0463766
0	K1705305BFF	0	1702028_BFF	11495	0.0987386	0.0280992	0.0669957
0	K1705305BFF	0	1702029_BFF	13889	0.104759	0.0285838	0.0498084
0	K1705305BFF	0	1702031_BFF	14236	0.0928632	0.0341388	0.0361943
0	K1705305BFF	0	DG02_BFF	14705	0.0919415	0.0395784	0.0189898
0	K1705305BFF	0	1703018_BFF	15015	0.0931069	0.0370962	0.0276189
0	K1705305BFF	0	1804002BFF	11708	0.101896	0.0278442	0.0771051
0	K1705305BFF	0	1804003BFF	14229	0.0940333	0.0352801	0.0433572
0	K1705305BFF	0	1804004BFF	13864	0.0934795	0.034045	0.0443073
0	K1705305BFF	0	1804005BFF	14164	0.0911466	0.0362186	0.0336011
0	K1705305BFF	0	1804006BFF	14414	0.0898432	0.0357985	0.0272432
0	K1705305BFF	0	1804007BFF	14127	0.0944291	0.0340483	0.0494806
0	K1705305BFF	0	1804008BFF	14388	0.0928552	0.0348902	0.0414361
0	K1705305BFF	0	1804009BFF	14227	0.0932031	0.0360582	0.0329468
0	K1705305BFF	0	1804010BFF	14504	0.0928709	0.0374379	0.0335636
0	K1705305BFF	0	1804011BFF	13794	0.0955488	0.0326954	0.0537567
0	K1705305BFF	0	1804013BFF	12788	0.094229	0.0342509	0.0414468
0	K1705305BFF	0	1804014BFF	13199	0.0975074	0.0314418	0.0661679
0	K1705305BFF	0	1804015BFF	13707	0.0944043	0.032684	0.0497159
0	K1705305BFF	0	1804016BFF	14370	0.0905358	0.0337509	0.0348966
0	K1705305BFF	0	1804017BFF	14227	0.0957335	0.0322626	0.0563021
0	K1705305BFF	0	1805001BFF	13398	0.0977011	0.0298552	0.0681882
0	K1705305BFF	0	1805002BFF	14226	0.0916632	0.0347252	0.0407797
0	K1705305BFF	0	1805003BFF	12423	0.096434	0.028898	0.0685185
0	K1705305BFF	0	1815076BFF_GHFF	12875	0.0945243	0.0309903	0.0608387
0	K1705305BFF	0	1815092SFF	14305	0.0649423	0.0538972	-0.160813
0	K1705305BFF	0	1815093BFF_SFF	13974	0.0913124	0.0344926	0.0354358
0	K1705305BFF	0	1815094SFF	10434	0.0761932	0.0410197	-0.0449427
0	K1705305BFF	0	1815095SFF	14800	0.0660811	0.0552703	-0.161995
0	K1705305BFF	0	1815096SFF	13829	0.0677562	0.0546677	-0.149194
0	K1705305BFF	0	2411005_SFF	14252	0.0691833	0.053817	-0.139381
0	K1705305BFF	0	2411007_SFF	12212	0.0670652	0.0514248	-0.139958
0	K1705305BFF	0	2811016_SFF	10021	0.0828261	0.0291388	0.0410247
0	K1705305BFF	0	2811017_SFF	13786	0.0689105	0.0544756	-0.144365
0	K1705305BFF	0	37685_SFF	15054	0.0625083	0.0621762	-0.211158
0	K1705305BFF	0	37686_SFF	14868	0.0669222	0.0616761	-0.186671
0	K1705305BFF	0	37687_SFF	15027	0.0619551	0.0640846	-0.229939
0	K1705305BFF	0	37689_SFF	15057	0.0640898	0.0637577	-0.218671
0	K1705305BFF	0	37690_SFF	14539	0.0616961	0.0630717	-0.21417
0	K1705305BFF	0	37695_SFF	13227	0.0611628	0.0559462	-0.201119
0	K1705305BFF	0	37697_SFF	14834	0.0644465	0.0609411	-0.203255
0	K1705305BFF	0	37698_SFF	14626	0.0638589	0.0598933	-0.194917
0	K1705305BFF	0	37699_SFF	14623	0.0644875	0.0588798	-0.189085
0	K1705305BFF	0	37700_SFF	15067	0.0595341	0.0631181	-0.224198
0	K1705305BFF	0	37701_SFF	14998	0.0616749	0.0643419	-0.231942
0	K1705305BFF	0	37702_SFF	14732	0.0638746	0.0605485	-0.19375
0	K1705305BFF	0	37703_SFF	14812	0.0573184	0.0640697	-0.248925
0	K1705305BFF	0	37704_SFF	14946	0.0628931	0.0594139	-0.189206
0	K1705305BFF	0	37705_SFF	14728	0.0616513	0.0637561	-0.246618
0	K1705305BFF	0	37706_SFF	14978	0.0643611	0.0622246	-0.218487
0	K1705305BFF	0	37707_SFF	12729	0.0678765	0.0488648	-0.116227
0	K1705305BFF	0	37708_SFF	11392	0.0654846	0.0497718	-0.133654
0	K1705305BFF	0	37710_SFF	14508	0.0651365	0.0603116	-0.190821
0	K1705305BFF	0	37717_SFF	14803	0.0610011	0.06269	-0.219731
0	K1705305BFF	0	37721_SFF	13775	0.082686	0.0447187	-0.014399
0	K1705305BFF	0	1412002_BFF	14285	0.0928946	0.0385719	0.0223505
0	K1705305BFF	0	DG05_BFF	9181	0.0985731	0.0270123	0.0821006
0	K1705305BFF	0	DG06_BFF	8492	0.103509	0.0273198	0.0829616
0	K1705305BFF	0	K17053010BFF	12205	0.0955346	0.028349	0.0710987
0	K1705305BFF	0	K17053011BFF	12957	0.100949	0.0287875	0.0812793
0	K1705305BFF	0	K1705302BFF	12651	0.100466	0.0275868	0.0830344
0	K1705305BFF	0	K1705303BFF	11920	0.0986577	0.0280201	0.0799521
0	K1705305BFF	0	K1705304BFF	9811	0.100092	0.0214045	0.0978218
0	K1705306BFF	0	1304001_SFF	14397	0.0634854	0.0566785	-0.157134
0	K1705306BFF	0	1304004_SFF	14781	0.0646776	0.0568297	-0.158657
0	K1705306BFF	0	1304006_SFF	15083	0.0633163	0.0616588	-0.196896
0	K1705306BFF	0	1304010_SFF	9342	0.0718262	0.041961	-0.0439002
0	K1705306BFF	0	1304011_SFF	14881	0.0624286	0.0564478	-0.163003
0	K1705306BFF	0	1306009_SFF	15156	0.0673001	0.0621536	-0.170345
0	K1705306BFF	0	1306011_SFF	15236	0.0645839	0.0604489	-0.17601
0	K1705306BFF	0	1306014_SFF	13976	0.0882942	0.0412135	0.000704027
0	K1705306BFF	0	1306015_BFF	15136	0.085954	0.0445957	-0.00896832
0	K1705306BFF	0	1307003_SFF	15211	0.0638354	0.0600224	-0.180496
0	K1705306BFF	0	1307004_SFF	15006	0.0677063	0.0570438	-0.151794
0	K1705306BFF	0	1611011_BFF	15271	0.0834916	0.0432847	-0.00881057
0	K1705306BFF	0	1409002_SFF	14498	0.0633191	0.0566285	-0.160162
0	K1705306BFF	0	1409007_SFF	14812	0.0664326	0.0595463	-0.16129
0	K1705306BFF	0	1409008_SFF	15067	0.0650428	0.059335	-0.18207
0	K1705306BFF	0	1409009_SFF	14625	0.0641368	0.0578462	-0.16664
0	K1705306BFF	0	1409012_SFF	14260	0.0650771	0.054979	-0.159748
0	K1705306BFF	0	1409013_SFF	14525	0.066988	0.0565232	-0.154259
0	K1705306BFF	0	1409026_SFF	11199	0.0682204	0.0432181	-0.0626698
0	K1705306BFF	0	1409027_SFF	13812	0.0645815	0.051477	-0.130201
0	K1705306BFF	0	1409030_SFF	14599	0.0652784	0.0546613	-0.143766
0	K1705306BFF	0	1409031_SFF	14087	0.0665862	0.0556541	-0.142051
0	K1705306BFF	0	1409032_SFF	14900	0.0663758	0.0608054	-0.168765
0	K1705306BFF	0	1410001_SFF	13666	0.066735	0.0550271	-0.148424
0	K1705306BFF	0	1410002_SFF	14214	0.0670466	0.0530463	-0.127182
0	K1705306BFF	0	1412001_BFF	15267	0.088164	0.0413965	0.00851613
0	K1705306BFF	0	1412006_BFF	15073	0.0878392	0.04246	0.0035705
0	K1705306BFF	0	1412010_BFF	13739	0.0880705	0.0334085	0.0282571
0	K1705306BFF	0	1412014_BFF	13879	0.0895598	0.033648	0.0322194
0	K1705306BFF	0	1412024_BFF	14483	0.0879652	0.0382517	0.0221263
0	K1705306BFF	0	1510003_SFF	12330	0.0659367	0.0495539	-0.107077
0	K1705306BFF	0	1510004_SFF	15214	0.0696069	0.0565269	-0.12105
0	K1705306BFF	0	1610001_BFF	15076	0.0891483	0.0404617	0.0150391
0	K1705306BFF	0	1610002_BFF	15127	0.0860713	0.0391353	0.0132234
0	K1705306BFF	0	1610012_BFF	15258	0.0920828	0.0364399	0.0372408
0	K1705306BFF	0	1610013_BFF	14689	0.0876166	0.0346518	0.0353793
0	K1705306BFF	0	1610015_BFF	15203	0.0921529	0.0388081	0.0271473
0	K1705306BFF	0	1610016_BFF	15360	0.0853516	0.0396484	0.00510739
0	K1705306BFF	0	1610017_BFF	15369	0.0875138	0.0415121	0.00490829
0	K1705306BFF	0	1409001_SFF	14974	0.064779	0.0614398	-0.172516
0	K1705306BFF	0	1611012_BFF	13853	0.0872735	0.0376814	0.0200371
0	K1705306BFF	0	1611013_BFF	10924	0.0874222	0.0330465	0.0406489
0	K1705306BFF	0	1611032_BFF	14863	0.0881383	0.0415798	0.005196
0	K1705306BFF	0	1702005_BFF	14437	0.104038	0.0290919	0.035169
0	K1705306BFF	0	1702006_BFF	14454	0.0921544	0.0364605	0.0285016
0	K1705306BFF	0	1702007_BFF	14623	0.0852766	0.0374752	0.0173181
0	K1705306BFF	0	1702008_BFF	12215	0.0906263	0.0330741	0.0380207
0	K1705306BFF	0	1702009_BFF	15277	0.0890882	0.0424167	0.00134823
0	K1705306BFF	0	1702012_BFF	11291	0.0903374	0.0300239	0.0387172
0	K1705306BFF	0	1702013_BFF	15329	0.0880684	0.0427295	0.00197755
0	K1705306BFF	0	1702014_BFF	12295	0.0921513	0.0325336	0.0335118
0	K1705306BFF	0	1702016_BFF	14152	0.0914358	0.0388638	0.0190987
0	K1705306BFF	0	1702017_BFF	13031	0.0919346	0.0372957	0.0192074
0	K1705306BFF	0	1702018_BFF	15378	0.0866172	0.0456496	-0.0119537
0	K1705306BFF	0	1702019_BFF	14586	0.0856301	0.0381187	0.0143454
0	K1705306BFF	0	1702020_BFF	15222	0.0851399	0.0444094	-0.0118017
0	K1705306BFF	0	1702022_BFF	14718	0.0918603	0.0381166	0.0226488
0	K1705306BFF	0	1702024_BFF	12370	0.0842361	0.0337914	0.0303746
0	K1705306BFF	0	1702026_BFF	15054	0.0855587	0.0393251	0.0076903
0	K1705306BFF	0	1702027_BFF	13882	0.0889641	0.0345772	0.0247292
0	K1705306BFF	0	1702028_BFF	11742	0.0920627	0.029552	0.0419233
0	K1705306BFF	0	1702029_BFF	14171	0.101193	0.0287206	0.0330584
0	K1705306BFF	0	1702031_BFF	14519	0.0920174	0.0351264	0.0405553
0	K1705306BFF	0	DG02_BFF	15010	0.0887408	0.0399734	0.012692
0	K1705306BFF	0	1703018_BFF	15322	0.086738	0.0365488	0.0245849
0	K1705306BFF	0	1804002BFF	11877	0.0953103	0.0286268	0.054798
0	K1705306BFF	0	1804003BFF	14521	0.0937263	0.0361545	0.0311234
0	K1705306BFF	0	1804004BFF	14153	0.0907935	0.0360348	0.0274518
0	K1705306BFF	0	1804005BFF	14451	0.0891288	0.0379213	0.018599
0	K1705306BFF	0	1804006BFF	14686	0.088043	0.0373144	0.0225013
0	K1705306BFF	0	1804007BFF	14421	0.0875806	0.0356425	0.0213623
0	K1705306BFF	0	1804008BFF	14652	0.0855856	0.0375375	0.0147614
0	K1705306BFF	0	1804009BFF	14543	0.0890463	0.0396754	0.0172693
0	K1705306BFF	0	1804010BFF	14806	0.0917196	0.0399838	0.013992
0	K1705306BFF	0	1804011BFF	14095	0.08989	0.032281	0.0399803
0	K1705306BFF	0	1804013BFF	12988	0.0873884	0.0351093	0.0338828
0	K1705306BFF	0	1804014BFF	13436	0.0939268	0.0330455	0.0463751
0	K1705306BFF	0	1804015BFF	13992	0.0899085	0.0332333	0.0418549
0	K1705306BFF	0	1804016BFF	14636	0.0909401	0.0367587	0.032234
0	K1705306BFF	0	1804017BFF	14479	0.0934457	0.0353616	0.0357823
0	K1705306BFF	0	1805001BFF	13649	0.089164	0.0325299	0.0293519
0	K1705306BFF	0	1805002BFF	14483	0.089139	0.0345923	0.0297715
0	K1705306BFF	0	1805003BFF	12598	0.090173	0.0325448	0.0391604
0	K1705306BFF	0	1815076BFF_GHFF	13039	0.0881969	0.0327479	0.0346908
0	K1705306BFF	0	1815092SFF	14603	0.0646443	0.0574539	-0.171435
0	K1705306BFF	0	1815093BFF_SFF	14221	0.0864918	0.0348077	0.0318019
0	K1705306BFF	0	1815094SFF	10636	0.0704212	0.0427792	-0.0538306
0	K1705306BFF	0	1815095SFF	15104	0.0643538	0.0572696	-0.162282
0	K1705306BFF	0	1815096SFF	14074	0.0636635	0.0544266	-0.146555
0	K1705306BFF	0	2411005_SFF	14545	0.0695772	0.0563768	-0.135468
0	K1705306BFF	0	2411007_SFF	12524	0.0657138	0.0514213	-0.126154
0	K1705306BFF	0	2811016_SFF	10206	0.0814227	0.0311581	0.021562
0	K1705306BFF	0	2811017_SFF	14054	0.0673118	0.0562829	-0.14962
0	K1705306BFF	0	37685_SFF	15372	0.0602394	0.0638173	-0.212231
0	K1705306BFF	0	37686_SFF	15173	0.0628748	0.0634021	-0.191074
0	K1705306BFF	0	37687_SFF	15347	0.0620317	0.0655503	-0.230171
0	K1705306BFF	0	37689_SFF	15364	0.0611169	0.0650221	-0.22257
0	K1705306BFF	0	37690_SFF	14841	0.0611819	0.0628664	-0.205329
0	K1705306BFF	0	37695_SFF	13496	0.0626852	0.0585359	-0.20145
0	K1705306BFF	0	37697_SFF	15147	0.0592857	0.0627187	-0.215869
0	K1705306BFF	0	37698_SFF	14951	0.0614006	0.0594609	-0.184871
0	K1705306BFF	0	37699_SFF	14919	0.0634091	0.0617334	-0.194136
0	K1705306BFF	0	37700_SFF	15384	0.0638326	0.0653926	-0.211621
0	K1705306BFF	0	37701_SFF	15299	0.0635989	0.0638604	-0.211043
0	K1705306BFF	0	37702_SFF	15047	0.0642653	0.0597461	-0.182801
0	K1705306BFF	0	37703_SFF	15094	0.0594276	0.0631377	-0.228644
0	K1705306BFF	0	37704_SFF	15261	0.0623157	0.061726	-0.188945
0	K1705306BFF	0	37705_SFF	15043	0.0612245	0.0638171	-0.234603
0	K1705306BFF	0	37706_SFF	15288	0.0620094	0.0646259	-0.225742
0	K1705306BFF	0	37707_SFF	12995	0.066641	0.0486341	-0.106733
0	K1705306BFF	0	37708_SFF	11587	0.0649003	0.051178	-0.130527
0	K1705306BFF	0	37710_SFF	14795	0.0634674	0.0600879	-0.182377
0	K1705306BFF	0	37717_SFF	15124	0.0622851	0.0614917	-0.197591
0	K1705306BFF	0	37721_SFF	14072	0.0761086	0.0415009	-0.0212676
0	K1705306BFF	0	1412002_BFF	14571	0.088532	0.0393247	0.0130511
0	K1705306BFF	0	DG05_BFF	9386	0.0924782	0.0279139	0.0592983
0	K1705306BFF	0	DG06_BFF	8697	0.0967	0.0297804	0.0537162
0	K1705306BFF	0	K17053010BFF	12438	0.0887603	0.0308731	0.0471351
0	K1705306BFF	0	K17053011BFF	13208	0.0959267	0.0258934	0.0744968
0	K1705306BFF	0	K1705302BFF	12905	0.0935296	0.0304533	0.0537994
0	K1705306BFF	0	K1705303BFF	12167	0.0913948	0.0288485	0.0570464
0	K1705306BFF	0	K1705304BFF	9971	0.0956775	0.028282	0.0578231
0	K1705306BFF	0	K1705305BFF	13491	0.0916166	0.0316507	0.044764
0	K1705307BFF	0	1304001_SFF	12846	0.0686595	0.0504437	-0.145144
0	K1705307BFF	0	1304004_SFF	13178	0.0719381	0.0501594	-0.132389
0	K1705307BFF	0	1304006_SFF	13438	0.0656348	0.0519423	-0.165458
0	K1705307BFF	0	1304010_SFF	8422	0.0790786	0.033365	-0.0165546
0	K1705307BFF	0	1304011_SFF	13261	0.066737	0.0475077	-0.139036
0	K1705307BFF	0	1306009_SFF	13514	0.0696315	0.0535001	-0.147735
0	K1705307BFF	0	1306011_SFF	13571	0.0678653	0.0492963	-0.135739
0	K1705307BFF	0	1306014_SFF	12372	0.0901229	0.0303912	0.0497862
0	K1705307BFF	0	1306015_BFF	13500	0.0916296	0.037037	0.0134695
0	K1705307BFF	0	1307003_SFF	13561	0.0691689	0.0522823	-0.1589
0	K1705307BFF	0	1307004_SFF	13382	0.0700194	0.0506651	-0.139157
0	K1705307BFF	0	1611011_BFF	13616	0.0904083	0.0356199	0.0147877
0	K1705307BFF	0	1409002_SFF	12910	0.0678544	0.0490318	-0.144241
0	K1705307BFF	0	1409007_SFF	13198	0.0684952	0.0509168	-0.135252
0	K1705307BFF	0	1409008_SFF	13433	0.0684881	0.0508449	-0.158742
0	K1705307BFF	0	1409009_SFF	13027	0.069164	0.0478238	-0.133178
0	K1705307BFF	0	1409012_SFF	12697	0.0696227	0.0468615	-0.129471
0	K1705307BFF	0	1409013_SFF	12952	0.0711087	0.0488728	-0.129467
0	K1705307BFF	0	1409026_SFF	9971	0.0751178	0.0371076	-0.0465729
0	K1705307BFF	0	1409027_SFF	12305	0.0683462	0.0457538	-0.116242
0	K1705307BFF	0	1409030_SFF	12995	0.0690265	0.0505579	-0.141016
0	K1705307BFF	0	1409031_SFF	12568	0.0721674	0.0478994	-0.118177
0	K1705307BFF	0	1409032_SFF	13261	0.0675665	0.0518815	-0.146576
0	K1705307BFF	0	1410001_SFF	12141	0.0688576	0.0451363	-0.119938
0	K1705307BFF	0	1410002_SFF	12666	0.0707406	0.0465024	-0.111939
0	K1705307BFF	0	1412001_BFF	13604	0.0931344	0.0377095	0.0155207
0	K1705307BFF	0	1412006_BFF	13425	0.0919926	0.0355307	0.0246009
0	K1705307BFF	0	1412010_BFF	12232	0.0956508	0.0306573	0.0565042
0	K1705307BFF	0	1412014_BFF	12326	0.0988966	0.0292066	0.0693725
0	K1705307BFF	0	1412024_BFF	12934	0.0950209	0.033323	0.0363176
0	K1705307BFF	0	1510003_SFF	11036	0.0744835	0.0408663	-0.0734994
0	K1705307BFF	0	1510004_SFF	13569	0.0731078	0.0507775	-0.105827
0	K1705307BFF	0	1610001_BFF	13441	0.0976118	0.0343724	0.037423
0	K1705307BFF	0	1610002_BFF	13493	0.0946417	0.0348329	0.0271755
0	K1705307BFF	0	1610012_BFF	13603	0.0963023	0.0338161	0.0378963
0	K1705307BFF	0	1610013_BFF	13141	0.100145	0.0315805	0.0539568
0	K1705307BFF	0	1610015_BFF	13552	0.0965909	0.0341647	0.0359329
0	K1705307BFF	0	1610016_BFF	13677	0.0906632	0.0358997	0.00999403
0	K1705307BFF	0	1610017_BFF	13696	0.0940421	0.0352658	0.0231793
0	K1705307BFF	0	1409001_SFF	13324	0.0667968	0.0502852	-0.141776
0	K1705307BFF	0	1611012_BFF	12407	0.0929314	0.0298219	0.0482973
0	K1705307BFF	0	1611013_BFF	9831	0.0929712	0.025328	0.0687247
0	K1705307BFF	0	1611032_BFF	13260	0.0976621	0.0364253	0.0355794
0	K1705307BFF	0	1702005_BFF	12844	0.112192	0.0218001	0.092449
0	K1705307BFF	0	1702006_BFF	12873	0.0991999	0.0327041	0.0544183
0	K1705307BFF	0	1702007_BFF	13007	0.0924887	0.031829	0.0405162
0	K1705307BFF	0	1702008_BFF	10894	0.100055	0.026253	0.0830721
0	K1705307BFF	0	1702009_BFF	13600	0.0916176	0.0358824	0.023123
0	K1705307BFF	0	1702012_BFF	10022	0.09998	0.0226502	0.101389
0	K1705307BFF	0	1702013_BFF	13675	0.0943327	0.0367093	0.0252274
0	K1705307BFF	0	1702014_BFF	10902	0.0979637	0.0252247	0.08759
0	K1705307BFF	0	1702016_BFF	12581	0.0960178	0.0328273	0.0460546
0	K1705307BFF	0	1702017_BFF	11551	0.0983465	0.0274435	0.0785391
0	K1705307BFF	0	1702018_BFF	13688	0.0921975	0.0403273	0.00360438
0	K1705307BFF	0	1702019_BFF	12983	0.0925056	0.0316568	0.0400965
0	K1705307BFF	0	1702020_BFF	13546	0.0905802	0.0384615	0.00141961
0	K1705307BFF	0	1702022_BFF	13117	0.0934665	0.0309522	0.0468841
0	K1705307BFF	0	1702024_BFF	11007	0.0895794	0.0278913	0.0418979
0	K1705307BFF	0	1702026_BFF	13429	0.0961352	0.034701	0.0373264
0	K1705307BFF	0	1702027_BFF	12409	0.101539	0.0298977	0.0734007
0	K1705307BFF	0	1702028_BFF	10425	0.100624	0.0270504	0.0790863
0	K1705307BFF	0	1702029_BFF	12685	0.108475	0.0234923	0.0844823
0	K1705307BFF	0	1702031_BFF	12935	0.0971782	0.0305373	0.0527081
0	K1705307BFF	0	DG02_BFF	13379	0.0952239	0.0330368	0.0449671
0	K1705307BFF	0	1703018_BFF	13662	0.0938369	0.0327917	0.036805
0	K1705307BFF	0	1804002BFF	10794	0.101445	0.0226978	0.101593
0	K1705307BFF	0	1804003BFF	12983	0.0953555	0.0303474	0.057462
0	K1705307BFF	0	1804004BFF	12732	0.0903236	0.0305529	0.0435773
0	K1705307BFF	0	1804005BFF	12932	0.0943396	0.035184	0.0333532
0	K1705307BFF	0	1804006BFF	13133	0.0932003	0.0312952	0.0406411
0	K1705307BFF	0	1804007BFF	12902	0.0968067	0.0286777	0.0657817
0	K1705307BFF	0	1804008BFF	13136	0.0915043	0.0309836	0.0416792
0	K1705307BFF	0	1804009BFF	13025	0.0958157	0.0306334	0.0525767
0	K1705307BFF	0	1804010BFF	13240	0.0939577	0.0334592	0.0432969
0	K1705307BFF	0	1804011BFF	12618	0.100888	0.0292439	0.0713413
0	K1705307BFF	0	1804013BFF	11788	0.0922124	0.0287581	0.049505
0	K1705307BFF	0	1804014BFF	12126	0.0959096	0.0272143	0.0718473
0	K1705307BFF	0	1804015BFF	12564	0.0955906	0.0304043	0.0534321
0	K1705307BFF	0	1804016BFF	13096	0.0937691	0.0330635	0.0343197
0	K1705307BFF	0	1804017BFF	12985	0.0984983	0.0294956	0.066804
0	K1705307BFF	0	1805001BFF	12237	0.0965106	0.0272126	0.0781488
0	K1705307BFF	0	1805002BFF	12997	0.0964069	0.02993	0.0628999
0	K1705307BFF	0	1805003BFF	11354	0.0976748	0.0262463	0.0798727
0	K1705307BFF	0	1815076BFF_GHFF	11771	0.095404	0.0283748	0.0664506
0	K1705307BFF	0	1815092SFF	13061	0.0676058	0.0504556	-0.152677
0	K1705307BFF	0	1815093BFF_SFF	12742	0.0915084	0.0309214	0.04039
0	K1705307BFF	0	1815094SFF	9494	0.0734148	0.0357068	-0.0354367
0	K1705307BFF	0	1815095SFF	13469	0.0709036	0.0521939	-0.142624
0	K1705307BFF	0	1815096SFF	12608	0.0741593	0.0482234	-0.110373
0	K1705307BFF	0	2411005_SFF	12965	0.0694948	0.0476668	-0.116702
0	K1705307BFF	0	2411007_SFF	11116	0.0686398	0.0449802	-0.110465
0	K1705307BFF	0	2811016_SFF	9224	0.0873807	0.0252602	0.0685584
0	K1705307BFF	0	2811017_SFF	12555	0.0688969	0.0461171	-0.123176
0	K1705307BFF	0	37685_SFF	13688	0.0615868	0.054062	-0.189092
0	K1705307BFF	0	37686_SFF	13512	0.0677176	0.05336	-0.158849
0	K1705307BFF	0	37687_SFF	13677	0.063976	0.0558602	-0.199377
0	K1705307BFF	0	37689_SFF	13698	0.0626369	0.0554826	-0.19292
0	K1705307BFF	0	37690_SFF	13211	0.0654	0.0557111	-0.186122
0	K1705307BFF	0	37695_SFF	12066	0.0639814	0.0504724	-0.17841
0	K1705307BFF	0	37697_SFF	13502	0.0614724	0.0533995	-0.191409
0	K1705307BFF	0	37698_SFF	13315	0.0648141	0.0540744	-0.18539
0	K1705307BFF	0	37699_SFF	13301	0.0653334	0.0536802	-0.17549
0	K1705307BFF	0	37700_SFF	13712	0.0653442	0.0581972	-0.19456
0	K1705307BFF	0	37701_SFF	13653	0.0651871	0.0568373	-0.196593
0	K1705307BFF	0	37702_SFF	13404	0.0665473	0.0538645	-0.170599
0	K1705307BFF	0	37703_SFF	13463	0.0623189	0.0550397	-0.201748
0	K1705307BFF	0	37704_SFF	13592	0.0661418	0.0534873	-0.163722
0	K1705307BFF	0	37705_SFF	13386	0.061258	0.0574481	-0.230719
0	K1705307BFF	0	37706_SFF	13633	0.0616885	0.0568474	-0.214854
0	K1705307BFF	0	37707_SFF	11607	0.0709916	0.0424744	-0.0885111
0	K1705307BFF	0	37708_SFF	10380	0.0675337	0.044605	-0.117541
0	K1705307BFF	0	37710_SFF	13204	0.0651318	0.0526356	-0.165125
0	K1705307BFF	0	37717_SFF	13469	0.064964	0.0570941	-0.193254
0	K1705307BFF	0	37721_SFF	12612	0.0795274	0.035046	0.00940655
0	K1705307BFF	0	1412002_BFF	12995	0.0949596	0.0312428	0.0514205
0	K1705307BFF	0	DG05_BFF	8454	0.0958126	0.0193991	0.102954
0	K1705307BFF	0	DG06_BFF	7775	0.103537	0.0213505	0.107431
0	K1705307BFF	0	K17053010BFF	11205	0.100402	0.0274877	0.0829298
0	K1705307BFF	0	K17053011BFF	11917	0.100445	0.0238315	0.0948192
0	K1705307BFF	0	K1705302BFF	11590	0.101294	0.0241588	0.0927741
0	K1705307BFF	0	K1705303BFF	10959	0.0976366	0.0244548	0.0869141
0	K1705307BFF	0	K1705304BFF	9071	0.107706	0.0210561	0.115993
0	K1705307BFF	0	K1705305BFF	12140	0.099341	0.0244646	0.0888819
0	K1705307BFF	0	K1705306BFF	12337	0.0945124	0.0273162	0.0611591
0	K1705308BFF	0	1304001_SFF	14499	0.0660735	0.0554521	-0.158639
0	K1705308BFF	0	1304004_SFF	14882	0.0683376	0.056108	-0.160236
0	K1705308BFF	0	1304006_SFF	15180	0.064361	0.0611331	-0.206232
0	K1705308BFF	0	1304010_SFF	9398	0.0711854	0.0374548	-0.0363346
0	K1705308BFF	0	1304011_SFF	14955	0.0698763	0.0572384	-0.160637
0	K1705308BFF	0	1306009_SFF	15252	0.0666142	0.0605167	-0.185432
0	K1705308BFF	0	1306011_SFF	15322	0.0667667	0.0603707	-0.180735
0	K1705308BFF	0	1306014_SFF	14068	0.0880011	0.038385	0.0197386
0	K1705308BFF	0	1306015_BFF	15229	0.087596	0.0422221	-0.0101854
0	K1705308BFF	0	1307003_SFF	15317	0.0673108	0.0590847	-0.176967
0	K1705308BFF	0	1307004_SFF	15109	0.0685684	0.0582434	-0.167706
0	K1705308BFF	0	1611011_BFF	15362	0.0881396	0.0428981	-0.00918551
0	K1705308BFF	0	1409002_SFF	14585	0.0641755	0.0561536	-0.168964
0	K1705308BFF	0	1409007_SFF	14908	0.0677489	0.0594983	-0.176765
0	K1705308BFF	0	1409008_SFF	15172	0.0664382	0.057672	-0.183052
0	K1705308BFF	0	1409009_SFF	14709	0.0682575	0.0579917	-0.174745
0	K1705308BFF	0	1409012_SFF	14337	0.0659134	0.0557997	-0.168866
0	K1705308BFF	0	1409013_SFF	14618	0.068614	0.055548	-0.155354
0	K1705308BFF	0	1409026_SFF	11314	0.0727417	0.0449885	-0.0701336
0	K1705308BFF	0	1409027_SFF	13904	0.0668153	0.0545167	-0.14887
0	K1705308BFF	0	1409030_SFF	14683	0.0688551	0.0550977	-0.148079
0	K1705308BFF	0	1409031_SFF	14196	0.0682587	0.0558608	-0.152119
0	K1705308BFF	0	1409032_SFF	14986	0.0662618	0.058588	-0.175323
0	K1705308BFF	0	1410001_SFF	13784	0.0680499	0.0551364	-0.156797
0	K1705308BFF	0	1410002_SFF	14300	0.0706993	0.051049	-0.119674
0	K1705308BFF	0	1412001_BFF	15355	0.0900033	0.044155	-0.00854374
0	K1705308BFF	0	1412006_BFF	15171	0.0872718	0.039681	0.00576037
0	K1705308BFF	0	1412010_BFF	13814	0.0935283	0.0341682	0.0454047
0	K1705308BFF	0	1412014_BFF	13940	0.0966284	0.0370158	0.0401091
0	K1705308BFF	0	1412024_BFF	14567	0.0901352	0.038649	0.0150723
0	K1705308BFF	0	1510003_SFF	12414	0.0696794	0.0487353	-0.108496
0	K1705308BFF	0	1510004_SFF	15315	0.0691479	0.0568071	-0.138849
0	K1705308BFF	0	1610001_BFF	15176	0.0932393	0.0369663	0.0271139
0	K1705308BFF	0	1610002_BFF	15225	0.0936617	0.0388834	0.0145166
0	K1705308BFF	0	1610012_BFF	15362	0.0928916	0.0369093	0.0283363
0	K1705308BFF	0	1610013_BFF	14779	0.09412	0.0352527	0.0335017
0	K1705308BFF	0	1610015_BFF	15289	0.0937929	0.0399634	0.0167944
0	K1705308BFF	0	1610016_BFF	15448	0.0940575	0.040523	0.00877419
0	K1705308BFF	0	1610017_BFF	15470	0.0912734	0.0405947	0.00373038
0	K1705308BFF	0	1409001_SFF	15073	0.0660784	0.059245	-0.169307
0	K1705308BFF	0	1611012_BFF	13971	0.094553	0.0368621	0.0316951
0	K1705308BFF	0	1611013_BFF	10988	0.0890972	0.0295777	0.0564805
0	K1705308BFF	0	1611032_BFF	14962	0.0882235	0.0390991	0.0156011
0	K1705308BFF	0	1702005_BFF	14473	0.107994	0.0263249	0.0638216
0	K1705308BFF	0	1702006_BFF	14529	0.0950513	0.0338633	0.0499089
0	K1705308BFF	0	1702007_BFF	14690	0.0894486	0.0401634	0.00772921
0	K1705308BFF	0	1702008_BFF	12278	0.0939078	0.0322528	0.0509564
0	K1705308BFF	0	1702009_BFF	15378	0.0908441	0.0415529	0.00849151
0	K1705308BFF	0	1702012_BFF	11337	0.0964982	0.0287554	0.0684654
0	K1705308BFF	0	1702013_BFF	15432	0.0914334	0.0412131	0.00973297
0	K1705308BFF	0	1702014_BFF	12349	0.0977407	0.0323103	0.0562404
0	K1705308BFF	0	1702016_BFF	14222	0.0947124	0.0397975	0.0269751
0	K1705308BFF	0	1702017_BFF	13096	0.0963653	0.0352016	0.0471453
0	K1705308BFF	0	1702018_BFF	15473	0.087895	0.0443353	-0.0155454
0	K1705308BFF	0	1702019_BFF	14647	0.0904622	0.0370042	0.02406
0	K1705308BFF	0	1702020_BFF	15308	0.0885158	0.0434413	-0.0127571
0	K1705308BFF	0	1702022_BFF	14805	0.0955758	0.0360014	0.0403102
0	K1705308BFF	0	1702024_BFF	12399	0.0869425	0.0338737	0.0240633
0	K1705308BFF	0	1702026_BFF	15147	0.0901169	0.0404701	0.00974026
0	K1705308BFF	0	1702027_BFF	13967	0.0917878	0.0328632	0.0462513
0	K1705308BFF	0	1702028_BFF	11753	0.0990385	0.0285884	0.0713136
0	K1705308BFF	0	1702029_BFF	14255	0.107331	0.0263066	0.0643577
0	K1705308BFF	0	1702031_BFF	14583	0.094905	0.0343551	0.036979
0	K1705308BFF	0	DG02_BFF	15116	0.091294	0.0394946	0.0193857
0	K1705308BFF	0	1703018_BFF	15421	0.0938979	0.0400104	0.0151804
0	K1705308BFF	0	1804002BFF	11940	0.0990787	0.0289782	0.0675048
0	K1705308BFF	0	1804003BFF	14614	0.09443	0.0355139	0.0402239
0	K1705308BFF	0	1804004BFF	14219	0.0937478	0.0365708	0.0359342
0	K1705308BFF	0	1804005BFF	14534	0.0961882	0.0372919	0.0389795
0	K1705308BFF	0	1804006BFF	14774	0.0957087	0.0359415	0.037283
0	K1705308BFF	0	1804007BFF	14482	0.0961193	0.0370805	0.0408535
0	K1705308BFF	0	1804008BFF	14743	0.0910941	0.0356779	0.0326313
0	K1705308BFF	0	1804009BFF	14596	0.0918745	0.037339	0.0256563
0	K1705308BFF	0	1804010BFF	14910	0.0920858	0.0386318	0.0273755
0	K1705308BFF	0	1804011BFF	14151	0.093633	0.0346265	0.0452948
0	K1705308BFF	0	1804013BFF	13099	0.0935949	0.0343538	0.0394777
0	K1705308BFF	0	1804014BFF	13562	0.0993216	0.0321487	0.064965
0	K1705308BFF	0	1804015BFF	14034	0.0925609	0.0361265	0.0342608
0	K1705308BFF	0	1804016BFF	14731	0.0917792	0.0342814	0.0355815
0	K1705308BFF	0	1804017BFF	14557	0.0957615	0.0351721	0.0476623
0	K1705308BFF	0	1805001BFF	13689	0.0973775	0.0320695	0.058515
0	K1705308BFF	0	1805002BFF	14612	0.0941007	0.035245	0.0436488
0	K1705308BFF	0	1805003BFF	12661	0.0962799	0.03183	0.0571536
0	K1705308BFF	0	1815076BFF_GHFF	13139	0.0921684	0.032042	0.0520502
0	K1705308BFF	0	1815092SFF	14708	0.0637748	0.055616	-0.178227
0	K1705308BFF	0	1815093BFF_SFF	14319	0.093582	0.0361059	0.0332972
0	K1705308BFF	0	1815094SFF	10685	0.0727188	0.0440805	-0.0635576
0	K1705308BFF	0	1815095SFF	15203	0.0677498	0.0555154	-0.159443
0	K1705308BFF	0	1815096SFF	14201	0.0701359	0.0536582	-0.138272
0	K1705308BFF	0	2411005_SFF	14641	0.0700089	0.0557339	-0.144266
0	K1705308BFF	0	2411007_SFF	12589	0.0669632	0.0510763	-0.135252
0	K1705308BFF	0	2811016_SFF	10241	0.0819256	0.0322234	0.0293781
0	K1705308BFF	0	2811017_SFF	14143	0.065969	0.054656	-0.161256
0	K1705308BFF	0	37685_SFF	15463	0.0618897	0.0644765	-0.226534
0	K1705308BFF	0	37686_SFF	15269	0.0654267	0.0628725	-0.206258
0	K1705308BFF	0	37687_SFF	15434	0.0630426	0.0644681	-0.229984
0	K1705308BFF	0	37689_SFF	15467	0.0634254	0.0660115	-0.231658
0	K1705308BFF	0	37690_SFF	14927	0.0633081	0.0620352	-0.205624
0	K1705308BFF	0	37695_SFF	13595	0.0602427	0.0571534	-0.211951
0	K1705308BFF	0	37697_SFF	15222	0.0616213	0.0605702	-0.212524
0	K1705308BFF	0	37698_SFF	15023	0.0624376	0.0609732	-0.210218
0	K1705308BFF	0	37699_SFF	15002	0.0674577	0.0625917	-0.199545
0	K1705308BFF	0	37700_SFF	15477	0.0617045	0.0652581	-0.230651
0	K1705308BFF	0	37701_SFF	15399	0.0647445	0.0624716	-0.218603
0	K1705308BFF	0	37702_SFF	15143	0.0643862	0.0606221	-0.197303
0	K1705308BFF	0	37703_SFF	15193	0.0623313	0.0620681	-0.229321
0	K1705308BFF	0	37704_SFF	15349	0.0669099	0.0606554	-0.18526
0	K1705308BFF	0	37705_SFF	15139	0.0631482	0.0638087	-0.246127
0	K1705308BFF	0	37706_SFF	15393	0.0630806	0.0637952	-0.232369
0	K1705308BFF	0	37707_SFF	13031	0.0688359	0.0491137	-0.119478
0	K1705308BFF	0	37708_SFF	11667	0.065741	0.05117	-0.141085
0	K1705308BFF	0	37710_SFF	14890	0.0646743	0.061182	-0.197658
0	K1705308BFF	0	37717_SFF	15212	0.0646858	0.0636997	-0.214862
0	K1705308BFF	0	37721_SFF	14149	0.080147	0.0431833	-0.0158547
0	K1705308BFF	0	1412002_BFF	14655	0.0925964	0.0362334	0.035248
0	K1705308BFF	0	DG05_BFF	9369	0.0933931	0.0282848	0.0701754
0	K1705308BFF	0	DG06_BFF	8753	0.0960813	0.0278762	0.0635444
0	K1705308BFF	0	K17053010BFF	12518	0.0974597	0.0293977	0.0714177
0	K1705308BFF	0	K17053011BFF	13273	0.0974158	0.0294583	0.0708429
0	K1705308BFF	0	K1705302BFF	12963	0.0977397	0.0303942	0.0690441
0	K1705308BFF	0	K1705303BFF	12192	0.0983432	0.0290354	0.0755013
0	K1705308BFF	0	K1705304BFF	10048	0.100219	0.0248806	0.084398
0	K1705308BFF	0	K1705305BFF	13555	0.096422	0.0312062	0.0607898
0	K1705308BFF	0	K1705306BFF	13804	0.0908432	0.0329615	0.0399772
0	K1705308BFF	0	K1705307BFF	12425	0.0998793	0.0269618	0.0795912
0	M30431BFF	0	1304001_SFF	15491	0.0147828	0.131625	-3.73856
0	M30431BFF	0	1304004_SFF	15908	0.0143953	0.134083	-3.73653
0	M30431BFF	0	1304006_SFF	16248	0.0145864	0.134847	-3.72432
0	M30431BFF	0	1304010_SFF	9942	0.0174009	0.106115	-3.15646
0	M30431BFF	0	1304011_SFF	15986	0.0151382	0.131177	-3.65728
0	M30431BFF	0	1306009_SFF	16323	0.0153771	0.138761	-3.8529
0	M30431BFF	0	1306011_SFF	16394	0.0171404	0.134744	-3.74564
0	M30431BFF	0	1306014_SFF	14982	0.0184889	0.107863	-3.31036
0	M30431BFF	0	1306015_BFF	16260	0.0156827	0.117466	-3.6105
0	M30431BFF	0	1307003_SFF	16368	0.0139296	0.135386	-3.76004
0	M30431BFF	0	1307004_SFF	16164	0.0140436	0.134558	-3.83264
0	M30431BFF	0	1611011_BFF	16435	0.0147247	0.120414	-3.66555
0	M30431BFF	0	1409002_SFF	15597	0.0135282	0.132846	-3.76427
0	M30431BFF	0	1409007_SFF	15955	0.015105	0.131683	-3.69601
0	M30431BFF	0	1409008_SFF	16233	0.0133062	0.134726	-3.76637
0	M30431BFF	0	1409009_SFF	15757	0.0146602	0.132513	-3.69797
0	M30431BFF	0	1409012_SFF	15334	0.0148037	0.128668	-3.6259
0	M30431BFF	0	1409013_SFF	15637	0.0143889	0.130268	-3.65463
0	M30431BFF	0	1409026_SFF	12046	0.0159389	0.114727	-3.28508
0	M30431BFF	0	1409027_SFF	14859	0.0137964	0.127263	-3.55584
0	M30431BFF	0	1409030_SFF	15700	0.016051	0.127771	-3.58032
0	M30431BFF	0	1409031_SFF	15141	0.0159831	0.129846	-3.64586
0	M30431BFF	0	1409032_SFF	16054	0.0142644	0.132677	-3.76141
0	M30431BFF	0	1410001_SFF	14683	0.0151876	0.128448	-3.5364
0	M30431BFF	0	1410002_SFF	15271	0.0159125	0.124681	-3.51068
0	M30431BFF	0	1412001_BFF	16428	0.0164354	0.116387	-3.54913
0	M30431BFF	0	1412006_BFF	16206	0.0162286	0.118845	-3.61719
0	M30431BFF	0	1412010_BFF	14759	0.0169388	0.107121	-3.3997
0	M30431BFF	0	1412014_BFF	14874	0.0164717	0.109117	-3.53971
0	M30431BFF	0	1412024_BFF	15551	0.0173622	0.110411	-3.40141
0	M30431BFF	0	1510003_SFF	13191	0.0175877	0.120613	-3.42219
0	M30431BFF	0	1510004_SFF	16377	0.01496	0.129877	-3.72446
0	M30431BFF	0	1610001_BFF	16216	0.0168352	0.115072	-3.50371
0	M30431BFF	0	1610002_BFF	16258	0.0147005	0.117665	-3.61698
0	M30431BFF	0	1610012_BFF	16427	0.016132	0.116089	-3.54679
0	M30431BFF	0	1610013_BFF	15748	0.015875	0.111697	-3.45483
0	M30431BFF	0	1610015_BFF	16356	0.0165077	0.114025	-3.52297
0	M30431BFF	0	1610016_BFF	16525	0.0142814	0.11879	-3.60948
0	M30431BFF	0	1610017_BFF	16538	0.0146934	0.118999	-3.61318
0	M30431BFF	0	1409001_SFF	16119	0.0158819	0.132825	-3.75825
0	M30431BFF	0	1611012_BFF	14828	0.0172646	0.110129	-3.36801
0	M30431BFF	0	1611013_BFF	11644	0.0169186	0.104002	-3.03704
0	M30431BFF	0	1611032_BFF	15989	0.0168866	0.113516	-3.58951
0	M30431BFF	0	1702005_BFF	15473	0.019841	0.0938409	-3.30587
0	M30431BFF	0	1702006_BFF	15523	0.0163628	0.107647	-3.41513
0	M30431BFF	0	1702007_BFF	15695	0.0178401	0.112711	-3.42857
0	M30431BFF	0	1702008_BFF	13056	0.0177696	0.102175	-3.19795
0	M30431BFF	0	1702009_BFF	16449	0.016536	0.118548	-3.61798
0	M30431BFF	0	1702012_BFF	12088	0.0188617	0.0954666	-3.13768
0	M30431BFF	0	1702013_BFF	16505	0.0163587	0.119479	-3.64686
0	M30431BFF	0	1702014_BFF	13176	0.0188221	0.0960838	-3.17085
0	M30431BFF	0	1702016_BFF	15220	0.0160972	0.110972	-3.42639
0	M30431BFF	0	1702017_BFF	14016	0.0187643	0.103525	-3.26124
0	M30431BFF	0	1702018_BFF	16534	0.0172977	0.117213	-3.5498
0	M30431BFF	0	1702019_BFF	15675	0.01563	0.111132	-3.4677
0	M30431BFF	0	1702020_BFF	16376	0.0158158	0.120481	-3.64098
0	M30431BFF	0	1702022_BFF	15823	0.016811	0.112368	-3.59459
0	M30431BFF	0	1702024_BFF	13225	0.0164839	0.106692	-3.30939
0	M30431BFF	0	1702026_BFF	16196	0.0164238	0.115955	-3.59187
0	M30431BFF	0	1702027_BFF	14906	0.0158326	0.108144	-3.49963
0	M30431BFF	0	1702028_BFF	12522	0.0183677	0.0940744	-3.16197
0	M30431BFF	0	1702029_BFF	15228	0.0191095	0.082217	-3.10667
0	M30431BFF	0	1702031_BFF	15581	0.0156601	0.115269	-3.49683
0	M30431BFF	0	DG02_BFF	16150	0.0170898	0.106563	-3.37722
0	M30431BFF	0	1703018_BFF	16490	0.0167981	0.112553	-3.47867
0	M30431BFF	0	1804002BFF	12571	0.0183756	0.0983215	-3.20104
0	M30431BFF	0	1804003BFF	15533	0.0174467	0.110925	-3.43557
0	M30431BFF	0	1804004BFF	15124	0.0168606	0.105263	-3.35269
0	M30431BFF	0	1804005BFF	15480	0.0167959	0.109173	-3.44124
0	M30431BFF	0	1804006BFF	15748	0.0151765	0.110363	-3.50319
0	M30431BFF	0	1804007BFF	15394	0.0169547	0.107769	-3.30748
0	M30431BFF	0	1804008BFF	15698	0.0174545	0.112435	-3.48601
0	M30431BFF	0	1804009BFF	15536	0.0153836	0.109552	-3.50576
0	M30431BFF	0	1804010BFF	15863	0.0163903	0.110257	-3.47257
0	M30431BFF	0	1804011BFF	14995	0.0166722	0.108636	-3.3301
0	M30431BFF	0	1804013BFF	13816	0.017154	0.105964	-3.31829
0	M30431BFF	0	1804014BFF	14340	0.0181311	0.104254	-3.15932
0	M30431BFF	0	1804015BFF	14883	0.0163945	0.106766	-3.36813
0	M30431BFF	0	1804016BFF	15679	0.0146055	0.112826	-3.49263
0	M30431BFF	0	1804017BFF	15500	0.0161935	0.107613	-3.37254
0	M30431BFF	0	1805001BFF	14558	0.0166232	0.103311	-3.3497
0	M30431BFF	0	1805002BFF	15512	0.018115	0.107143	-3.39321
0	M30431BFF	0	1805003BFF	13358	0.0169187	0.100464	-3.16426
0	M30431BFF	0	1815076BFF_GHFF	13876	0.0170799	0.101975	-3.22699
0	M30431BFF	0	1815092SFF	15655	0.0165442	0.13312	-3.74857
0	M30431BFF	0	1815093BFF_SFF	15227	0.0162869	0.105339	-3.39207
0	M30431BFF	0	1815094SFF	11239	0.0166385	0.110686	-3.15666
0	M30431BFF	0	1815095SFF	16237	0.0144731	0.131921	-3.67463
0	M30431BFF	0	1815096SFF	15077	0.0162499	0.127678	-3.54568
0	M30431BFF	0	2411005_SFF	15598	0.0149378	0.126362	-3.64265
0	M30431BFF	0	2411007_SFF	13384	0.0166617	0.124402	-3.47431
0	M30431BFF	0	2811016_SFF	10853	0.0190731	0.0923247	-3.01954
0	M30431BFF	0	2811017_SFF	15088	0.0147137	0.129971	-3.62229
0	M30431BFF	0	37685_SFF	16543	0.0131173	0.136795	-3.76222
0	M30431BFF	0	37686_SFF	16348	0.0149865	0.135674	-3.73531
0	M30431BFF	0	37687_SFF	16525	0.014826	0.14112	-3.84188
0	M30431BFF	0	37689_SFF	16541	0.0134817	0.138383	-3.80073
0	M30431BFF	0	37690_SFF	15952	0.0145436	0.13572	-3.76385
0	M30431BFF	0	37695_SFF	14529	0.0154174	0.130704	-3.50629
0	M30431BFF	0	37697_SFF	16292	0.0135036	0.137307	-3.79939
0	M30431BFF	0	37698_SFF	16068	0.0147498	0.13891	-3.81532
0	M30431BFF	0	37699_SFF	16050	0.0137072	0.134704	-3.80501
0	M30431BFF	0	37700_SFF	16558	0.0137698	0.141201	-3.86276
0	M30431BFF	0	37701_SFF	16468	0.014513	0.139422	-3.82875
0	M30431BFF	0	37702_SFF	16194	0.0148821	0.135976	-3.79241
0	M30431BFF	0	37703_SFF	16242	0.0137298	0.138099	-3.7652
0	M30431BFF	0	37704_SFF	16414	0.0147435	0.136286	-3.77507
0	M30431BFF	0	37705_SFF	16184	0.0142734	0.139706	-3.75337
0	M30431BFF	0	37706_SFF	16463	0.013667	0.14159	-3.88003
0	M30431BFF	0	37707_SFF	13879	0.0158513	0.121118	-3.42383
0	M30431BFF	0	37708_SFF	12380	0.0144588	0.12391	-3.47928
0	M30431BFF	0	37710_SFF	15893	0.014283	0.133707	-3.71888
0	M30431BFF	0	37717_SFF	16268	0.0156749	0.1388	-3.751
0	M30431BFF	0	37721_SFF	15081	0.0174392	0.0964127	-3.32677
0	M30431BFF	0	1412002_BFF	15675	0.0155662	0.0993301	-3.21599
0	M30431BFF	0	DG05_BFF	9932	0.0184253	0.0949456	-2.87552
0	M30431BFF	0	DG06_BFF	9299	0.0206474	0.0958168	-2.93819
0	M30431BFF	0	K17053010BFF	13165	0.0168629	0.103608	-3.14767
0	M30431BFF	0	K17053011BFF	14064	0.0161405	0.100896	-3.26328
0	M30431BFF	0	K1705302BFF	13704	0.0172942	0.10289	-3.23228
0	M30431BFF	0	K1705303BFF	12845	0.0186843	0.100117	-3.04309
0	M30431BFF	0	K1705304BFF	10501	0.0176174	0.0887535	-2.82212
0	M30431BFF	0	K1705305BFF	14354	0.0181134	0.10241	-3.21983
0	M30431BFF	0	K1705306BFF	14635	0.0172873	0.105501	-3.22529
0	M30431BFF	0	K1705307BFF	13070	0.0186687	0.0941852	-3.07243
0	M30431BFF	0	K1705308BFF	14714	0.0172625	0.104798	-3.35045
0	M30432BFF	0	1304001_SFF	14203	0.0147856	0.132507	-3.66794
0	M30432BFF	0	1304004_SFF	14591	0.0151463	0.133438	-3.66568
0	M30432BFF	0	1304006_SFF	14889	0.0153133	0.136275	-3.65454
0	M30432BFF	0	1304010_SFF	9176	0.0179817	0.106255	-2.94475
0	M30432BFF	0	1304011_SFF	14652	0.0149468	0.133224	-3.59562
0	M30432BFF	0	1306009_SFF	14962	0.0161743	0.140021	-3.81259
0	M30432BFF	0	1306011_SFF	15020	0.0155792	0.134021	-3.71948
0	M30432BFF	0	1306014_SFF	13790	0.0183466	0.108049	-3.3482
0	M30432BFF	0	1306015_BFF	14905	0.0169742	0.118685	-3.57138
0	M30432BFF	0	1307003_SFF	15001	0.0155323	0.137058	-3.67486
0	M30432BFF	0	1307004_SFF	14815	0.0149848	0.134728	-3.71083
0	M30432BFF	0	1611011_BFF	15057	0.0169356	0.121472	-3.5915
0	M30432BFF	0	1409002_SFF	14294	0.0148314	0.133972	-3.68389
0	M30432BFF	0	1409007_SFF	14625	0.0153162	0.132855	-3.59803
0	M30432BFF	0	1409008_SFF	14887	0.0133002	0.133607	-3.70117
0	M30432BFF	0	1409009_SFF	14423	0.0145601	0.131803	-3.57381
0	M30432BFF	0	1409012_SFF	14061	0.0163573	0.128796	-3.50613
0	M30432BFF	0	1409013_SFF	14330	0.013887	0.130844	-3.62973
0	M30432BFF	0	1409026_SFF	11048	0.0161115	0.115043	-3.21632
0	M30432BFF	0	1409027_SFF	13620	0.0136564	0.127827	-3.53076
0	M30432BFF	0	1409030_SFF	14384	0.0155729	0.128128	-3.50594
0	M30432BFF	0	1409031_SFF	13849	0.0166077	0.130912	-3.60725
0	M30432BFF	0	1409032_SFF	14701	0.0154411	0.135229	-3.64768
0	M30432BFF	0	1410001_SFF	13461	0.016715	0.128297	-3.47583
0	M30432BFF	0	1410002_SFF	14030	0.0166785	0.125232	-3.43712
0	M30432BFF	0	1412001_BFF	15054	0.017869	0.11678	-3.49676
0	M30432BFF	0	1412006_BFF	14851	0.019662	0.119655	-3.49892
0	M30432BFF	0	1412010_BFF	13530	0.0181079	0.106282	-3.3004
0	M30432BFF	0	1412014_BFF	13645	0.0177354	0.108465	-3.41106
0	M30432BFF	0	1412024_BFF	14258	0.0178146	0.110745	-3.3111
0	M30432BFF	0	1510003_SFF	12129	0.0170665	0.121362	-3.37566
0	M30432BFF	0	1510004_SFF	15018	0.0160474	0.131176	-3.62927
0	M30432BFF	0	1610001_BFF	14856	0.016559	0.114499	-3.51475
0	M30432BFF	0	1610002_BFF	14913	0.0148863	0.118085	-3.56735
0	M30432BFF	0	1610012_BFF	15057	0.0169356	0.115893	-3.44638
0	M30432BFF	0	1610013_BFF	14464	0.017146	0.112279	-3.35044
0	M30432BFF	0	1610015_BFF	15002	0.017531	0.114051	-3.44473
0	M30432BFF	0	1610016_BFF	15140	0.015852	0.119683	-3.57518
0	M30432BFF	0	1610017_BFF	15161	0.0182046	0.12176	-3.5724
0	M30432BFF	0	1409001_SFF	14781	0.0157635	0.133888	-3.65661
0	M30432BFF	0	1611012_BFF	13643	0.0196438	0.11046	-3.28052
0	M30432BFF	0	1611013_BFF	10725	0.0191142	0.105082	-3.00236
0	M30432BFF	0	1611032_BFF	14668	0.0177938	0.114058	-3.49296
0	M30432BFF	0	1702005_BFF	14189	0.0202269	0.0931003	-3.21526
0	M30432BFF	0	1702006_BFF	14238	0.0186122	0.108512	-3.36544
0	M30432BFF	0	1702007_BFF	14403	0.0179129	0.113796	-3.43881
0	M30432BFF	0	1702008_BFF	11999	0.0190849	0.102425	-3.18283
0	M30432BFF	0	1702009_BFF	15074	0.0174473	0.117752	-3.49538
0	M30432BFF	0	1702012_BFF	11084	0.0198484	0.0937387	-3.08121
0	M30432BFF	0	1702013_BFF	15121	0.0179221	0.121883	-3.58523
0	M30432BFF	0	1702014_BFF	12112	0.0204756	0.0975066	-3.16547
0	M30432BFF	0	1702016_BFF	13959	0.0181245	0.112472	-3.29694
0	M30432BFF	0	1702017_BFF	12853	0.0183615	0.103945	-3.27998
0	M30432BFF	0	1702018_BFF	15150	0.0176238	0.117558	-3.54185
0	M30432BFF	0	1702019_BFF	14355	0.0158133	0.111668	-3.46385
0	M30432BFF	0	1702020_BFF	15007	0.0167922	0.122476	-3.63953
0	M30432BFF	0	1702022_BFF	14509	0.018747	0.112413	-3.43535
0	M30432BFF	0	1702024_BFF	12148	0.0172868	0.107754	-3.38303
0	M30432BFF	0	1702026_BFF	14841	0.0173843	0.117849	-3.57916
0	M30432BFF	0	1702027_BFF	13700	0.0168613	0.108978	-3.50325
0	M30432BFF	0	1702028_BFF	11517	0.0184076	0.0961188	-3.19118
0	M30432BFF	0	1702029_BFF	13950	0.0206452	0.0805018	-3.042
0	M30432BFF	0	1702031_BFF	14302	0.0174102	0.115718	-3.41205
0	M30432BFF	0	DG02_BFF	14808	0.0180983	0.106969	-3.33994
0	M30432BFF	0	1703018_BFF	15117	0.0162069	0.112125	-3.40612
0	M30432BFF	0	1804002BFF	11641	0.0187269	0.097672	-3.2358
0	M30432BFF	0	1804003BFF	14292	0.0180521	0.111391	-3.34726
0	M30432BFF	0	1804004BFF	13915	0.018613	0.105138	-3.22048
0	M30432BFF	0	1804005BFF	14245	0.0176904	0.110004	-3.39847
0	M30432BFF	0	1804006BFF	14458	0.0171531	0.110942	-3.36107
0	M30432BFF	0	1804007BFF	14204	0.0181639	0.108772	-3.32857
0	M30432BFF	0	1804008BFF	14426	0.0185776	0.112436	-3.41405
0	M30432BFF	0	1804009BFF	14274	0.0188455	0.10999	-3.38702
0	M30432BFF	0	1804010BFF	14568	0.0172982	0.113399	-3.45772
0	M30432BFF	0	1804011BFF	13822	0.0188106	0.109318	-3.2645
0	M30432BFF	0	1804013BFF	12746	0.0167896	0.108034	-3.24706
0	M30432BFF	0	1804014BFF	13233	0.0189677	0.104738	-3.19663
0	M30432BFF	0	1804015BFF	13725	0.0185792	0.106885	-3.19376
0	M30432BFF	0	1804016BFF	14422	0.0169879	0.112051	-3.39126
0	M30432BFF	0	1804017BFF	14251	0.0182443	0.110168	-3.38561
0	M30432BFF	0	1805001BFF	13450	0.0172491	0.103792	-3.32415
0	M30432BFF	0	1805002BFF	14262	0.0176693	0.107979	-3.32351
0	M30432BFF	0	1805003BFF	12350	0.0180567	0.101134	-3.15103
0	M30432BFF	0	1815076BFF_GHFF	12830	0.0194076	0.103897	-3.19477
0	M30432BFF	0	1815092SFF	14393	0.0153547	0.13187	-3.63275
0	M30432BFF	0	1815093BFF_SFF	14023	0.0176139	0.105969	-3.32461
0	M30432BFF	0	1815094SFF	10459	0.0166364	0.109762	-3.105
0	M30432BFF	0	1815095SFF	14896	0.0134264	0.13225	-3.62068
0	M30432BFF	0	1815096SFF	13895	0.0163368	0.12796	-3.49002
0	M30432BFF	0	2411005_SFF	14319	0.0144563	0.125707	-3.52799
0	M30432BFF	0	2411007_SFF	12294	0.0162681	0.122743	-3.3299
0	M30432BFF	0	2811016_SFF	10024	0.0190543	0.0932761	-2.93225
0	M30432BFF	0	2811017_SFF	13847	0.0156713	0.129414	-3.54341
0	M30432BFF	0	37685_SFF	15169	0.0139759	0.137122	-3.66514
0	M30432BFF	0	37686_SFF	14984	0.0155499	0.136612	-3.66405
0	M30432BFF	0	37687_SFF	15151	0.0149165	0.141311	-3.76567
0	M30432BFF	0	37689_SFF	15170	0.0142386	0.139618	-3.72203
0	M30432BFF	0	37690_SFF	14616	0.0160099	0.137384	-3.74064
0	M30432BFF	0	37695_SFF	13346	0.0152105	0.13195	-3.464
0	M30432BFF	0	37697_SFF	14935	0.0141279	0.1384	-3.78001
0	M30432BFF	0	37698_SFF	14734	0.01466	0.138998	-3.77471
0	M30432BFF	0	37699_SFF	14709	0.0156367	0.136447	-3.70833
0	M30432BFF	0	37700_SFF	15181	0.0137672	0.141624	-3.81339
0	M30432BFF	0	37701_SFF	15098	0.0138429	0.138694	-3.74139
0	M30432BFF	0	37702_SFF	14839	0.0147584	0.13633	-3.73018
0	M30432BFF	0	37703_SFF	14915	0.014348	0.139658	-3.67454
0	M30432BFF	0	37704_SFF	15052	0.016144	0.138055	-3.71184
0	M30432BFF	0	37705_SFF	14830	0.0151045	0.140054	-3.7434
0	M30432BFF	0	37706_SFF	15098	0.0135117	0.143463	-3.84712
0	M30432BFF	0	37707_SFF	12770	0.0176977	0.124745	-3.3682
0	M30432BFF	0	37708_SFF	11447	0.015812	0.125797	-3.49953
0	M30432BFF	0	37710_SFF	14579	0.0148844	0.133411	-3.62758
0	M30432BFF	0	37717_SFF	14928	0.0155413	0.139603	-3.71588
0	M30432BFF	0	37721_SFF	13837	0.0180675	0.096625	-3.25247
0	M30432BFF	0	1412002_BFF	14378	0.0180832	0.102309	-3.23068
0	M30432BFF	0	DG05_BFF	9155	0.0202075	0.0956854	-2.88995
0	M30432BFF	0	DG06_BFF	8476	0.0204106	0.0948561	-2.9193
0	M30432BFF	0	K17053010BFF	12195	0.0200902	0.102665	-3.01094
0	M30432BFF	0	K17053011BFF	12998	0.0178489	0.101246	-3.15692
0	M30432BFF	0	K1705302BFF	12692	0.0185156	0.105106	-3.26278
0	M30432BFF	0	K1705303BFF	11883	0.019692	0.0996381	-3.00436
0	M30432BFF	0	K1705304BFF	9791	0.0213461	0.0919212	-2.90638
0	M30432BFF	0	K1705305BFF	13271	0.0177078	0.10376	-3.12128
0	M30432BFF	0	K1705306BFF	13508	0.0186556	0.105937	-3.1413
0	M30432BFF	0	K1705307BFF	12082	0.0196987	0.0946863	-3.04012
0	M30432BFF	0	K1705308BFF	13566	0.0178387	0.103568	-3.25797
0	M30432BFF	0	M30431BFF	14839	0.018667	0.00491947	0.0903101
0	M30434BFF	0	1304001_SFF	15582	0.0146964	0.132075	-3.80383
0	M30434BFF	0	1304004_SFF	16002	0.0141232	0.134796	-3.84362
0	M30434BFF	0	1304006_SFF	16332	0.0152461	0.134766	-3.76327
0	M30434BFF	0	1304010_SFF	9980	0.0173347	0.104108	-3.05942
0	M30434BFF	0	1304011_SFF	16077	0.0150526	0.13255	-3.71522
0	M30434BFF	0	1306009_SFF	16419	0.0150435	0.13862	-3.94444
0	M30434BFF	0	1306011_SFF	16483	0.0151065	0.133896	-3.84781
0	M30434BFF	0	1306014_SFF	15058	0.0182627	0.108912	-3.42982
0	M30434BFF	0	1306015_BFF	16349	0.0152303	0.118295	-3.70159
0	M30434BFF	0	1307003_SFF	16454	0.0140391	0.135347	-3.84809
0	M30434BFF	0	1307004_SFF	16263	0.0139581	0.133186	-3.82424
0	M30434BFF	0	1611011_BFF	16521	0.0157375	0.120695	-3.73735
0	M30434BFF	0	1409002_SFF	15670	0.014231	0.132865	-3.86354
0	M30434BFF	0	1409007_SFF	16033	0.0144078	0.130356	-3.72888
0	M30434BFF	0	1409008_SFF	16311	0.0133652	0.134265	-3.84514
0	M30434BFF	0	1409009_SFF	15852	0.01432	0.132917	-3.78789
0	M30434BFF	0	1409012_SFF	15413	0.0146629	0.128723	-3.6709
0	M30434BFF	0	1409013_SFF	15727	0.0145609	0.130667	-3.72837
0	M30434BFF	0	1409026_SFF	12109	0.0157734	0.114543	-3.44686
0	M30434BFF	0	1409027_SFF	14929	0.0147364	0.127001	-3.64888
0	M30434BFF	0	1409030_SFF	15784	0.0145084	0.126584	-3.6412
0	M30434BFF	0	1409031_SFF	15222	0.0152411	0.129221	-3.79229
0	M30434BFF	0	1409032_SFF	16143	0.0148052	0.133804	-3.83565
0	M30434BFF	0	1410001_SFF	14752	0.0146421	0.127847	-3.58321
0	M30434BFF	0	1410002_SFF	15357	0.0148466	0.123136	-3.57009
0	M30434BFF	0	1412001_BFF	16513	0.0158663	0.117241	-3.65061
0	M30434BFF	0	1412006_BFF	16294	0.0166933	0.11716	-3.6238
0	M30434BFF	0	1412010_BFF	14846	0.0173784	0.10784	-3.37006
0	M30434BFF	0	1412014_BFF	14965	0.0165052	0.108988	-3.50671
0	M30434BFF	0	1412024_BFF	15621	0.0165802	0.110556	-3.54022
0	M30434BFF	0	1510003_SFF	13270	0.0166541	0.119442	-3.43988
0	M30434BFF	0	1510004_SFF	16469	0.0151193	0.12988	-3.77165
0	M30434BFF	0	1610001_BFF	16303	0.016316	0.116052	-3.61813
0	M30434BFF	0	1610002_BFF	16349	0.0144351	0.118968	-3.73924
0	M30434BFF	0	1610012_BFF	16515	0.0159855	0.1165	-3.60262
0	M30434BFF	0	1610013_BFF	15848	0.0167214	0.113327	-3.52993
0	M30434BFF	0	1610015_BFF	16440	0.0160584	0.11545	-3.61441
0	M30434BFF	0	1610016_BFF	16611	0.0141473	0.117994	-3.69857
0	M30434BFF	0	1610017_BFF	16628	0.0164782	0.120219	-3.67977
0	M30434BFF	0	1409001_SFF	16206	0.0146859	0.131371	-3.77103
0	M30434BFF	0	1611012_BFF	14913	0.0178368	0.110373	-3.41593
0	M30434BFF	0	1611013_BFF	11728	0.0170532	0.104877	-3.20338
0	M30434BFF	0	1611032_BFF	16065	0.0170557	0.113725	-3.57663
0	M30434BFF	0	1702005_BFF	15547	0.0183958	0.0926224	-3.36693
0	M30434BFF	0	1702006_BFF	15600	0.0170513	0.107949	-3.46306
0	M30434BFF	0	1702007_BFF	15789	0.0155171	0.11261	-3.60064
0	M30434BFF	0	1702008_BFF	13153	0.0172584	0.101422	-3.21803
0	M30434BFF	0	1702009_BFF	16534	0.0161485	0.117213	-3.6371
0	M30434BFF	0	1702012_BFF	12144	0.0177866	0.0952734	-3.21731
0	M30434BFF	0	1702013_BFF	16592	0.0160318	0.119998	-3.74695
0	M30434BFF	0	1702014_BFF	13258	0.0181023	0.0963946	-3.24703
0	M30434BFF	0	1702016_BFF	15296	0.0158865	0.111729	-3.48104
0	M30434BFF	0	1702017_BFF	14096	0.0180902	0.104143	-3.27885
0	M30434BFF	0	1702018_BFF	16623	0.0161824	0.116766	-3.63023
0	M30434BFF	0	1702019_BFF	15748	0.0150495	0.111633	-3.57536
0	M30434BFF	0	1702020_BFF	16457	0.0156772	0.119159	-3.67916
0	M30434BFF	0	1702022_BFF	15906	0.0157173	0.11197	-3.61522
0	M30434BFF	0	1702024_BFF	13279	0.0165675	0.106333	-3.439
0	M30434BFF	0	1702026_BFF	16279	0.0162786	0.114995	-3.62276
0	M30434BFF	0	1702027_BFF	14978	0.0168247	0.108693	-3.546
0	M30434BFF	0	1702028_BFF	12602	0.0175369	0.0955404	-3.29623
0	M30434BFF	0	1702029_BFF	15319	0.0186043	0.0811411	-3.21412
0	M30434BFF	0	1702031_BFF	15671	0.0144215	0.114989	-3.5578
0	M30434BFF	0	DG02_BFF	16254	0.0171035	0.10785	-3.45868
0	M30434BFF	0	1703018_BFF	16574	0.0168336	0.111681	-3.52939
0	M30434BFF	0	1804002BFF	12636	0.017648	0.099082	-3.17802
0	M30434BFF	0	1804003BFF	15623	0.0181143	0.110414	-3.41946
0	M30434BFF	0	1804004BFF	15204	0.0159826	0.104249	-3.37701
0	M30434BFF	0	1804005BFF	15555	0.0167149	0.110061	-3.52637
0	M30434BFF	0	1804006BFF	15813	0.0155568	0.111491	-3.58034
0	M30434BFF	0	1804007BFF	15473	0.0166096	0.108318	-3.44936
0	M30434BFF	0	1804008BFF	15793	0.0167163	0.111632	-3.5063
0	M30434BFF	0	1804009BFF	15623	0.015874	0.109518	-3.53003
0	M30434BFF	0	1804010BFF	15924	0.016516	0.110776	-3.50976
0	M30434BFF	0	1804011BFF	15078	0.0165804	0.109166	-3.44163
0	M30434BFF	0	1804013BFF	13890	0.0168467	0.106479	-3.35777
0	M30434BFF	0	1804014BFF	14390	0.0176511	0.104587	-3.32569
0	M30434BFF	0	1804015BFF	14976	0.0171608	0.107372	-3.35301
0	M30434BFF	0	1804016BFF	15750	0.0149841	0.113397	-3.59348
0	M30434BFF	0	1804017BFF	15589	0.0159728	0.107897	-3.45929
0	M30434BFF	0	1805001BFF	14625	0.0175726	0.104	-3.32985
0	M30434BFF	0	1805002BFF	15598	0.0161559	0.107514	-3.51551
0	M30434BFF	0	1805003BFF	13420	0.0172876	0.101043	-3.36869
0	M30434BFF	0	1815076BFF_GHFF	13937	0.0178661	0.102892	-3.29456
0	M30434BFF	0	1815092SFF	15731	0.0148751	0.130824	-3.71378
0	M30434BFF	0	1815093BFF_SFF	15306	0.0161375	0.106429	-3.46307
0	M30434BFF	0	1815094SFF	11281	0.0158674	0.110185	-3.22571
0	M30434BFF	0	1815095SFF	16330	0.0133497	0.131292	-3.74454
0	M30434BFF	0	1815096SFF	15147	0.0151185	0.126626	-3.56782
0	M30434BFF	0	2411005_SFF	15681	0.0147312	0.125821	-3.70876
0	M30434BFF	0	2411007_SFF	13462	0.015748	0.123904	-3.57333
0	M30434BFF	0	2811016_SFF	10925	0.0186728	0.09373	-3.06713
0	M30434BFF	0	2811017_SFF	15157	0.0142508	0.128521	-3.66777
0	M30434BFF	0	37685_SFF	16636	0.0132243	0.136271	-3.81041
0	M30434BFF	0	37686_SFF	16436	0.0141762	0.135982	-3.84307
0	M30434BFF	0	37687_SFF	16613	0.0131824	0.139951	-3.9152
0	M30434BFF	0	37689_SFF	16634	0.0126849	0.138031	-3.89084
0	M30434BFF	0	37690_SFF	16029	0.014349	0.136191	-3.90576
0	M30434BFF	0	37695_SFF	14591	0.0141868	0.13056	-3.58183
0	M30434BFF	0	37697_SFF	16387	0.0135473	0.138463	-3.96762
0	M30434BFF	0	37698_SFF	16151	0.0131261	0.137762	-3.85468
0	M30434BFF	0	37699_SFF	16128	0.0145089	0.134611	-3.85724
0	M30434BFF	0	37700_SFF	16642	0.0143012	0.14169	-3.95128
0	M30434BFF	0	37701_SFF	16561	0.0135861	0.138096	-3.86976
0	M30434BFF	0	37702_SFF	16280	0.0136978	0.135504	-3.85942
0	M30434BFF	0	37703_SFF	16333	0.0137758	0.138431	-3.83015
0	M30434BFF	0	37704_SFF	16500	0.0148485	0.136364	-3.86413
0	M30434BFF	0	37705_SFF	16263	0.0138351	0.138597	-3.82761
0	M30434BFF	0	37706_SFF	16548	0.0128716	0.141528	-3.99316
0	M30434BFF	0	37707_SFF	13950	0.0155556	0.122437	-3.48119
0	M30434BFF	0	37708_SFF	12448	0.0150225	0.124759	-3.63022
0	M30434BFF	0	37710_SFF	15988	0.0147611	0.13335	-3.75731
0	M30434BFF	0	37717_SFF	16349	0.0134565	0.137562	-3.86525
0	M30434BFF	0	37721_SFF	15159	0.0169536	0.0956527	-3.27774
0	M30434BFF	0	1412002_BFF	15760	0.016434	0.100952	-3.32846
0	M30434BFF	0	DG05_BFF	9969	0.0190591	0.095797	-2.96835
0	M30434BFF	0	DG06_BFF	9343	0.0191587	0.0948304	-3.02658
0	M30434BFF	0	K17053010BFF	13250	0.0178113	0.104377	-3.23656
0	M30434BFF	0	K17053011BFF	14132	0.0172658	0.101684	-3.27535
0	M30434BFF	0	K1705302BFF	13780	0.0166183	0.102612	-3.24568
0	M30434BFF	0	K1705303BFF	12920	0.0170279	0.10031	-3.1675
0	M30434BFF	0	K1705304BFF	10574	0.0200492	0.089843	-2.87919
0	M30434BFF	0	K1705305BFF	14419	0.0165754	0.101949	-3.20052
0	M30434BFF	0	K1705306BFF	14707	0.0174747	0.106412	-3.29123
0	M30434BFF	0	K1705307BFF	13118	0.017152	0.0933831	-3.20876
0	M30434BFF	0	K1705308BFF	14787	0.0177859	0.103469	-3.42358
0	M30434BFF	0	M30431BFF	16179	0.0183571	0.00599543	0.0657328
0	M30434BFF	0	M30432BFF	14889	0.0188058	0.00631339	0.0562992
0	M30435BFF	0	1304001_SFF	16083	0.0471927	0.10365	-0.411747
0	M30435BFF	0	1304004_SFF	16517	0.0482533	0.104317	-0.407794
0	M30435BFF	0	1304006_SFF	16868	0.0428622	0.109675	-0.44333
0	M30435BFF	0	1304010_SFF	10327	0.0528711	0.0823085	-0.312381
0	M30435BFF	0	1304011_SFF	16610	0.0461168	0.104877	-0.414925
0	M30435BFF	0	1306009_SFF	16944	0.0474504	0.1106	-0.442468
0	M30435BFF	0	1306011_SFF	17026	0.0466346	0.107776	-0.430014
0	M30435BFF	0	1306014_SFF	15569	0.0644229	0.0766266	-0.293516
0	M30435BFF	0	1306015_BFF	16875	0.0660741	0.0762074	-0.274165
0	M30435BFF	0	1307003_SFF	17003	0.0478739	0.107216	-0.42316
0	M30435BFF	0	1307004_SFF	16786	0.0471822	0.107411	-0.425523
0	M30435BFF	0	1611011_BFF	17069	0.0653817	0.0761029	-0.276335
0	M30435BFF	0	1409002_SFF	16192	0.0447134	0.104928	-0.419538
0	M30435BFF	0	1409007_SFF	16568	0.044423	0.107014	-0.434587
0	M30435BFF	0	1409008_SFF	16855	0.0447345	0.107268	-0.426732
0	M30435BFF	0	1409009_SFF	16363	0.0454684	0.105237	-0.414309
0	M30435BFF	0	1409012_SFF	15905	0.0454574	0.103678	-0.41078
0	M30435BFF	0	1409013_SFF	16244	0.0463556	0.102007	-0.405354
0	M30435BFF	0	1409026_SFF	12532	0.0505107	0.0895308	-0.365477
0	M30435BFF	0	1409027_SFF	15434	0.0463263	0.101076	-0.391243
0	M30435BFF	0	1409030_SFF	16304	0.0453876	0.103778	-0.418996
0	M30435BFF	0	1409031_SFF	15743	0.0480849	0.105126	-0.419212
0	M30435BFF	0	1409032_SFF	16664	0.0465074	0.107417	-0.426264
0	M30435BFF	0	1410001_SFF	15246	0.0467664	0.101338	-0.401033
0	M30435BFF	0	1410002_SFF	15885	0.0494806	0.0995279	-0.387979
0	M30435BFF	0	1412001_BFF	17055	0.0693638	0.0766344	-0.271377
0	M30435BFF	0	1412006_BFF	16832	0.069154	0.0762833	-0.269454
0	M30435BFF	0	1412010_BFF	15332	0.0706366	0.0690712	-0.245844
0	M30435BFF	0	1412014_BFF	15449	0.0717199	0.069066	-0.239488
0	M30435BFF	0	1412024_BFF	16137	0.0676706	0.0713268	-0.250685
0	M30435BFF	0	1510003_SFF	13721	0.0472269	0.0954741	-0.378047
0	M30435BFF	0	1510004_SFF	17002	0.0463475	0.104752	-0.43584
0	M30435BFF	0	1610001_BFF	16844	0.0733792	0.0666706	-0.21331
0	M30435BFF	0	1610002_BFF	16883	0.0698928	0.0672274	-0.22189
0	M30435BFF	0	1610012_BFF	17060	0.0709848	0.06483	-0.210689
0	M30435BFF	0	1610013_BFF	16373	0.0727417	0.0632138	-0.19516
0	M30435BFF	0	1610015_BFF	16979	0.0731492	0.0659049	-0.21015
0	M30435BFF	0	1610016_BFF	17156	0.0687806	0.06744	-0.221897
0	M30435BFF	0	1610017_BFF	17184	0.0699488	0.0689013	-0.227079
0	M30435BFF	0	1409001_SFF	16747	0.0465755	0.106586	-0.427147
0	M30435BFF	0	1611012_BFF	15407	0.0667229	0.0697735	-0.241994
0	M30435BFF	0	1611013_BFF	12115	0.0685101	0.0637227	-0.205002
0	M30435BFF	0	1611032_BFF	16590	0.0676311	0.0730561	-0.266617
0	M30435BFF	0	1702005_BFF	16066	0.0800448	0.0620565	-0.238605
0	M30435BFF	0	1702006_BFF	16124	0.0701439	0.0687795	-0.239897
0	M30435BFF	0	1702007_BFF	16318	0.0666748	0.0702292	-0.253016
0	M30435BFF	0	1702008_BFF	13579	0.0720966	0.0634067	-0.213166
0	M30435BFF	0	1702009_BFF	17079	0.068271	0.0738334	-0.267652
0	M30435BFF	0	1702012_BFF	12551	0.0701936	0.0591985	-0.206243
0	M30435BFF	0	1702013_BFF	17138	0.0669856	0.0741043	-0.267032
0	M30435BFF	0	1702014_BFF	13680	0.0739035	0.0635234	-0.21238
0	M30435BFF	0	1702016_BFF	15799	0.0683588	0.0716501	-0.257191
0	M30435BFF	0	1702017_BFF	14564	0.070997	0.0674265	-0.239675
0	M30435BFF	0	1702018_BFF	17172	0.0646401	0.0782669	-0.288807
0	M30435BFF	0	1702019_BFF	16284	0.0689634	0.0728936	-0.259262
0	M30435BFF	0	1702020_BFF	16995	0.0641954	0.0777287	-0.283986
0	M30435BFF	0	1702022_BFF	16438	0.0694123	0.070994	-0.257333
0	M30435BFF	0	1702024_BFF	13733	0.0664822	0.0682298	-0.229626
0	M30435BFF	0	1702026_BFF	16816	0.0695766	0.0748097	-0.26817
0	M30435BFF	0	1702027_BFF	15476	0.0726286	0.0684285	-0.241539
0	M30435BFF	0	1702028_BFF	13007	0.074729	0.0631199	-0.218065
0	M30435BFF	0	1702029_BFF	15814	0.0798659	0.0599469	-0.233459
0	M30435BFF	0	1702031_BFF	16203	0.072394	0.0629513	-0.194478
0	M30435BFF	0	DG02_BFF	16785	0.0695264	0.0710754	-0.250291
0	M30435BFF	0	1703018_BFF	17120	0.0703271	0.0643107	-0.211737
0	M30435BFF	0	1804002BFF	13018	0.0739745	0.0599939	-0.199512
0	M30435BFF	0	1804003BFF	16126	0.0714374	0.0669106	-0.231605
0	M30435BFF	0	1804004BFF	15701	0.0691039	0.0669384	-0.232326
0	M30435BFF	0	1804005BFF	16034	0.0699763	0.0717226	-0.254123
0	M30435BFF	0	1804006BFF	16334	0.067283	0.0695482	-0.244824
0	M30435BFF	0	1804007BFF	15987	0.0699318	0.06768	-0.240497
0	M30435BFF	0	1804008BFF	16313	0.0693312	0.0682891	-0.238725
0	M30435BFF	0	1804009BFF	16131	0.0699895	0.0683157	-0.231227
0	M30435BFF	0	1804010BFF	16446	0.0679801	0.0722364	-0.265363
0	M30435BFF	0	1804011BFF	15570	0.073282	0.0644188	-0.207428
0	M30435BFF	0	1804013BFF	14324	0.072745	0.0591315	-0.172696
0	M30435BFF	0	1804014BFF	14868	0.0716303	0.0597256	-0.194463
0	M30435BFF	0	1804015BFF	15458	0.0723897	0.0628154	-0.198938
0	M30435BFF	0	1804016BFF	16278	0.0709547	0.0659786	-0.216324
0	M30435BFF	0	1804017BFF	16097	0.072001	0.060943	-0.197777
0	M30435BFF	0	1805001BFF	15096	0.0722708	0.063858	-0.220531
0	M30435BFF	0	1805002BFF	16119	0.0705379	0.0679943	-0.237311
0	M30435BFF	0	1805003BFF	13853	0.0707428	0.0610698	-0.206391
0	M30435BFF	0	1815076BFF_GHFF	14393	0.0708678	0.0622525	-0.20211
0	M30435BFF	0	1815092SFF	16241	0.04581	0.104858	-0.405617
0	M30435BFF	0	1815093BFF_SFF	15786	0.0655011	0.0693653	-0.248524
0	M30435BFF	0	1815094SFF	11635	0.0525999	0.0855178	-0.325932
0	M30435BFF	0	1815095SFF	16847	0.0465365	0.10625	-0.421934
0	M30435BFF	0	1815096SFF	15624	0.0476831	0.101575	-0.397288
0	M30435BFF	0	2411005_SFF	16216	0.0503823	0.102368	-0.394894
0	M30435BFF	0	2411007_SFF	13911	0.0473007	0.0976925	-0.376532
0	M30435BFF	0	2811016_SFF	11271	0.0628161	0.0736403	-0.285013
0	M30435BFF	0	2811017_SFF	15656	0.0465636	0.102133	-0.400437
0	M30435BFF	0	37685_SFF	17178	0.0428455	0.11439	-0.463555
0	M30435BFF	0	37686_SFF	16974	0.0457759	0.110993	-0.443648
0	M30435BFF	0	37687_SFF	17143	0.0446246	0.116957	-0.468571
0	M30435BFF	0	37689_SFF	17180	0.0430151	0.113679	-0.458274
0	M30435BFF	0	37690_SFF	16556	0.0446968	0.113312	-0.45472
0	M30435BFF	0	37695_SFF	15086	0.0423572	0.107716	-0.4244
0	M30435BFF	0	37697_SFF	16906	0.0433574	0.111499	-0.445567
0	M30435BFF	0	37698_SFF	16680	0.043765	0.108393	-0.429373
0	M30435BFF	0	37699_SFF	16668	0.0461963	0.109731	-0.435652
0	M30435BFF	0	37700_SFF	17189	0.0445634	0.116819	-0.47356
0	M30435BFF	0	37701_SFF	17102	0.0431528	0.112969	-0.453961
0	M30435BFF	0	37702_SFF	16815	0.0425216	0.109723	-0.441773
0	M30435BFF	0	37703_SFF	16864	0.0425166	0.111658	-0.440676
0	M30435BFF	0	37704_SFF	17040	0.0464202	0.111854	-0.447579
0	M30435BFF	0	37705_SFF	16795	0.040905	0.114558	-0.465816
0	M30435BFF	0	37706_SFF	17094	0.0432315	0.112613	-0.44947
0	M30435BFF	0	37707_SFF	14401	0.0489549	0.100687	-0.398259
0	M30435BFF	0	37708_SFF	12854	0.0465225	0.0978684	-0.36427
0	M30435BFF	0	37710_SFF	16499	0.0453967	0.108431	-0.430724
0	M30435BFF	0	37717_SFF	16896	0.0444484	0.11334	-0.455946
0	M30435BFF	0	37721_SFF	15658	0.0548601	0.0881339	-0.376778
0	M30435BFF	0	1412002_BFF	16284	0.0679808	0.0703144	-0.249326
0	M30435BFF	0	DG05_BFF	10336	0.0684017	0.0619195	-0.221886
0	M30435BFF	0	DG06_BFF	9687	0.0742232	0.0578094	-0.188475
0	M30435BFF	0	K17053010BFF	13679	0.0740551	0.0571679	-0.171551
0	M30435BFF	0	K17053011BFF	14577	0.0742951	0.056939	-0.178306
0	M30435BFF	0	K1705302BFF	14235	0.0766421	0.056902	-0.168132
0	M30435BFF	0	K1705303BFF	13352	0.0754943	0.0566956	-0.171852
0	M30435BFF	0	K1705304BFF	10905	0.0768455	0.0522696	-0.164915
0	M30435BFF	0	K1705305BFF	14890	0.0755541	0.0575554	-0.174942
0	M30435BFF	0	K1705306BFF	15206	0.0708273	0.0611601	-0.192857
0	M30435BFF	0	K1705307BFF	13543	0.0766448	0.0549361	-0.165523
0	M30435BFF	0	K1705308BFF	15306	0.0743499	0.0597151	-0.185317
0	M30435BFF	0	M30431BFF	16342	0.0150532	0.143801	-3.85623
0	M30435BFF	0	M30432BFF	14998	0.0142686	0.145153	-3.82891
0	M30435BFF	0	M30434BFF	16421	0.0129712	0.142622	-3.96468
0	M30436BFF	0	1304001_SFF	15576	0.0459682	0.101759	-0.389186
0	M30436BFF	0	1304004_SFF	15994	0.0449544	0.104227	-0.402508
0	M30436BFF	0	1304006_SFF	16327	0.043425	0.107736	-0.41877
0	M30436BFF	0	1304010_SFF	10033	0.0542211	0.0796372	-0.275362
0	M30436BFF	0	1304011_SFF	16081	0.0432809	0.102668	-0.397369
0	M30436BFF	0	1306009_SFF	16393	0.0461782	0.105655	-0.411498
0	M30436BFF	0	1306011_SFF	16472	0.0472924	0.105816	-0.408021
0	M30436BFF	0	1306014_SFF	15086	0.0648283	0.0758319	-0.281616
0	M30436BFF	0	1306015_BFF	16348	0.0668583	0.0722413	-0.241564
0	M30436BFF	0	1307003_SFF	16448	0.0438351	0.104268	-0.40412
0	M30436BFF	0	1307004_SFF	16235	0.0486603	0.102926	-0.387643
0	M30436BFF	0	1611011_BFF	16507	0.065245	0.0728176	-0.248622
0	M30436BFF	0	1409002_SFF	15665	0.044941	0.102394	-0.391067
0	M30436BFF	0	1409007_SFF	16033	0.0467785	0.106156	-0.413332
0	M30436BFF	0	1409008_SFF	16295	0.0453513	0.104879	-0.399134
0	M30436BFF	0	1409009_SFF	15826	0.046253	0.102679	-0.389973
0	M30436BFF	0	1409012_SFF	15394	0.0460569	0.102637	-0.391755
0	M30436BFF	0	1409013_SFF	15717	0.046701	0.099701	-0.372518
0	M30436BFF	0	1409026_SFF	12116	0.0504292	0.0855068	-0.322209
0	M30436BFF	0	1409027_SFF	14930	0.0463496	0.100536	-0.382166
0	M30436BFF	0	1409030_SFF	15772	0.0473624	0.101446	-0.387754
0	M30436BFF	0	1409031_SFF	15218	0.047181	0.101787	-0.386988
0	M30436BFF	0	1409032_SFF	16125	0.0462636	0.104372	-0.399867
0	M30436BFF	0	1410001_SFF	14749	0.0465116	0.0970913	-0.360081
0	M30436BFF	0	1410002_SFF	15347	0.0495211	0.0989118	-0.377345
0	M30436BFF	0	1412001_BFF	16503	0.0678664	0.0738654	-0.252619
0	M30436BFF	0	1412006_BFF	16293	0.0711962	0.0734671	-0.241189
0	M30436BFF	0	1412010_BFF	14839	0.0698834	0.0664465	-0.22116
0	M30436BFF	0	1412014_BFF	14979	0.0716336	0.0654917	-0.212017
0	M30436BFF	0	1412024_BFF	15627	0.0685992	0.0676393	-0.221974
0	M30436BFF	0	1510003_SFF	13285	0.0481746	0.0934889	-0.356456
0	M30436BFF	0	1510004_SFF	16462	0.0482323	0.101932	-0.405376
0	M30436BFF	0	1610001_BFF	16306	0.0701582	0.0641482	-0.197651
0	M30436BFF	0	1610002_BFF	16350	0.0688685	0.0628746	-0.187299
0	M30436BFF	0	1610012_BFF	16515	0.0722979	0.0630336	-0.187101
0	M30436BFF	0	1610013_BFF	15878	0.0717345	0.0619725	-0.183656
0	M30436BFF	0	1610015_BFF	16442	0.0714633	0.0659895	-0.201982
0	M30436BFF	0	1610016_BFF	16601	0.0710198	0.0639118	-0.188621
0	M30436BFF	0	1610017_BFF	16622	0.0702082	0.0657562	-0.199482
0	M30436BFF	0	1409001_SFF	16185	0.0475131	0.104974	-0.405411
0	M30436BFF	0	1611012_BFF	14950	0.0650167	0.0664214	-0.22416
0	M30436BFF	0	1611013_BFF	11756	0.0685607	0.0619258	-0.191424
0	M30436BFF	0	1611032_BFF	16067	0.0698326	0.0708906	-0.237288
0	M30436BFF	0	1702005_BFF	15536	0.0795572	0.0589598	-0.216907
0	M30436BFF	0	1702006_BFF	15605	0.069529	0.0638898	-0.206193
0	M30436BFF	0	1702007_BFF	15794	0.0663543	0.0645182	-0.213374
0	M30436BFF	0	1702008_BFF	13170	0.0725892	0.0606682	-0.187682
0	M30436BFF	0	1702009_BFF	16527	0.0677679	0.0733345	-0.253265
0	M30436BFF	0	1702012_BFF	12171	0.0718922	0.0602251	-0.196904
0	M30436BFF	0	1702013_BFF	16581	0.0691756	0.0719498	-0.241476
0	M30436BFF	0	1702014_BFF	13245	0.0688562	0.0581351	-0.18219
0	M30436BFF	0	1702016_BFF	15301	0.0684269	0.0684923	-0.231389
0	M30436BFF	0	1702017_BFF	14099	0.0719909	0.0650401	-0.2098
0	M30436BFF	0	1702018_BFF	16620	0.0666065	0.0755716	-0.262666
0	M30436BFF	0	1702019_BFF	15768	0.0688102	0.0699518	-0.234299
0	M30436BFF	0	1702020_BFF	16454	0.0664276	0.0746323	-0.253062
0	M30436BFF	0	1702022_BFF	15920	0.0714824	0.069598	-0.234186
0	M30436BFF	0	1702024_BFF	13317	0.0672073	0.0646542	-0.208942
0	M30436BFF	0	1702026_BFF	16272	0.0678466	0.0722099	-0.250296
0	M30436BFF	0	1702027_BFF	14977	0.0731789	0.0640983	-0.2084
0	M30436BFF	0	1702028_BFF	12585	0.0698451	0.0594358	-0.202303
0	M30436BFF	0	1702029_BFF	15308	0.0801542	0.056833	-0.202321
0	M30436BFF	0	1702031_BFF	15684	0.0715379	0.0619102	-0.183318
0	M30436BFF	0	DG02_BFF	16232	0.0691843	0.0683834	-0.22974
0	M30436BFF	0	1703018_BFF	16568	0.0719459	0.0627113	-0.190224
0	M30436BFF	0	1804002BFF	12671	0.0719754	0.0559545	-0.17307
0	M30436BFF	0	1804003BFF	15626	0.0709075	0.0645079	-0.214441
0	M30436BFF	0	1804004BFF	15238	0.0694317	0.0639191	-0.203329
0	M30436BFF	0	1804005BFF	15570	0.0687861	0.0691715	-0.232764
0	M30436BFF	0	1804006BFF	15836	0.0668098	0.0644102	-0.212907
0	M30436BFF	0	1804007BFF	15536	0.0726056	0.065654	-0.212723
0	M30436BFF	0	1804008BFF	15821	0.0690222	0.0672524	-0.223022
0	M30436BFF	0	1804009BFF	15642	0.0677663	0.0650812	-0.211444
0	M30436BFF	0	1804010BFF	15936	0.0672063	0.0688379	-0.240021
0	M30436BFF	0	1804011BFF	15130	0.0719101	0.0586252	-0.173523
0	M30436BFF	0	1804013BFF	13957	0.0704306	0.0586802	-0.173928
0	M30436BFF	0	1804014BFF	14427	0.0721564	0.0572538	-0.171079
0	M30436BFF	0	1804015BFF	15031	0.0726499	0.0585457	-0.170718
0	M30436BFF	0	1804016BFF	15787	0.0738582	0.06404	-0.189154
0	M30436BFF	0	1804017BFF	15605	0.0748478	0.0597244	-0.177621
0	M30436BFF	0	1805001BFF	14641	0.0715798	0.0608565	-0.200461
0	M30436BFF	0	1805002BFF	15624	0.0677163	0.0670763	-0.235716
0	M30436BFF	0	1805003BFF	13472	0.0697001	0.0576752	-0.18262
0	M30436BFF	0	1815076BFF_GHFF	14001	0.0717806	0.0597814	-0.18097
0	M30436BFF	0	1815092SFF	15743	0.0457346	0.102395	-0.388527
0	M30436BFF	0	1815093BFF_SFF	15320	0.066188	0.0659922	-0.218584
0	M30436BFF	0	1815094SFF	11316	0.0512549	0.0823613	-0.302626
0	M30436BFF	0	1815095SFF	16329	0.0458693	0.102946	-0.393734
0	M30436BFF	0	1815096SFF	15159	0.0468369	0.100139	-0.37908
0	M30436BFF	0	2411005_SFF	15686	0.0478133	0.100472	-0.383237
0	M30436BFF	0	2411007_SFF	13467	0.0475236	0.0936363	-0.344889
0	M30436BFF	0	2811016_SFF	10927	0.0587535	0.0710167	-0.275743
0	M30436BFF	0	2811017_SFF	15179	0.0469728	0.100007	-0.371373
0	M30436BFF	0	37685_SFF	16622	0.0436169	0.11202	-0.438958
0	M30436BFF	0	37686_SFF	16429	0.0443119	0.108467	-0.422396
0	M30436BFF	0	37687_SFF	16586	0.0400941	0.112444	-0.444276
0	M30436BFF	0	37689_SFF	16623	0.0424111	0.112495	-0.442352
0	M30436BFF	0	37690_SFF	16026	0.042743	0.108886	-0.423793
0	M30436BFF	0	37695_SFF	14624	0.0423277	0.103392	-0.401122
0	M30436BFF	0	37697_SFF	16365	0.0432631	0.10993	-0.424446
0	M30436BFF	0	37698_SFF	16144	0.0433598	0.106851	-0.415279
0	M30436BFF	0	37699_SFF	16138	0.0446772	0.108626	-0.424285
0	M30436BFF	0	37700_SFF	16631	0.0414888	0.113703	-0.450375
0	M30436BFF	0	37701_SFF	16549	0.0425403	0.109795	-0.424986
0	M30436BFF	0	37702_SFF	16278	0.0434943	0.110579	-0.438332
0	M30436BFF	0	37703_SFF	16332	0.0429831	0.108499	-0.421958
0	M30436BFF	0	37704_SFF	16486	0.0445833	0.108941	-0.42799
0	M30436BFF	0	37705_SFF	16256	0.0398007	0.111097	-0.451654
0	M30436BFF	0	37706_SFF	16538	0.0449873	0.110594	-0.422237
0	M30436BFF	0	37707_SFF	13960	0.0482808	0.0954871	-0.35054
0	M30436BFF	0	37708_SFF	12470	0.0462711	0.0986367	-0.373991
0	M30436BFF	0	37710_SFF	15975	0.0461346	0.107981	-0.413955
0	M30436BFF	0	37717_SFF	16354	0.0445151	0.110737	-0.427758
0	M30436BFF	0	37721_SFF	15188	0.0558994	0.0827627	-0.327899
0	M30436BFF	0	1412002_BFF	15755	0.0676611	0.0681688	-0.229173
0	M30436BFF	0	DG05_BFF	10005	0.0705647	0.0625687	-0.201473
0	M30436BFF	0	DG06_BFF	9369	0.07813	0.0572099	-0.166837
0	M30436BFF	0	K17053010BFF	13313	0.0796965	0.0555848	-0.144531
0	M30436BFF	0	K17053011BFF	14165	0.0767384	0.0552771	-0.152555
0	M30436BFF	0	K1705302BFF	13823	0.0783477	0.0569341	-0.153659
0	M30436BFF	0	K1705303BFF	12982	0.0761824	0.0552303	-0.150278
0	M30436BFF	0	K1705304BFF	10610	0.0797361	0.0488219	-0.127335
0	M30436BFF	0	K1705305BFF	14471	0.077258	0.0545919	-0.147186
0	M30436BFF	0	K1705306BFF	14741	0.072451	0.0594261	-0.166884
0	M30436BFF	0	K1705307BFF	13183	0.077069	0.0530228	-0.149651
0	M30436BFF	0	K1705308BFF	14865	0.0746048	0.0562395	-0.160858
0	M30436BFF	0	M30431BFF	15830	0.0145294	0.14043	-3.80318
0	M30436BFF	0	M30432BFF	14536	0.0158228	0.141786	-3.7659
0	M30436BFF	0	M30434BFF	15910	0.0138906	0.141106	-3.97721
0	M30436BFF	0	M30435BFF	16460	0.0791616	0.0382746	-0.00120664
0	M30437BFF	0	1304001_SFF	12314	0.048319	0.0958259	-0.367589
0	M30437BFF	0	1304004_SFF	12633	0.0496319	0.0953851	-0.360793
0	M30437BFF	0	1304006_SFF	12906	0.0447854	0.101348	-0.397953
0	M30437BFF	0	1304010_SFF	8059	0.0557141	0.0737064	-0.273723
0	M30437BFF	0	1304011_SFF	12701	0.0484214	0.0957405	-0.367446
0	M30437BFF	0	1306009_SFF	12957	0.0517095	0.100641	-0.387449
0	M30437BFF	0	1306011_SFF	13027	0.0472096	0.0974898	-0.378241
0	M30437BFF	0	1306014_SFF	11955	0.0662484	0.0672522	-0.246365
0	M30437BFF	0	1306015_BFF	12930	0.070379	0.0685228	-0.222139
0	M30437BFF	0	1307003_SFF	13004	0.0469086	0.0980468	-0.378303
0	M30437BFF	0	1307004_SFF	12826	0.0498986	0.0983159	-0.377774
0	M30437BFF	0	1611011_BFF	13055	0.0682497	0.0677135	-0.222943
0	M30437BFF	0	1409002_SFF	12423	0.0464461	0.0955486	-0.368769
0	M30437BFF	0	1409007_SFF	12688	0.0500473	0.0957598	-0.370643
0	M30437BFF	0	1409008_SFF	12903	0.0460358	0.0961792	-0.369794
0	M30437BFF	0	1409009_SFF	12517	0.0500919	0.0977071	-0.368406
0	M30437BFF	0	1409012_SFF	12196	0.0482125	0.0947852	-0.358614
0	M30437BFF	0	1409013_SFF	12419	0.0483131	0.0954183	-0.368107
0	M30437BFF	0	1409026_SFF	9638	0.0528118	0.0766757	-0.281907
0	M30437BFF	0	1409027_SFF	11838	0.0491637	0.0941882	-0.355937
0	M30437BFF	0	1409030_SFF	12478	0.0475236	0.0924828	-0.355911
0	M30437BFF	0	1409031_SFF	12027	0.0509687	0.0948699	-0.361089
0	M30437BFF	0	1409032_SFF	12733	0.0475929	0.0954999	-0.372805
0	M30437BFF	0	1410001_SFF	11765	0.0483638	0.0925627	-0.348952
0	M30437BFF	0	1410002_SFF	12175	0.0507598	0.0882957	-0.333168
0	M30437BFF	0	1412001_BFF	13046	0.0701364	0.0639276	-0.202974
0	M30437BFF	0	1412006_BFF	12893	0.0692624	0.0677112	-0.224887
0	M30437BFF	0	1412010_BFF	11815	0.0709268	0.0586543	-0.188578
0	M30437BFF	0	1412014_BFF	11858	0.0683083	0.0588632	-0.193079
0	M30437BFF	0	1412024_BFF	12398	0.0708179	0.0647685	-0.207143
0	M30437BFF	0	1510003_SFF	10526	0.0509215	0.0847425	-0.321146
0	M30437BFF	0	1510004_SFF	13017	0.0494738	0.0962587	-0.381677
0	M30437BFF	0	1610001_BFF	12883	0.0738182	0.0608554	-0.177604
0	M30437BFF	0	1610002_BFF	12937	0.0713458	0.0570457	-0.160587
0	M30437BFF	0	1610012_BFF	13055	0.0733052	0.0567599	-0.159336
0	M30437BFF	0	1610013_BFF	12575	0.0753082	0.055825	-0.149324
0	M30437BFF	0	1610015_BFF	13007	0.0723457	0.0568156	-0.163084
0	M30437BFF	0	1610016_BFF	13124	0.0723103	0.0619476	-0.180386
0	M30437BFF	0	1610017_BFF	13138	0.0707109	0.0624905	-0.18628
0	M30437BFF	0	1409001_SFF	12820	0.05039	0.0975819	-0.374718
0	M30437BFF	0	1611012_BFF	11858	0.0673807	0.0609715	-0.197266
0	M30437BFF	0	1611013_BFF	9545	0.0712415	0.0558408	-0.159114
0	M30437BFF	0	1611032_BFF	12710	0.0697876	0.0623918	-0.20334
0	M30437BFF	0	1702005_BFF	12305	0.0796424	0.0521739	-0.188753
0	M30437BFF	0	1702006_BFF	12380	0.0707593	0.0609855	-0.194543
0	M30437BFF	0	1702007_BFF	12494	0.0685129	0.0638707	-0.210358
0	M30437BFF	0	1702008_BFF	10439	0.074624	0.0545071	-0.159493
0	M30437BFF	0	1702009_BFF	13069	0.0693244	0.0677175	-0.225065
0	M30437BFF	0	1702012_BFF	9752	0.0715751	0.0546555	-0.180218
0	M30437BFF	0	1702013_BFF	13113	0.0690917	0.0645924	-0.218934
0	M30437BFF	0	1702014_BFF	10657	0.0761002	0.0532983	-0.157412
0	M30437BFF	0	1702016_BFF	12135	0.0702101	0.0633704	-0.207918
0	M30437BFF	0	1702017_BFF	11182	0.069755	0.05956	-0.201307
0	M30437BFF	0	1702018_BFF	13131	0.0671693	0.0693017	-0.233666
0	M30437BFF	0	1702019_BFF	12484	0.0716918	0.0643223	-0.204589
0	M30437BFF	0	1702020_BFF	13009	0.0689523	0.0695672	-0.226519
0	M30437BFF	0	1702022_BFF	12610	0.0682791	0.0595559	-0.196118
0	M30437BFF	0	1702024_BFF	10652	0.0720991	0.0595193	-0.180831
0	M30437BFF	0	1702026_BFF	12882	0.0707965	0.0657507	-0.212542
0	M30437BFF	0	1702027_BFF	11874	0.0705744	0.0585312	-0.196935
0	M30437BFF	0	1702028_BFF	10094	0.0755895	0.0568655	-0.185801
0	M30437BFF	0	1702029_BFF	12105	0.0808757	0.0512185	-0.176145
0	M30437BFF	0	1702031_BFF	12465	0.0737264	0.0568793	-0.154326
0	M30437BFF	0	DG02_BFF	12854	0.0707951	0.0628598	-0.204399
0	M30437BFF	0	1703018_BFF	13114	0.0709166	0.0568858	-0.166821
0	M30437BFF	0	1804002BFF	10195	0.0750368	0.0502207	-0.153475
0	M30437BFF	0	1804003BFF	12448	0.0688464	0.0595276	-0.197823
0	M30437BFF	0	1804004BFF	12113	0.0687691	0.0572113	-0.18562
0	M30437BFF	0	1804005BFF	12391	0.0683561	0.0609313	-0.200666
0	M30437BFF	0	1804006BFF	12589	0.0710938	0.0629915	-0.201066
0	M30437BFF	0	1804007BFF	12353	0.0705092	0.0597426	-0.194093
0	M30437BFF	0	1804008BFF	12557	0.0703193	0.0588516	-0.184241
0	M30437BFF	0	1804009BFF	12425	0.0694567	0.0583501	-0.180334
0	M30437BFF	0	1804010BFF	12677	0.0703637	0.0625542	-0.206192
0	M30437BFF	0	1804011BFF	12111	0.0754686	0.0514408	-0.138219
0	M30437BFF	0	1804013BFF	11175	0.0710515	0.0517226	-0.145204
0	M30437BFF	0	1804014BFF	11575	0.0738661	0.0492441	-0.130967
0	M30437BFF	0	1804015BFF	12004	0.0738087	0.052899	-0.141643
0	M30437BFF	0	1804016BFF	12546	0.0726128	0.0563526	-0.155693
0	M30437BFF	0	1804017BFF	12438	0.0783084	0.05443	-0.147571
0	M30437BFF	0	1805001BFF	11726	0.0735119	0.0566263	-0.184737
0	M30437BFF	0	1805002BFF	12397	0.0717916	0.0613052	-0.201117
0	M30437BFF	0	1805003BFF	10861	0.0719087	0.0534942	-0.165319
0	M30437BFF	0	1815076BFF_GHFF	11224	0.0766215	0.0565752	-0.162377
0	M30437BFF	0	1815092SFF	12489	0.0478821	0.0958443	-0.365615
0	M30437BFF	0	1815093BFF_SFF	12265	0.068406	0.0626172	-0.201638
0	M30437BFF	0	1815094SFF	9267	0.0530916	0.076508	-0.275947
0	M30437BFF	0	1815095SFF	12916	0.0483896	0.0975534	-0.376776
0	M30437BFF	0	1815096SFF	12072	0.0489563	0.0920311	-0.352971
0	M30437BFF	0	2411005_SFF	12402	0.0499113	0.093372	-0.359685
0	M30437BFF	0	2411007_SFF	10725	0.0504429	0.0891375	-0.32481
0	M30437BFF	0	2811016_SFF	8741	0.0626931	0.0650955	-0.256822
0	M30437BFF	0	2811017_SFF	12027	0.0478091	0.0911283	-0.3425
0	M30437BFF	0	37685_SFF	13135	0.0443852	0.104454	-0.413203
0	M30437BFF	0	37686_SFF	12990	0.0468052	0.102771	-0.407156
0	M30437BFF	0	37687_SFF	13111	0.042636	0.104721	-0.415712
0	M30437BFF	0	37689_SFF	13132	0.0455376	0.106686	-0.42017
0	M30437BFF	0	37690_SFF	12669	0.0464914	0.102455	-0.398282
0	M30437BFF	0	37695_SFF	11639	0.0459661	0.0960564	-0.358691
0	M30437BFF	0	37697_SFF	12932	0.0474018	0.103542	-0.404098
0	M30437BFF	0	37698_SFF	12786	0.0454403	0.101439	-0.395628
0	M30437BFF	0	37699_SFF	12740	0.0454474	0.103925	-0.412553
0	M30437BFF	0	37700_SFF	13151	0.0468405	0.108053	-0.427847
0	M30437BFF	0	37701_SFF	13072	0.0462821	0.104498	-0.403917
0	M30437BFF	0	37702_SFF	12839	0.0468105	0.101176	-0.394321
0	M30437BFF	0	37703_SFF	12907	0.0467188	0.103045	-0.390385
0	M30437BFF	0	37704_SFF	13037	0.0469433	0.101634	-0.400964
0	M30437BFF	0	37705_SFF	12840	0.0436916	0.106776	-0.411405
0	M30437BFF	0	37706_SFF	13077	0.046035	0.105835	-0.403931
0	M30437BFF	0	37707_SFF	11156	0.0502868	0.0911617	-0.348122
0	M30437BFF	0	37708_SFF	10007	0.0479664	0.0961327	-0.370379
0	M30437BFF	0	37710_SFF	12641	0.0452496	0.0981726	-0.38548
0	M30437BFF	0	37717_SFF	12930	0.0457077	0.104563	-0.407659
0	M30437BFF	0	37721_SFF	11973	0.0562933	0.0790111	-0.326947
0	M30437BFF	0	1412002_BFF	12471	0.0713656	0.0631064	-0.204537
0	M30437BFF	0	DG05_BFF	8046	0.0723341	0.0515784	-0.159722
0	M30437BFF	0	DG06_BFF	7483	0.0755045	0.04851	-0.136126
0	M30437BFF	0	K17053010BFF	10764	0.077016	0.0519324	-0.134441
0	M30437BFF	0	K17053011BFF	11386	0.0740383	0.0484806	-0.136275
0	M30437BFF	0	K1705302BFF	11212	0.07599	0.0522654	-0.133499
0	M30437BFF	0	K1705303BFF	10516	0.0790224	0.0484975	-0.114346
0	M30437BFF	0	K1705304BFF	8647	0.0760958	0.0459119	-0.125994
0	M30437BFF	0	K1705305BFF	11585	0.0782909	0.0492879	-0.118184
0	M30437BFF	0	K1705306BFF	11814	0.0750804	0.0507026	-0.121423
0	M30437BFF	0	K1705307BFF	10666	0.0784737	0.0452841	-0.110005
0	M30437BFF	0	K1705308BFF	11881	0.0718795	0.05109	-0.141864
0	M30437BFF	0	M30431BFF	12514	0.0152629	0.13377	-3.50464
0	M30437BFF	0	M30432BFF	11643	0.0164047	0.13244	-3.50778
0	M30437BFF	0	M30434BFF	12603	0.0152345	0.134333	-3.59444
0	M30437BFF	0	M30435BFF	13052	0.0789151	0.0327919	0.0200551
0	M30437BFF	0	M30436BFF	12721	0.0786102	0.0328591	0.0232301
0	M30464BFF	0	1304001_SFF	16241	0.0497506	0.107752	-0.412208
0	M30464BFF	0	1304004_SFF	16668	0.0460763	0.105892	-0.413091
0	M30464BFF	0	1304006_SFF	17031	0.0440373	0.111503	-0.439452
0	M30464BFF	0	1304010_SFF	10440	0.0519157	0.0840996	-0.317981
0	M30464BFF	0	1304011_SFF	16767	0.0455061	0.107592	-0.414196
0	M30464BFF	0	1306009_SFF	17097	0.0479616	0.1123	-0.440124
0	M30464BFF	0	1306011_SFF	17177	0.0477383	0.109507	-0.426582
0	M30464BFF	0	1306014_SFF	15721	0.0607468	0.0772852	-0.303758
0	M30464BFF	0	1306015_BFF	17046	0.0651179	0.0785522	-0.279657
0	M30464BFF	0	1307003_SFF	17157	0.0462202	0.109635	-0.427361
0	M30464BFF	0	1307004_SFF	16936	0.0479452	0.109471	-0.424113
0	M30464BFF	0	1611011_BFF	17226	0.0651922	0.0791826	-0.284822
0	M30464BFF	0	1409002_SFF	16340	0.0446144	0.108078	-0.425546
0	M30464BFF	0	1409007_SFF	16719	0.0457563	0.109337	-0.430683
0	M30464BFF	0	1409008_SFF	17013	0.0453183	0.110034	-0.426558
0	M30464BFF	0	1409009_SFF	16517	0.0441363	0.10686	-0.418684
0	M30464BFF	0	1409012_SFF	16048	0.046174	0.105309	-0.403235
0	M30464BFF	0	1409013_SFF	16402	0.0466407	0.106389	-0.414584
0	M30464BFF	0	1409026_SFF	12651	0.0475061	0.0909019	-0.360297
0	M30464BFF	0	1409027_SFF	15585	0.0442733	0.103689	-0.408663
0	M30464BFF	0	1409030_SFF	16452	0.0463166	0.105701	-0.415372
0	M30464BFF	0	1409031_SFF	15870	0.0466919	0.107372	-0.421671
0	M30464BFF	0	1409032_SFF	16819	0.0453059	0.108806	-0.429401
0	M30464BFF	0	1410001_SFF	15394	0.0465116	0.103677	-0.397781
0	M30464BFF	0	1410002_SFF	16032	0.0484032	0.103605	-0.406618
0	M30464BFF	0	1412001_BFF	17212	0.0679758	0.077446	-0.271599
0	M30464BFF	0	1412006_BFF	16994	0.0680829	0.077851	-0.273992
0	M30464BFF	0	1412010_BFF	15483	0.0709811	0.0698831	-0.238679
0	M30464BFF	0	1412014_BFF	15595	0.0689965	0.0686117	-0.237481
0	M30464BFF	0	1412024_BFF	16287	0.0679069	0.0762571	-0.266558
0	M30464BFF	0	1510003_SFF	13844	0.0476741	0.0970095	-0.383268
0	M30464BFF	0	1510004_SFF	17164	0.0477162	0.107376	-0.430104
0	M30464BFF	0	1610001_BFF	16996	0.0696046	0.0683102	-0.224211
0	M30464BFF	0	1610002_BFF	17044	0.0680591	0.0671791	-0.218857
0	M30464BFF	0	1610012_BFF	17213	0.0715157	0.0667519	-0.213744
0	M30464BFF	0	1610013_BFF	16509	0.0734145	0.0644497	-0.191485
0	M30464BFF	0	1610015_BFF	17140	0.0735706	0.0666861	-0.207026
0	M30464BFF	0	1610016_BFF	17318	0.071775	0.0706202	-0.222137
0	M30464BFF	0	1610017_BFF	17335	0.0732622	0.0715893	-0.223611
0	M30464BFF	0	1409001_SFF	16895	0.046641	0.109737	-0.434863
0	M30464BFF	0	1611012_BFF	15554	0.0658994	0.0709785	-0.24233
0	M30464BFF	0	1611013_BFF	12219	0.067927	0.0664539	-0.218378
0	M30464BFF	0	1611032_BFF	16741	0.0686936	0.0761603	-0.271965
0	M30464BFF	0	1702005_BFF	16215	0.0808511	0.0613629	-0.226881
0	M30464BFF	0	1702006_BFF	16268	0.069523	0.0713671	-0.247768
0	M30464BFF	0	1702007_BFF	16462	0.0648767	0.0714372	-0.254342
0	M30464BFF	0	1702008_BFF	13707	0.0702561	0.0657328	-0.224187
0	M30464BFF	0	1702009_BFF	17242	0.0661756	0.0763253	-0.276537
0	M30464BFF	0	1702012_BFF	12669	0.0745915	0.0641724	-0.206674
0	M30464BFF	0	1702013_BFF	17290	0.0651243	0.0740891	-0.264411
0	M30464BFF	0	1702014_BFF	13815	0.0718784	0.0636989	-0.215666
0	M30464BFF	0	1702016_BFF	15955	0.0670009	0.0732686	-0.258735
0	M30464BFF	0	1702017_BFF	14700	0.0736054	0.0714966	-0.241798
0	M30464BFF	0	1702018_BFF	17332	0.0654858	0.0790445	-0.283616
0	M30464BFF	0	1702019_BFF	16425	0.0677626	0.0754338	-0.265868
0	M30464BFF	0	1702020_BFF	17159	0.0669619	0.0806574	-0.283474
0	M30464BFF	0	1702022_BFF	16590	0.0677517	0.0708258	-0.249637
0	M30464BFF	0	1702024_BFF	13862	0.068677	0.0709854	-0.237046
0	M30464BFF	0	1702026_BFF	16975	0.0684536	0.0761119	-0.267725
0	M30464BFF	0	1702027_BFF	15615	0.0740954	0.0721102	-0.244367
0	M30464BFF	0	1702028_BFF	13125	0.0718476	0.065981	-0.230918
0	M30464BFF	0	1702029_BFF	15956	0.0814741	0.0629857	-0.234809
0	M30464BFF	0	1702031_BFF	16343	0.0715903	0.0623509	-0.18574
0	M30464BFF	0	DG02_BFF	16929	0.0674582	0.0736606	-0.26126
0	M30464BFF	0	1703018_BFF	17279	0.0733839	0.066439	-0.208345
0	M30464BFF	0	1804002BFF	13121	0.0738511	0.0616569	-0.204848
0	M30464BFF	0	1804003BFF	16268	0.0721047	0.0690927	-0.233214
0	M30464BFF	0	1804004BFF	15841	0.0671675	0.0676725	-0.238001
0	M30464BFF	0	1804005BFF	16201	0.069255	0.0750571	-0.266298
0	M30464BFF	0	1804006BFF	16490	0.0682838	0.0714372	-0.244862
0	M30464BFF	0	1804007BFF	16133	0.0721503	0.0686791	-0.23263
0	M30464BFF	0	1804008BFF	16450	0.0694225	0.0719149	-0.247363
0	M30464BFF	0	1804009BFF	16263	0.0678227	0.0703437	-0.242929
0	M30464BFF	0	1804010BFF	16612	0.0680231	0.0728389	-0.260283
0	M30464BFF	0	1804011BFF	15710	0.0727562	0.0630172	-0.192737
0	M30464BFF	0	1804013BFF	14439	0.068495	0.0610846	-0.187604
0	M30464BFF	0	1804014BFF	14975	0.0718531	0.0607012	-0.194138
0	M30464BFF	0	1804015BFF	15601	0.0732004	0.0640985	-0.193991
0	M30464BFF	0	1804016BFF	16420	0.0711328	0.0663825	-0.208174
0	M30464BFF	0	1804017BFF	16233	0.0742931	0.064375	-0.20382
0	M30464BFF	0	1805001BFF	15219	0.0714896	0.0645246	-0.217714
0	M30464BFF	0	1805002BFF	16256	0.0685285	0.0725886	-0.26315
0	M30464BFF	0	1805003BFF	13961	0.0696225	0.0659695	-0.224174
0	M30464BFF	0	1815076BFF_GHFF	14534	0.0717628	0.0666024	-0.220618
0	M30464BFF	0	1815092SFF	16392	0.0475232	0.106759	-0.403807
0	M30464BFF	0	1815093BFF_SFF	15930	0.0675455	0.0706842	-0.243089
0	M30464BFF	0	1815094SFF	11716	0.050956	0.0869751	-0.330695
0	M30464BFF	0	1815095SFF	17007	0.0434527	0.107838	-0.427216
0	M30464BFF	0	1815096SFF	15746	0.0459164	0.102756	-0.400061
0	M30464BFF	0	2411005_SFF	16376	0.0463483	0.104604	-0.405912
0	M30464BFF	0	2411007_SFF	14057	0.0456712	0.100733	-0.393575
0	M30464BFF	0	2811016_SFF	11371	0.0572509	0.0735204	-0.296572
0	M30464BFF	0	2811017_SFF	15806	0.0454258	0.102746	-0.394321
0	M30464BFF	0	37685_SFF	17337	0.0415874	0.116571	-0.46583
0	M30464BFF	0	37686_SFF	17127	0.0459508	0.114614	-0.447001
0	M30464BFF	0	37687_SFF	17302	0.0406889	0.118657	-0.47345
0	M30464BFF	0	37689_SFF	17337	0.0435485	0.115591	-0.456803
0	M30464BFF	0	37690_SFF	16706	0.0437567	0.114689	-0.449742
0	M30464BFF	0	37695_SFF	15214	0.0426581	0.111148	-0.442926
0	M30464BFF	0	37697_SFF	17063	0.0413175	0.113345	-0.448985
0	M30464BFF	0	37698_SFF	16830	0.0430778	0.11022	-0.431539
0	M30464BFF	0	37699_SFF	16815	0.0449599	0.112578	-0.442225
0	M30464BFF	0	37700_SFF	17348	0.0430597	0.117881	-0.4704
0	M30464BFF	0	37701_SFF	17262	0.0432742	0.115572	-0.455402
0	M30464BFF	0	37702_SFF	16966	0.0431451	0.112873	-0.448011
0	M30464BFF	0	37703_SFF	17027	0.0415223	0.113291	-0.454201
0	M30464BFF	0	37704_SFF	17200	0.0456395	0.11343	-0.446044
0	M30464BFF	0	37705_SFF	16954	0.0403445	0.116079	-0.477299
0	M30464BFF	0	37706_SFF	17252	0.0428356	0.113204	-0.442636
0	M30464BFF	0	37707_SFF	14546	0.0466108	0.101471	-0.390481
0	M30464BFF	0	37708_SFF	12987	0.04697	0.105105	-0.402762
0	M30464BFF	0	37710_SFF	16656	0.0438881	0.10993	-0.428643
0	M30464BFF	0	37717_SFF	17055	0.043389	0.115685	-0.458286
0	M30464BFF	0	37721_SFF	15813	0.0567255	0.0897995	-0.363408
0	M30464BFF	0	1412002_BFF	16441	0.0660544	0.0730491	-0.261761
0	M30464BFF	0	DG05_BFF	10429	0.0689424	0.0673123	-0.240618
0	M30464BFF	0	DG06_BFF	9782	0.0768759	0.0650174	-0.224064
0	M30464BFF	0	K17053010BFF	13786	0.0756565	0.0585376	-0.170511
0	M30464BFF	0	K17053011BFF	14689	0.0761114	0.0562326	-0.163169
0	M30464BFF	0	K1705302BFF	14345	0.0771697	0.059045	-0.17244
0	M30464BFF	0	K1705303BFF	13460	0.0763744	0.0589896	-0.173479
0	M30464BFF	0	K1705304BFF	10986	0.0789186	0.0527945	-0.153147
0	M30464BFF	0	K1705305BFF	15011	0.0762108	0.0580907	-0.170874
0	M30464BFF	0	K1705306BFF	15323	0.0703518	0.0612804	-0.186946
0	M30464BFF	0	K1705307BFF	13661	0.0768611	0.0555596	-0.165187
0	M30464BFF	0	K1705308BFF	15433	0.0744509	0.061362	-0.190913
0	M30464BFF	0	M30431BFF	16484	0.0138316	0.144079	-3.90513
0	M30464BFF	0	M30432BFF	15114	0.0156808	0.145825	-3.85949
0	M30464BFF	0	M30434BFF	16569	0.0144245	0.145392	-4.01522
0	M30464BFF	0	M30435BFF	17130	0.0811442	0.0415645	-0.00960161
0	M30464BFF	0	M30436BFF	16592	0.084378	0.0394769	0.00989736
0	M30464BFF	0	M30437BFF	13144	0.0774498	0.0357578	0.00175165
0	M32949BFF	0	1304001_SFF	11301	0.0476949	0.0945049	-0.365434
0	M32949BFF	0	1304004_SFF	11605	0.0478242	0.0947006	-0.364952
0	M32949BFF	0	1304006_SFF	11835	0.0462188	0.10207	-0.397974
0	M32949BFF	0	1304010_SFF	7453	0.0603784	0.0764793	-0.266914
0	M32949BFF	0	1304011_SFF	11631	0.0481472	0.0953486	-0.366269
0	M32949BFF	0	1306009_SFF	11882	0.0480559	0.10133	-0.402045
0	M32949BFF	0	1306011_SFF	11936	0.0478385	0.0986092	-0.388912
0	M32949BFF	0	1306014_SFF	11025	0.0692971	0.067483	-0.241146
0	M32949BFF	0	1306015_BFF	11838	0.067579	0.0685927	-0.227938
0	M32949BFF	0	1307003_SFF	11922	0.0478946	0.0983057	-0.383252
0	M32949BFF	0	1307004_SFF	11768	0.0481815	0.0974677	-0.382414
0	M32949BFF	0	1611011_BFF	11961	0.0711479	0.066466	-0.21308
0	M32949BFF	0	1409002_SFF	11391	0.0468791	0.096743	-0.374681
0	M32949BFF	0	1409007_SFF	11635	0.050881	0.0992694	-0.388668
0	M32949BFF	0	1409008_SFF	11820	0.0461929	0.0978849	-0.378509
0	M32949BFF	0	1409009_SFF	11485	0.0485851	0.09569	-0.365393
0	M32949BFF	0	1409012_SFF	11190	0.0474531	0.095353	-0.375766
0	M32949BFF	0	1409013_SFF	11411	0.0477609	0.0937692	-0.36326
0	M32949BFF	0	1409026_SFF	8887	0.0524361	0.0805671	-0.3116
0	M32949BFF	0	1409027_SFF	10881	0.0479735	0.0939252	-0.364426
0	M32949BFF	0	1409030_SFF	11442	0.0469324	0.0944765	-0.375053
0	M32949BFF	0	1409031_SFF	11032	0.0510334	0.0940899	-0.360758
0	M32949BFF	0	1409032_SFF	11686	0.0468937	0.0982372	-0.382596
0	M32949BFF	0	1410001_SFF	10794	0.047619	0.0906985	-0.344015
0	M32949BFF	0	1410002_SFF	11200	0.0529464	0.0875	-0.322577
0	M32949BFF	0	1412001_BFF	11953	0.0684347	0.0662595	-0.219579
0	M32949BFF	0	1412006_BFF	11817	0.0698147	0.0660912	-0.218737
0	M32949BFF	0	1412010_BFF	10841	0.0721336	0.0581127	-0.186565
0	M32949BFF	0	1412014_BFF	10878	0.0740026	0.0581908	-0.18447
0	M32949BFF	0	1412024_BFF	11390	0.071115	0.0621598	-0.192827
0	M32949BFF	0	1510003_SFF	9692	0.0506603	0.086979	-0.339086
0	M32949BFF	0	1510004_SFF	11917	0.0511035	0.0989343	-0.394109
0	M32949BFF	0	1610001_BFF	11838	0.0701132	0.0586248	-0.175626
0	M32949BFF	0	1610002_BFF	11837	0.0712174	0.0555039	-0.158085
0	M32949BFF	0	1610012_BFF	11973	0.0711601	0.0540383	-0.158599
0	M32949BFF	0	1610013_BFF	11528	0.0766829	0.0530014	-0.13315
0	M32949BFF	0	1610015_BFF	11911	0.0723701	0.0561666	-0.15499
0	M32949BFF	0	1610016_BFF	12034	0.071298	0.0580854	-0.16251
0	M32949BFF	0	1610017_BFF	12038	0.0726034	0.0598106	-0.170643
0	M32949BFF	0	1409001_SFF	11753	0.0496044	0.100145	-0.398259
0	M32949BFF	0	1611012_BFF	10941	0.0697377	0.0638881	-0.203313
0	M32949BFF	0	1611013_BFF	8773	0.0696455	0.0508378	-0.136264
0	M32949BFF	0	1611032_BFF	11678	0.0753554	0.0661928	-0.213152
0	M32949BFF	0	1702005_BFF	11245	0.0847488	0.0506892	-0.173838
0	M32949BFF	0	1702006_BFF	11333	0.071208	0.0586782	-0.182543
0	M32949BFF	0	1702007_BFF	11464	0.0669051	0.0609735	-0.204284
0	M32949BFF	0	1702008_BFF	9700	0.0771134	0.0525773	-0.148635
0	M32949BFF	0	1702009_BFF	11973	0.0694897	0.0654807	-0.220786
0	M32949BFF	0	1702012_BFF	8968	0.0713649	0.050959	-0.157474
0	M32949BFF	0	1702013_BFF	12000	0.0671667	0.0648333	-0.221162
0	M32949BFF	0	1702014_BFF	9751	0.0729156	0.051687	-0.159879
0	M32949BFF	0	1702016_BFF	11133	0.0706009	0.0608102	-0.198317
0	M32949BFF	0	1702017_BFF	10345	0.0734654	0.0604157	-0.191784
0	M32949BFF	0	1702018_BFF	12019	0.0663949	0.0694733	-0.241548
0	M32949BFF	0	1702019_BFF	11497	0.0714099	0.0640167	-0.212489
0	M32949BFF	0	1702020_BFF	11916	0.0676401	0.0719201	-0.244269
0	M32949BFF	0	1702022_BFF	11552	0.0699446	0.0588643	-0.189372
0	M32949BFF	0	1702024_BFF	9832	0.0658055	0.0552278	-0.165425
0	M32949BFF	0	1702026_BFF	11780	0.0724109	0.0629032	-0.203112
0	M32949BFF	0	1702027_BFF	10891	0.0746488	0.0567441	-0.178046
0	M32949BFF	0	1702028_BFF	9262	0.0757936	0.0523645	-0.16383
0	M32949BFF	0	1702029_BFF	11094	0.0834685	0.0493961	-0.166667
0	M32949BFF	0	1702031_BFF	11429	0.0747222	0.054423	-0.143348
0	M32949BFF	0	DG02_BFF	11765	0.0698683	0.0617085	-0.209358
0	M32949BFF	0	1703018_BFF	12020	0.0725458	0.0566556	-0.165483
0	M32949BFF	0	1804002BFF	9451	0.0768173	0.0487779	-0.138246
0	M32949BFF	0	1804003BFF	11438	0.07274	0.0574401	-0.185895
0	M32949BFF	0	1804004BFF	11109	0.0694032	0.057881	-0.194334
0	M32949BFF	0	1804005BFF	11365	0.0687198	0.0626485	-0.207351
0	M32949BFF	0	1804006BFF	11528	0.0696565	0.0615892	-0.196937
0	M32949BFF	0	1804007BFF	11358	0.0676175	0.0567001	-0.182031
0	M32949BFF	0	1804008BFF	11521	0.0699592	0.0591095	-0.189384
0	M32949BFF	0	1804009BFF	11423	0.0670577	0.0573405	-0.184648
0	M32949BFF	0	1804010BFF	11633	0.0724663	0.0636981	-0.205925
0	M32949BFF	0	1804011BFF	11081	0.0772493	0.0524321	-0.140036
0	M32949BFF	0	1804013BFF	10343	0.0730929	0.0526926	-0.144819
0	M32949BFF	0	1804014BFF	10626	0.0733107	0.0505364	-0.140856
0	M32949BFF	0	1804015BFF	11059	0.0712542	0.0510896	-0.136595
0	M32949BFF	0	1804016BFF	11540	0.0724437	0.052513	-0.144994
0	M32949BFF	0	1804017BFF	11440	0.077535	0.0543706	-0.152932
0	M32949BFF	0	1805001BFF	10788	0.0743419	0.0558027	-0.179705
0	M32949BFF	0	1805002BFF	11354	0.0697552	0.0609477	-0.205801
0	M32949BFF	0	1805003BFF	10034	0.0711581	0.0542157	-0.173161
0	M32949BFF	0	1815076BFF_GHFF	10381	0.0725364	0.0524034	-0.160622
0	M32949BFF	0	1815092SFF	11456	0.0503666	0.0977654	-0.375053
0	M32949BFF	0	1815093BFF_SFF	11226	0.0656512	0.0585249	-0.194613
0	M32949BFF	0	1815094SFF	8569	0.0515813	0.0756214	-0.291953
0	M32949BFF	0	1815095SFF	11851	0.0491098	0.0934098	-0.359631
0	M32949BFF	0	1815096SFF	11086	0.0515064	0.0926394	-0.352722
0	M32949BFF	0	2411005_SFF	11406	0.0506751	0.0945117	-0.364437
0	M32949BFF	0	2411007_SFF	9865	0.0501774	0.0895084	-0.338235
0	M32949BFF	0	2811016_SFF	8093	0.0640059	0.0627703	-0.244318
0	M32949BFF	0	2811017_SFF	11075	0.0457788	0.0936343	-0.364954
0	M32949BFF	0	37685_SFF	12036	0.043453	0.105018	-0.414516
0	M32949BFF	0	37686_SFF	11894	0.0469144	0.103834	-0.41343
0	M32949BFF	0	37687_SFF	12023	0.0444149	0.107378	-0.429339
0	M32949BFF	0	37689_SFF	12041	0.0442654	0.10622	-0.42006
0	M32949BFF	0	37690_SFF	11636	0.0487281	0.105535	-0.413735
0	M32949BFF	0	37695_SFF	10728	0.0447427	0.0989001	-0.382581
0	M32949BFF	0	37697_SFF	11860	0.0448567	0.102192	-0.404406
0	M32949BFF	0	37698_SFF	11721	0.0441089	0.100418	-0.395048
0	M32949BFF	0	37699_SFF	11700	0.0461538	0.101453	-0.39911
0	M32949BFF	0	37700_SFF	12051	0.0453904	0.108041	-0.434365
0	M32949BFF	0	37701_SFF	11992	0.0464476	0.105654	-0.41015
0	M32949BFF	0	37702_SFF	11790	0.0480916	0.10229	-0.400452
0	M32949BFF	0	37703_SFF	11834	0.0452932	0.102079	-0.394337
0	M32949BFF	0	37704_SFF	11966	0.0487214	0.104212	-0.412999
0	M32949BFF	0	37705_SFF	11819	0.0471275	0.107031	-0.410296
0	M32949BFF	0	37706_SFF	11994	0.0461064	0.104052	-0.402451
0	M32949BFF	0	37707_SFF	10285	0.0512397	0.0884784	-0.33475
0	M32949BFF	0	37708_SFF	9239	0.0503301	0.0917848	-0.349574
0	M32949BFF	0	37710_SFF	11602	0.0472332	0.100155	-0.393276
0	M32949BFF	0	37717_SFF	11861	0.0472136	0.104038	-0.401549
0	M32949BFF	0	37721_SFF	10998	0.058647	0.0761957	-0.312333
0	M32949BFF	0	1412002_BFF	11446	0.0721649	0.0633409	-0.206684
0	M32949BFF	0	DG05_BFF	7428	0.0757943	0.0515617	-0.154089
0	M32949BFF	0	DG06_BFF	6949	0.0772773	0.0470571	-0.127092
0	M32949BFF	0	K17053010BFF	9973	0.0757044	0.0492329	-0.130597
0	M32949BFF	0	K17053011BFF	10407	0.0769674	0.0442971	-0.103805
0	M32949BFF	0	K1705302BFF	10299	0.0819497	0.0497136	-0.115348
0	M32949BFF	0	K1705303BFF	9690	0.0754386	0.0490196	-0.126278
0	M32949BFF	0	K1705304BFF	7991	0.0812164	0.0401702	-0.0912869
0	M32949BFF	0	K1705305BFF	10700	0.0790654	0.0484112	-0.117324
0	M32949BFF	0	K1705306BFF	10812	0.0721421	0.050222	-0.133994
0	M32949BFF	0	K1705307BFF	9777	0.0785517	0.0490948	-0.133847
0	M32949BFF	0	K1705308BFF	10917	0.0763946	0.0523953	-0.142969
0	M32949BFF	0	M30431BFF	11508	0.0171185	0.135471	-3.53466
0	M32949BFF	0	M30432BFF	10721	0.0185617	0.135062	-3.32674
0	M32949BFF	0	M30434BFF	11569	0.0151266	0.134238	-3.57667
0	M32949BFF	0	M30435BFF	11967	0.0742876	0.0315869	0.0123416
0	M32949BFF	0	M30436BFF	11690	0.079213	0.0330197	0.0233304
0	M32949BFF	0	M30437BFF	9727	0.0815257	0.0199445	0.109083
0	M32949BFF	0	M30464BFF	12027	0.0789058	0.0342563	0.0109307
0	M33226BFF	0	1304001_SFF	15056	0.015077	0.13131	-3.75333
0	M33226BFF	0	1304004_SFF	15449	0.0137226	0.135349	-3.875
0	M33226BFF	0	1304006_SFF	15786	0.0138731	0.133473	-3.7458
0	M33226BFF	0	1304010_SFF	9689	0.017236	0.103829	-2.99405
0	M33226BFF	0	1304011_SFF	15536	0.0137745	0.131437	-3.71546
0	M33226BFF	0	1306009_SFF	15858	0.0145037	0.138794	-3.92852
0	M33226BFF	0	1306011_SFF	15923	0.0153237	0.133643	-3.80864
0	M33226BFF	0	1306014_SFF	14596	0.0174705	0.108591	-3.3837
0	M33226BFF	0	1306015_BFF	15811	0.0150528	0.118588	-3.72242
0	M33226BFF	0	1307003_SFF	15909	0.0135772	0.135081	-3.793
0	M33226BFF	0	1307004_SFF	15709	0.0132408	0.134254	-3.82812
0	M33226BFF	0	1611011_BFF	15962	0.015349	0.119784	-3.73727
0	M33226BFF	0	1409002_SFF	15147	0.0138641	0.132435	-3.80535
0	M33226BFF	0	1409007_SFF	15512	0.0159232	0.132736	-3.78089
0	M33226BFF	0	1409008_SFF	15767	0.012875	0.133887	-3.85899
0	M33226BFF	0	1409009_SFF	15309	0.0134561	0.133255	-3.80271
0	M33226BFF	0	1409012_SFF	14881	0.0145152	0.12862	-3.71282
0	M33226BFF	0	1409013_SFF	15189	0.0132333	0.13016	-3.73387
0	M33226BFF	0	1409026_SFF	11722	0.014332	0.114144	-3.38271
0	M33226BFF	0	1409027_SFF	14444	0.0130158	0.128704	-3.84102
0	M33226BFF	0	1409030_SFF	15250	0.0152787	0.127738	-3.61367
0	M33226BFF	0	1409031_SFF	14683	0.0148471	0.129606	-3.69834
0	M33226BFF	0	1409032_SFF	15587	0.01482	0.133445	-3.80703
0	M33226BFF	0	1410001_SFF	14259	0.014447	0.128691	-3.56649
0	M33226BFF	0	1410002_SFF	14844	0.0147534	0.125505	-3.59904
0	M33226BFF	0	1412001_BFF	15955	0.0159825	0.116515	-3.60063
0	M33226BFF	0	1412006_BFF	15749	0.0172074	0.118992	-3.62675
0	M33226BFF	0	1412010_BFF	14347	0.0156827	0.106433	-3.46423
0	M33226BFF	0	1412014_BFF	14460	0.0155602	0.107469	-3.39737
0	M33226BFF	0	1412024_BFF	15135	0.0159234	0.110869	-3.50111
0	M33226BFF	0	1510003_SFF	12827	0.0169954	0.119591	-3.4062
0	M33226BFF	0	1510004_SFF	15909	0.0155258	0.129864	-3.78186
0	M33226BFF	0	1610001_BFF	15762	0.0156072	0.11515	-3.55664
0	M33226BFF	0	1610002_BFF	15806	0.0144882	0.119132	-3.71929
0	M33226BFF	0	1610012_BFF	15967	0.0167846	0.118056	-3.6514
0	M33226BFF	0	1610013_BFF	15333	0.0155221	0.111981	-3.47086
0	M33226BFF	0	1610015_BFF	15899	0.0156614	0.115353	-3.61072
0	M33226BFF	0	1610016_BFF	16054	0.0143889	0.119409	-3.71067
0	M33226BFF	0	1610017_BFF	16072	0.0153683	0.119649	-3.70629
0	M33226BFF	0	1409001_SFF	15650	0.0157188	0.13393	-3.79013
0	M33226BFF	0	1611012_BFF	14436	0.0176642	0.110557	-3.36654
0	M33226BFF	0	1611013_BFF	11317	0.0162587	0.10471	-3.14545
0	M33226BFF	0	1611032_BFF	15529	0.0169361	0.113272	-3.57938
0	M33226BFF	0	1702005_BFF	15029	0.0181649	0.0932198	-3.36871
0	M33226BFF	0	1702006_BFF	15083	0.0163098	0.108931	-3.43896
0	M33226BFF	0	1702007_BFF	15259	0.0165804	0.112589	-3.54167
0	M33226BFF	0	1702008_BFF	12727	0.0169718	0.101281	-3.27491
0	M33226BFF	0	1702009_BFF	15978	0.016335	0.116535	-3.64191
0	M33226BFF	0	1702012_BFF	11715	0.0166453	0.094665	-3.18302
0	M33226BFF	0	1702013_BFF	16025	0.0157254	0.121622	-3.72888
0	M33226BFF	0	1702014_BFF	12822	0.017392	0.0956949	-3.22656
0	M33226BFF	0	1702016_BFF	14805	0.0154677	0.111111	-3.4464
0	M33226BFF	0	1702017_BFF	13615	0.0168197	0.102681	-3.29863
0	M33226BFF	0	1702018_BFF	16070	0.0167393	0.116864	-3.61338
0	M33226BFF	0	1702019_BFF	15236	0.0150302	0.110987	-3.52558
0	M33226BFF	0	1702020_BFF	15906	0.0156545	0.121149	-3.7355
0	M33226BFF	0	1702022_BFF	15373	0.0169778	0.112275	-3.5932
0	M33226BFF	0	1702024_BFF	12843	0.015417	0.106595	-3.43772
0	M33226BFF	0	1702026_BFF	15718	0.0155872	0.116491	-3.66132
0	M33226BFF	0	1702027_BFF	14465	0.0156931	0.108953	-3.5376
0	M33226BFF	0	1702028_BFF	12169	0.0179144	0.095242	-3.19067
0	M33226BFF	0	1702029_BFF	14779	0.0180662	0.0813316	-3.17835
0	M33226BFF	0	1702031_BFF	15144	0.0163101	0.114501	-3.56593
0	M33226BFF	0	DG02_BFF	15709	0.0166783	0.1072	-3.48024
0	M33226BFF	0	1703018_BFF	16026	0.0150381	0.111631	-3.53017
0	M33226BFF	0	1804002BFF	12247	0.0172287	0.0981465	-3.29973
0	M33226BFF	0	1804003BFF	15121	0.0169301	0.110971	-3.49964
0	M33226BFF	0	1804004BFF	14741	0.0160776	0.105217	-3.45191
0	M33226BFF	0	1804005BFF	15050	0.0155482	0.109169	-3.42805
0	M33226BFF	0	1804006BFF	15294	0.0166078	0.112135	-3.57718
0	M33226BFF	0	1804007BFF	14990	0.0164777	0.107005	-3.4052
0	M33226BFF	0	1804008BFF	15292	0.0168716	0.111627	-3.44595
0	M33226BFF	0	1804009BFF	15113	0.0172037	0.111096	-3.49081
0	M33226BFF	0	1804010BFF	15416	0.0168007	0.112156	-3.54834
0	M33226BFF	0	1804011BFF	14619	0.0153909	0.108626	-3.39611
0	M33226BFF	0	1804013BFF	13455	0.0166481	0.107023	-3.34498
0	M33226BFF	0	1804014BFF	13959	0.0170499	0.104162	-3.24884
0	M33226BFF	0	1804015BFF	14498	0.0173127	0.10767	-3.34592
0	M33226BFF	0	1804016BFF	15263	0.014676	0.114132	-3.60125
0	M33226BFF	0	1804017BFF	15093	0.0156364	0.105943	-3.38302
0	M33226BFF	0	1805001BFF	14192	0.0161359	0.103227	-3.38807
0	M33226BFF	0	1805002BFF	15103	0.0170827	0.10819	-3.4904
0	M33226BFF	0	1805003BFF	13035	0.0166475	0.100192	-3.24958
0	M33226BFF	0	1815076BFF_GHFF	13518	0.0172363	0.102974	-3.26527
0	M33226BFF	0	1815092SFF	15234	0.014507	0.132007	-3.81771
0	M33226BFF	0	1815093BFF_SFF	14806	0.0158044	0.106916	-3.47786
0	M33226BFF	0	1815094SFF	10968	0.0178702	0.111871	-3.23291
0	M33226BFF	0	1815095SFF	15795	0.0134853	0.131687	-3.74648
0	M33226BFF	0	1815096SFF	14674	0.0153332	0.127845	-3.60112
0	M33226BFF	0	2411005_SFF	15180	0.0147563	0.12668	-3.64213
0	M33226BFF	0	2411007_SFF	13036	0.0143449	0.123274	-3.52665
0	M33226BFF	0	2811016_SFF	10561	0.0183695	0.0925102	-3.09329
0	M33226BFF	0	2811017_SFF	14661	0.0132324	0.127959	-3.65974
0	M33226BFF	0	37685_SFF	16074	0.0137489	0.137925	-3.81687
0	M33226BFF	0	37686_SFF	15880	0.0140428	0.135894	-3.80633
0	M33226BFF	0	37687_SFF	16052	0.0133317	0.141104	-3.91262
0	M33226BFF	0	37689_SFF	16068	0.0134429	0.140777	-3.91644
0	M33226BFF	0	37690_SFF	15494	0.014199	0.135536	-3.79914
0	M33226BFF	0	37695_SFF	14122	0.0137374	0.130718	-3.52093
0	M33226BFF	0	37697_SFF	15825	0.012891	0.138136	-3.93205
0	M33226BFF	0	37698_SFF	15622	0.0140187	0.139035	-3.85184
0	M33226BFF	0	37699_SFF	15597	0.0142976	0.134834	-3.81385
0	M33226BFF	0	37700_SFF	16087	0.0139864	0.142973	-3.98336
0	M33226BFF	0	37701_SFF	15996	0.013941	0.13891	-3.89566
0	M33226BFF	0	37702_SFF	15744	0.013529	0.136878	-3.89036
0	M33226BFF	0	37703_SFF	15781	0.0129903	0.138648	-3.86986
0	M33226BFF	0	37704_SFF	15944	0.0142373	0.136979	-3.87045
0	M33226BFF	0	37705_SFF	15716	0.0132985	0.13833	-3.79331
0	M33226BFF	0	37706_SFF	15995	0.0126289	0.142545	-3.94924
0	M33226BFF	0	37707_SFF	13507	0.0153994	0.122455	-3.49757
0	M33226BFF	0	37708_SFF	12015	0.0153974	0.124594	-3.3836
0	M33226BFF	0	37710_SFF	15448	0.0139177	0.133998	-3.78098
0	M33226BFF	0	37717_SFF	15809	0.0148017	0.138339	-3.83182
0	M33226BFF	0	37721_SFF	14648	0.0168624	0.0962589	-3.37841
0	M33226BFF	0	1412002_BFF	15239	0.0155522	0.101385	-3.3497
0	M33226BFF	0	DG05_BFF	9638	0.0175348	0.0969081	-3.14977
0	M33226BFF	0	DG06_BFF	9031	0.0195992	0.0963348	-3.12888
0	M33226BFF	0	K17053010BFF	12860	0.0166407	0.102799	-3.19491
0	M33226BFF	0	K17053011BFF	13699	0.0166436	0.101832	-3.28899
0	M33226BFF	0	K1705302BFF	13374	0.0181696	0.105653	-3.22337
0	M33226BFF	0	K1705303BFF	12532	0.0171561	0.0998244	-3.1417
0	M33226BFF	0	K1705304BFF	10249	0.0184408	0.0904478	-2.94199
0	M33226BFF	0	K1705305BFF	13998	0.0175025	0.103586	-3.22005
0	M33226BFF	0	K1705306BFF	14253	0.0169087	0.105732	-3.28139
0	M33226BFF	0	K1705307BFF	12714	0.0165172	0.0950134	-3.24956
0	M33226BFF	0	K1705308BFF	14326	0.0168924	0.104565	-3.36649
0	M33226BFF	0	M30431BFF	15664	0.0191522	0.00542646	0.0889458
0	M33226BFF	0	M30432BFF	14481	0.0198191	0.0051792	0.0991311
0	M33226BFF	0	M30434BFF	15753	0.0177744	0.00660192	0.0488971
0	M33226BFF	0	M30435BFF	15885	0.0135977	0.143909	-3.97564
0	M33226BFF	0	M30436BFF	15393	0.0140324	0.141168	-3.89574
0	M33226BFF	0	M30437BFF	12232	0.0153695	0.133175	-3.61809
0	M33226BFF	0	M30464BFF	16023	0.013543	0.145416	-4.00035
0	M33226BFF	0	M32949BFF	11293	0.0169131	0.135748	-3.50325
0	M33228BFF	0	1304001_SFF	11677	0.0506123	0.0967714	-0.371369
0	M33228BFF	0	1304004_SFF	12005	0.0490629	0.0946272	-0.363196
0	M33228BFF	0	1304006_SFF	12252	0.0467679	0.100392	-0.387125
0	M33228BFF	0	1304010_SFF	7665	0.0555773	0.0720157	-0.258302
0	M33228BFF	0	1304011_SFF	12066	0.0484833	0.094729	-0.361939
0	M33228BFF	0	1306009_SFF	12308	0.0477738	0.100179	-0.391539
0	M33228BFF	0	1306011_SFF	12362	0.0467562	0.0984469	-0.385789
0	M33228BFF	0	1306014_SFF	11345	0.0641692	0.0692816	-0.259839
0	M33228BFF	0	1306015_BFF	12266	0.0673406	0.0630197	-0.199941
0	M33228BFF	0	1307003_SFF	12342	0.0455356	0.0988495	-0.383922
0	M33228BFF	0	1307004_SFF	12182	0.0481858	0.0963717	-0.371203
0	M33228BFF	0	1611011_BFF	12380	0.069063	0.0650242	-0.210321
0	M33228BFF	0	1409002_SFF	11801	0.0467757	0.0976188	-0.376638
0	M33228BFF	0	1409007_SFF	12068	0.0489725	0.0981107	-0.382265
0	M33228BFF	0	1409008_SFF	12236	0.0464204	0.0957829	-0.371
0	M33228BFF	0	1409009_SFF	11847	0.0472694	0.0969022	-0.371787
0	M33228BFF	0	1409012_SFF	11528	0.0476232	0.0959403	-0.364444
0	M33228BFF	0	1409013_SFF	11766	0.0495495	0.0941696	-0.362104
0	M33228BFF	0	1409026_SFF	9136	0.0526489	0.0774956	-0.302016
0	M33228BFF	0	1409027_SFF	11239	0.0488478	0.0929798	-0.35249
0	M33228BFF	0	1409030_SFF	11850	0.0480169	0.0971308	-0.386205
0	M33228BFF	0	1409031_SFF	11392	0.0494206	0.0933111	-0.355558
0	M33228BFF	0	1409032_SFF	12088	0.0464097	0.0977002	-0.38411
0	M33228BFF	0	1410001_SFF	11168	0.0492479	0.0923173	-0.349806
0	M33228BFF	0	1410002_SFF	11563	0.0468736	0.0883854	-0.344479
0	M33228BFF	0	1412001_BFF	12378	0.0710131	0.0677008	-0.222331
0	M33228BFF	0	1412006_BFF	12230	0.068193	0.0641047	-0.209515
0	M33228BFF	0	1412010_BFF	11185	0.0704515	0.0566831	-0.179284
0	M33228BFF	0	1412014_BFF	11272	0.0718595	0.0577537	-0.186908
0	M33228BFF	0	1412024_BFF	11790	0.0688719	0.0627651	-0.202848
0	M33228BFF	0	1510003_SFF	10074	0.0490371	0.0871551	-0.333855
0	M33228BFF	0	1510004_SFF	12343	0.050474	0.0961679	-0.384113
0	M33228BFF	0	1610001_BFF	12246	0.0736567	0.0539768	-0.147309
0	M33228BFF	0	1610002_BFF	12276	0.0724177	0.0536005	-0.146327
0	M33228BFF	0	1610012_BFF	12397	0.0738888	0.056062	-0.154469
0	M33228BFF	0	1610013_BFF	11963	0.0739781	0.0545014	-0.147172
0	M33228BFF	0	1610015_BFF	12346	0.076138	0.0535396	-0.1354
0	M33228BFF	0	1610016_BFF	12467	0.0717093	0.0555867	-0.149477
0	M33228BFF	0	1610017_BFF	12474	0.0737534	0.0578804	-0.155359
0	M33228BFF	0	1409001_SFF	12158	0.049597	0.0989472	-0.390538
0	M33228BFF	0	1611012_BFF	11296	0.0655984	0.0598442	-0.197871
0	M33228BFF	0	1611013_BFF	8986	0.0726686	0.0503005	-0.127994
0	M33228BFF	0	1611032_BFF	12072	0.070328	0.0628728	-0.202319
0	M33228BFF	0	1702005_BFF	11681	0.0815855	0.0502525	-0.172982
0	M33228BFF	0	1702006_BFF	11726	0.0724885	0.0585878	-0.183705
0	M33228BFF	0	1702007_BFF	11856	0.0700911	0.0603914	-0.190725
0	M33228BFF	0	1702008_BFF	9936	0.0718599	0.0518317	-0.155277
0	M33228BFF	0	1702009_BFF	12382	0.0699402	0.062187	-0.201351
0	M33228BFF	0	1702012_BFF	9249	0.0737377	0.0498432	-0.152927
0	M33228BFF	0	1702013_BFF	12434	0.0661091	0.0616857	-0.201243
0	M33228BFF	0	1702014_BFF	9982	0.0682228	0.0531958	-0.165829
0	M33228BFF	0	1702016_BFF	11520	0.0703993	0.062934	-0.208036
0	M33228BFF	0	1702017_BFF	10630	0.0731891	0.058984	-0.19159
0	M33228BFF	0	1702018_BFF	12456	0.0656712	0.0659923	-0.228295
0	M33228BFF	0	1702019_BFF	11889	0.0724199	0.061906	-0.197041
0	M33228BFF	0	1702020_BFF	12362	0.0657661	0.0689209	-0.228363
0	M33228BFF	0	1702022_BFF	11980	0.0730384	0.0584307	-0.183481
0	M33228BFF	0	1702024_BFF	10124	0.0700316	0.0577835	-0.161116
0	M33228BFF	0	1702026_BFF	12214	0.071721	0.0640249	-0.201422
0	M33228BFF	0	1702027_BFF	11262	0.0756526	0.058249	-0.185438
0	M33228BFF	0	1702028_BFF	9514	0.0742064	0.0551818	-0.183463
0	M33228BFF	0	1702029_BFF	11482	0.0790803	0.0484236	-0.170929
0	M33228BFF	0	1702031_BFF	11842	0.0759162	0.0557338	-0.148202
0	M33228BFF	0	DG02_BFF	12178	0.0689768	0.0607653	-0.201613
0	M33228BFF	0	1703018_BFF	12423	0.0714803	0.0527248	-0.146166
0	M33228BFF	0	1804002BFF	9786	0.0764357	0.0506847	-0.144283
0	M33228BFF	0	1804003BFF	11856	0.0711876	0.0587045	-0.189577
0	M33228BFF	0	1804004BFF	11540	0.0705373	0.0580589	-0.184764
0	M33228BFF	0	1804005BFF	11783	0.0711194	0.0611898	-0.195127
0	M33228BFF	0	1804006BFF	11980	0.0681135	0.0598497	-0.190355
0	M33228BFF	0	1804007BFF	11751	0.0698664	0.058378	-0.191505
0	M33228BFF	0	1804008BFF	11963	0.0697985	0.0587645	-0.185294
0	M33228BFF	0	1804009BFF	11836	0.070294	0.0618452	-0.192706
0	M33228BFF	0	1804010BFF	12033	0.0664007	0.0596692	-0.199717
0	M33228BFF	0	1804011BFF	11497	0.0739323	0.0525354	-0.145912
0	M33228BFF	0	1804013BFF	10697	0.0738525	0.0535664	-0.144253
0	M33228BFF	0	1804014BFF	11081	0.0738201	0.0488223	-0.125492
0	M33228BFF	0	1804015BFF	11463	0.0756347	0.0521678	-0.13066
0	M33228BFF	0	1804016BFF	11934	0.0736551	0.0560583	-0.158087
0	M33228BFF	0	1804017BFF	11806	0.073776	0.0527698	-0.146697
0	M33228BFF	0	1805001BFF	11180	0.0722719	0.0581395	-0.196907
0	M33228BFF	0	1805002BFF	11834	0.0725875	0.0594051	-0.185118
0	M33228BFF	0	1805003BFF	10388	0.0731613	0.0551598	-0.171831
0	M33228BFF	0	1815076BFF_GHFF	10753	0.0743048	0.0571003	-0.16996
0	M33228BFF	0	1815092SFF	11898	0.051101	0.0973273	-0.365938
0	M33228BFF	0	1815093BFF_SFF	11609	0.0679645	0.0582307	-0.184914
0	M33228BFF	0	1815094SFF	8894	0.0541938	0.0791545	-0.294335
0	M33228BFF	0	1815095SFF	12277	0.0483017	0.095626	-0.366569
0	M33228BFF	0	1815096SFF	11538	0.0468019	0.0938638	-0.361738
0	M33228BFF	0	2411005_SFF	11816	0.052302	0.0928402	-0.352917
0	M33228BFF	0	2411007_SFF	10181	0.0499951	0.0915431	-0.340075
0	M33228BFF	0	2811016_SFF	8346	0.0623053	0.0623053	-0.245098
0	M33228BFF	0	2811017_SFF	11440	0.0481643	0.0917832	-0.349746
0	M33228BFF	0	37685_SFF	12463	0.0458156	0.105432	-0.412355
0	M33228BFF	0	37686_SFF	12331	0.0484146	0.104371	-0.411092
0	M33228BFF	0	37687_SFF	12451	0.0432094	0.106819	-0.419186
0	M33228BFF	0	37689_SFF	12477	0.0446421	0.106596	-0.420951
0	M33228BFF	0	37690_SFF	12065	0.0469126	0.101948	-0.393554
0	M33228BFF	0	37695_SFF	11059	0.0469301	0.100461	-0.374673
0	M33228BFF	0	37697_SFF	12274	0.0450546	0.104285	-0.399393
0	M33228BFF	0	37698_SFF	12130	0.0446002	0.0995878	-0.386012
0	M33228BFF	0	37699_SFF	12109	0.0453382	0.0986043	-0.390512
0	M33228BFF	0	37700_SFF	12490	0.046277	0.107686	-0.422038
0	M33228BFF	0	37701_SFF	12409	0.0464179	0.104279	-0.405982
0	M33228BFF	0	37702_SFF	12209	0.0467688	0.105005	-0.409648
0	M33228BFF	0	37703_SFF	12255	0.0434109	0.105263	-0.404617
0	M33228BFF	0	37704_SFF	12371	0.0466413	0.103144	-0.406725
0	M33228BFF	0	37705_SFF	12218	0.0446882	0.105255	-0.40572
0	M33228BFF	0	37706_SFF	12413	0.0469669	0.105293	-0.40472
0	M33228BFF	0	37707_SFF	10607	0.0493071	0.0886207	-0.335969
0	M33228BFF	0	37708_SFF	9606	0.0467416	0.0889028	-0.333125
0	M33228BFF	0	37710_SFF	12021	0.0481657	0.0994926	-0.383968
0	M33228BFF	0	37717_SFF	12283	0.0472197	0.10543	-0.415846
0	M33228BFF	0	37721_SFF	11414	0.0593131	0.0799895	-0.322557
0	M33228BFF	0	1412002_BFF	11841	0.0688286	0.061059	-0.197309
0	M33228BFF	0	DG05_BFF	7614	0.0745994	0.0539795	-0.148107
0	M33228BFF	0	DG06_BFF	7055	0.0761162	0.0500354	-0.146062
0	M33228BFF	0	K17053010BFF	10267	0.0749976	0.0507451	-0.137182
0	M33228BFF	0	K17053011BFF	10827	0.0735199	0.0447031	-0.107239
0	M33228BFF	0	K1705302BFF	10609	0.0798379	0.0505231	-0.124769
0	M33228BFF	0	K1705303BFF	10075	0.075732	0.0480397	-0.124515
0	M33228BFF	0	K1705304BFF	8245	0.0806549	0.0409945	-0.0961653
0	M33228BFF	0	K1705305BFF	11058	0.0792187	0.0489239	-0.117054
0	M33228BFF	0	K1705306BFF	11273	0.0714096	0.0496762	-0.128541
0	M33228BFF	0	K1705307BFF	10157	0.0765974	0.0444029	-0.112915
0	M33228BFF	0	K1705308BFF	11318	0.0731578	0.0488602	-0.13159
0	M33228BFF	0	M30431BFF	11934	0.0168426	0.130551	-3.31916
0	M33228BFF	0	M30432BFF	11108	0.0154843	0.129906	-3.3729
0	M33228BFF	0	M30434BFF	11975	0.0156994	0.131608	-3.58789
0	M33228BFF	0	M30435BFF	12392	0.0830374	0.0293738	0.0462693
0	M33228BFF	0	M30436BFF	12107	0.0790452	0.0281655	0.0446581
0	M33228BFF	0	M30437BFF	9985	0.0751127	0.0237356	0.0714475
0	M33228BFF	0	M30464BFF	12481	0.0837273	0.0286836	0.0526749
0	M33228BFF	0	M32949BFF	9261	0.0791491	0.0236476	0.0815124
0	M33228BFF	0	M33226BFF	11696	0.0159029	0.131498	-3.46112
0	M33229BFF	0	1304001_SFF	15583	0.0131554	0.133222	-3.93078
0	M33229BFF	0	1304004_SFF	16012	0.012678	0.135336	-3.9628
0	M33229BFF	0	1304006_SFF	16341	0.0140138	0.136099	-3.9176
0	M33229BFF	0	1304010_SFF	10007	0.0141901	0.106525	-3.1898
0	M33229BFF	0	1304011_SFF	16089	0.0141712	0.133072	-3.85325
0	M33229BFF	0	1306009_SFF	16416	0.0135234	0.139559	-4.05831
0	M33229BFF	0	1306011_SFF	16483	0.0132864	0.134745	-3.94036
0	M33229BFF	0	1306014_SFF	15092	0.0163	0.111118	-3.62839
0	M33229BFF	0	1306015_BFF	16352	0.0148606	0.119129	-3.83807
0	M33229BFF	0	1307003_SFF	16465	0.0128151	0.137079	-3.97885
0	M33229BFF	0	1307004_SFF	16258	0.0137163	0.135687	-3.92947
0	M33229BFF	0	1611011_BFF	16526	0.0140385	0.12199	-3.90309
0	M33229BFF	0	1409002_SFF	15675	0.0134609	0.13429	-3.86436
0	M33229BFF	0	1409007_SFF	16055	0.0129555	0.132233	-3.92683
0	M33229BFF	0	1409008_SFF	16318	0.0128692	0.135556	-3.97905
0	M33229BFF	0	1409009_SFF	15847	0.0132517	0.133842	-3.93705
0	M33229BFF	0	1409012_SFF	15403	0.0137636	0.129196	-3.71711
0	M33229BFF	0	1409013_SFF	15735	0.0141087	0.13346	-3.88133
0	M33229BFF	0	1409026_SFF	12106	0.013547	0.117545	-3.63494
0	M33229BFF	0	1409027_SFF	14937	0.0131887	0.129544	-3.80053
0	M33229BFF	0	1409030_SFF	15797	0.0132304	0.127619	-3.76259
0	M33229BFF	0	1409031_SFF	15235	0.0156219	0.131408	-3.86241
0	M33229BFF	0	1409032_SFF	16145	0.0133788	0.135584	-3.94676
0	M33229BFF	0	1410001_SFF	14750	0.0140339	0.130102	-3.68018
0	M33229BFF	0	1410002_SFF	15368	0.014771	0.127017	-3.67587
0	M33229BFF	0	1412001_BFF	16524	0.0156137	0.117708	-3.74965
0	M33229BFF	0	1412006_BFF	16309	0.0152676	0.118769	-3.74097
0	M33229BFF	0	1412010_BFF	14857	0.0168271	0.108703	-3.54369
0	M33229BFF	0	1412014_BFF	14974	0.0169627	0.110658	-3.62652
0	M33229BFF	0	1412024_BFF	15622	0.015427	0.111765	-3.6514
0	M33229BFF	0	1510003_SFF	13260	0.0153092	0.122021	-3.64458
0	M33229BFF	0	1510004_SFF	16469	0.0142692	0.132006	-3.89752
0	M33229BFF	0	1610001_BFF	16306	0.0162517	0.117319	-3.70787
0	M33229BFF	0	1610002_BFF	16353	0.0143705	0.119978	-3.80626
0	M33229BFF	0	1610012_BFF	16523	0.0154936	0.11832	-3.74483
0	M33229BFF	0	1610013_BFF	15845	0.0155254	0.112654	-3.5967
0	M33229BFF	0	1610015_BFF	16449	0.0153809	0.116056	-3.72626
0	M33229BFF	0	1610016_BFF	16615	0.0146253	0.120373	-3.82197
0	M33229BFF	0	1610017_BFF	16633	0.0155715	0.121205	-3.79396
0	M33229BFF	0	1409001_SFF	16205	0.01444	0.133786	-3.94929
0	M33229BFF	0	1611012_BFF	14924	0.0152104	0.110962	-3.55159
0	M33229BFF	0	1611013_BFF	11722	0.0163795	0.105784	-3.22715
0	M33229BFF	0	1611032_BFF	16068	0.0157456	0.115758	-3.76359
0	M33229BFF	0	1702005_BFF	15545	0.016983	0.0938565	-3.45094
0	M33229BFF	0	1702006_BFF	15606	0.0157632	0.108868	-3.58761
0	M33229BFF	0	1702007_BFF	15775	0.0161014	0.112583	-3.625
0	M33229BFF	0	1702008_BFF	13154	0.0173331	0.103695	-3.48476
0	M33229BFF	0	1702009_BFF	16543	0.0163816	0.119144	-3.78867
0	M33229BFF	0	1702012_BFF	12131	0.0156624	0.0951282	-3.30113
0	M33229BFF	0	1702013_BFF	16593	0.014705	0.121618	-3.83904
0	M33229BFF	0	1702014_BFF	13253	0.0168264	0.0990719	-3.32234
0	M33229BFF	0	1702016_BFF	15298	0.015623	0.112694	-3.58735
0	M33229BFF	0	1702017_BFF	14088	0.0176036	0.105125	-3.43142
0	M33229BFF	0	1702018_BFF	16629	0.0147934	0.118167	-3.75516
0	M33229BFF	0	1702019_BFF	15746	0.0144164	0.111774	-3.62572
0	M33229BFF	0	1702020_BFF	16466	0.014697	0.122191	-3.83901
0	M33229BFF	0	1702022_BFF	15916	0.0152677	0.112465	-3.69156
0	M33229BFF	0	1702024_BFF	13298	0.016243	0.108137	-3.54319
0	M33229BFF	0	1702026_BFF	16282	0.0148016	0.117123	-3.81525
0	M33229BFF	0	1702027_BFF	14986	0.0155478	0.11097	-3.62424
0	M33229BFF	0	1702028_BFF	12613	0.0165702	0.0968049	-3.42248
0	M33229BFF	0	1702029_BFF	15319	0.0177557	0.0824466	-3.30368
0	M33229BFF	0	1702031_BFF	15676	0.0148635	0.11508	-3.61115
0	M33229BFF	0	DG02_BFF	16252	0.0155673	0.108664	-3.62358
0	M33229BFF	0	1703018_BFF	16582	0.0151369	0.113617	-3.65316
0	M33229BFF	0	1804002BFF	12616	0.0163285	0.100349	-3.4531
0	M33229BFF	0	1804003BFF	15624	0.0180492	0.112263	-3.54743
0	M33229BFF	0	1804004BFF	15220	0.0151774	0.105716	-3.52628
0	M33229BFF	0	1804005BFF	15558	0.0164546	0.110426	-3.62261
0	M33229BFF	0	1804006BFF	15827	0.0152903	0.112466	-3.65929
0	M33229BFF	0	1804007BFF	15484	0.0155645	0.109403	-3.58589
0	M33229BFF	0	1804008BFF	15794	0.0165253	0.113904	-3.70524
0	M33229BFF	0	1804009BFF	15622	0.0151069	0.111381	-3.64323
0	M33229BFF	0	1804010BFF	15930	0.015882	0.113057	-3.68813
0	M33229BFF	0	1804011BFF	15086	0.0165054	0.109572	-3.46686
0	M33229BFF	0	1804013BFF	13863	0.0163024	0.107913	-3.39188
0	M33229BFF	0	1804014BFF	14394	0.0161178	0.105183	-3.43136
0	M33229BFF	0	1804015BFF	14961	0.0162422	0.108749	-3.52283
0	M33229BFF	0	1804016BFF	15773	0.0145185	0.113802	-3.63581
0	M33229BFF	0	1804017BFF	15590	0.0157793	0.10898	-3.50647
0	M33229BFF	0	1805001BFF	14639	0.0170094	0.105198	-3.47612
0	M33229BFF	0	1805002BFF	15605	0.0161487	0.108555	-3.58273
0	M33229BFF	0	1805003BFF	13434	0.0157064	0.10265	-3.50344
0	M33229BFF	0	1815076BFF_GHFF	13976	0.0168861	0.103892	-3.33991
0	M33229BFF	0	1815092SFF	15748	0.0140335	0.133858	-3.87482
0	M33229BFF	0	1815093BFF_SFF	15286	0.0164203	0.106764	-3.47697
0	M33229BFF	0	1815094SFF	11288	0.0164777	0.112155	-3.34717
0	M33229BFF	0	1815095SFF	16327	0.0130459	0.132909	-3.88478
0	M33229BFF	0	1815096SFF	15139	0.0131449	0.12841	-3.76233
0	M33229BFF	0	2411005_SFF	15692	0.014466	0.128091	-3.81698
0	M33229BFF	0	2411007_SFF	13481	0.0140939	0.124917	-3.68486
0	M33229BFF	0	2811016_SFF	10919	0.0159355	0.0935067	-3.30319
0	M33229BFF	0	2811017_SFF	15172	0.0120617	0.129976	-3.81794
0	M33229BFF	0	37685_SFF	16643	0.0127982	0.137475	-3.95144
0	M33229BFF	0	37686_SFF	16441	0.0138678	0.137157	-3.93492
0	M33229BFF	0	37687_SFF	16619	0.0125158	0.142126	-4.04876
0	M33229BFF	0	37689_SFF	16637	0.0131033	0.141792	-4.06371
0	M33229BFF	0	37690_SFF	16024	0.0134798	0.136982	-4.05775
0	M33229BFF	0	37695_SFF	14594	0.014321	0.132178	-3.69678
0	M33229BFF	0	37697_SFF	16381	0.0123314	0.140223	-4.10476
0	M33229BFF	0	37698_SFF	16154	0.0115761	0.139965	-4.05043
0	M33229BFF	0	37699_SFF	16141	0.0127006	0.136113	-3.96474
0	M33229BFF	0	37700_SFF	16653	0.0124302	0.143217	-4.11107
0	M33229BFF	0	37701_SFF	16570	0.0131563	0.140917	-4.02135
0	M33229BFF	0	37702_SFF	16295	0.0125805	0.136545	-3.95308
0	M33229BFF	0	37703_SFF	16337	0.0133439	0.14005	-3.9268
0	M33229BFF	0	37704_SFF	16507	0.0137517	0.139032	-4.02112
0	M33229BFF	0	37705_SFF	16268	0.0130932	0.140706	-3.96364
0	M33229BFF	0	37706_SFF	16556	0.0111138	0.143453	-4.14944
0	M33229BFF	0	37707_SFF	13945	0.0151309	0.124274	-3.61218
0	M33229BFF	0	37708_SFF	12461	0.0125993	0.125431	-3.7065
0	M33229BFF	0	37710_SFF	15976	0.012644	0.135453	-3.92714
0	M33229BFF	0	37717_SFF	16356	0.0133896	0.138481	-3.96419
0	M33229BFF	0	37721_SFF	15158	0.0176804	0.0972424	-3.44016
0	M33229BFF	0	1412002_BFF	15769	0.0161076	0.102162	-3.44408
0	M33229BFF	0	DG05_BFF	9974	0.0183477	0.0976539	-2.94617
0	M33229BFF	0	DG06_BFF	9327	0.0216576	0.0961724	-3.0158
0	M33229BFF	0	K17053010BFF	13241	0.0155577	0.103164	-3.29319
0	M33229BFF	0	K17053011BFF	14133	0.0169108	0.102031	-3.32953
0	M33229BFF	0	K1705302BFF	13792	0.0170389	0.104698	-3.36415
0	M33229BFF	0	K1705303BFF	12926	0.0167879	0.101114	-3.23103
0	M33229BFF	0	K1705304BFF	10579	0.0174875	0.0926364	-3.05223
0	M33229BFF	0	K1705305BFF	14441	0.0176581	0.102832	-3.26322
0	M33229BFF	0	K1705306BFF	14691	0.0159281	0.1068	-3.42715
0	M33229BFF	0	K1705307BFF	13135	0.0165969	0.0947849	-3.22739
0	M33229BFF	0	K1705308BFF	14815	0.0165373	0.104354	-3.50659
0	M33229BFF	0	M30431BFF	16182	0.0179829	0.0063033	0.0529539
0	M33229BFF	0	M30432BFF	14906	0.0193211	0.00550114	0.0786741
0	M33229BFF	0	M30434BFF	16264	0.0178923	0.00694786	0.0423242
0	M33229BFF	0	M30435BFF	16432	0.0133277	0.144839	-4.10056
0	M33229BFF	0	M30436BFF	15909	0.0140801	0.143441	-4.01064
0	M33229BFF	0	M30437BFF	12586	0.0143016	0.13523	-3.74559
0	M33229BFF	0	M30464BFF	16580	0.0134499	0.146381	-4.13916
0	M33229BFF	0	M32949BFF	11571	0.0150376	0.135598	-3.60529
0	M33229BFF	0	M33226BFF	15753	0.0180283	0.00584016	0.0636364
0	M33229BFF	0	M33228BFF	11995	0.0145894	0.130554	-3.52106
0	M33231BFF	0	1304001_SFF	13248	0.0144928	0.131114	-3.7147
0	M33231BFF	0	1304004_SFF	13614	0.0148377	0.135155	-3.8061
0	M33231BFF	0	1304006_SFF	13891	0.0151177	0.134044	-3.70394
0	M33231BFF	0	1304010_SFF	8630	0.0190035	0.10591	-3.09181
0	M33231BFF	0	1304011_SFF	13688	0.0146844	0.132306	-3.67914
0	M33231BFF	0	1306009_SFF	13967	0.0163242	0.14076	-3.94008
0	M33231BFF	0	1306011_SFF	14004	0.0159954	0.134033	-3.79272
0	M33231BFF	0	1306014_SFF	12887	0.0187786	0.110344	-3.39975
0	M33231BFF	0	1306015_BFF	13906	0.0158924	0.117647	-3.65249
0	M33231BFF	0	1307003_SFF	13991	0.014009	0.13766	-3.83451
0	M33231BFF	0	1307004_SFF	13818	0.0141844	0.1341	-3.7818
0	M33231BFF	0	1611011_BFF	14044	0.0148106	0.121903	-3.72345
0	M33231BFF	0	1409002_SFF	13347	0.0140106	0.133588	-3.76863
0	M33231BFF	0	1409007_SFF	13661	0.0140546	0.132567	-3.76411
0	M33231BFF	0	1409008_SFF	13883	0.0136138	0.134049	-3.78772
0	M33231BFF	0	1409009_SFF	13472	0.0156621	0.131903	-3.70016
0	M33231BFF	0	1409012_SFF	13131	0.0150788	0.129465	-3.57054
0	M33231BFF	0	1409013_SFF	13389	0.0146389	0.13302	-3.73566
0	M33231BFF	0	1409026_SFF	10394	0.0150087	0.114682	-3.30979
0	M33231BFF	0	1409027_SFF	12791	0.0138379	0.127121	-3.60892
0	M33231BFF	0	1409030_SFF	13434	0.0159297	0.128629	-3.65082
0	M33231BFF	0	1409031_SFF	12946	0.0169164	0.12977	-3.61975
0	M33231BFF	0	1409032_SFF	13743	0.0157171	0.135924	-3.83144
0	M33231BFF	0	1410001_SFF	12619	0.0150567	0.129725	-3.67047
0	M33231BFF	0	1410002_SFF	13069	0.0145382	0.125335	-3.60396
0	M33231BFF	0	1412001_BFF	14030	0.0174626	0.117605	-3.5874
0	M33231BFF	0	1412006_BFF	13870	0.0171593	0.11889	-3.60878
0	M33231BFF	0	1412010_BFF	12665	0.0176076	0.108409	-3.39966
0	M33231BFF	0	1412014_BFF	12743	0.0169505	0.109472	-3.47021
0	M33231BFF	0	1412024_BFF	13302	0.0172906	0.11081	-3.46215
0	M33231BFF	0	1510003_SFF	11338	0.0179926	0.11898	-3.3447
0	M33231BFF	0	1510004_SFF	13991	0.0150811	0.130798	-3.7943
0	M33231BFF	0	1610001_BFF	13857	0.01566	0.116331	-3.57924
0	M33231BFF	0	1610002_BFF	13900	0.0157554	0.121007	-3.72182
0	M33231BFF	0	1610012_BFF	14043	0.0178737	0.11828	-3.60793
0	M33231BFF	0	1610013_BFF	13500	0.0159259	0.114	-3.45934
0	M33231BFF	0	1610015_BFF	13972	0.0175351	0.116376	-3.60925
0	M33231BFF	0	1610016_BFF	14123	0.0155066	0.119734	-3.65748
0	M33231BFF	0	1610017_BFF	14131	0.0156394	0.121223	-3.7103
0	M33231BFF	0	1409001_SFF	13788	0.0150131	0.132144	-3.77818
0	M33231BFF	0	1611012_BFF	12767	0.0184852	0.110206	-3.36163
0	M33231BFF	0	1611013_BFF	10152	0.018026	0.104807	-3.12835
0	M33231BFF	0	1611032_BFF	13677	0.0178402	0.114791	-3.56059
0	M33231BFF	0	1702005_BFF	13249	0.0198506	0.0937429	-3.30858
0	M33231BFF	0	1702006_BFF	13299	0.0154899	0.110159	-3.54461
0	M33231BFF	0	1702007_BFF	13443	0.0177044	0.114111	-3.50897
0	M33231BFF	0	1702008_BFF	11270	0.0181899	0.103461	-3.30068
0	M33231BFF	0	1702009_BFF	14058	0.0172855	0.117727	-3.6305
0	M33231BFF	0	1702012_BFF	10438	0.0174363	0.0980073	-3.34259
0	M33231BFF	0	1702013_BFF	14100	0.0162411	0.122837	-3.71812
0	M33231BFF	0	1702014_BFF	11357	0.0185789	0.0980012	-3.18977
0	M33231BFF	0	1702016_BFF	13038	0.0166437	0.11198	-3.44504
0	M33231BFF	0	1702017_BFF	12031	0.0184523	0.105644	-3.41636
0	M33231BFF	0	1702018_BFF	14126	0.0168484	0.116664	-3.60276
0	M33231BFF	0	1702019_BFF	13414	0.0155062	0.113314	-3.53525
0	M33231BFF	0	1702020_BFF	13990	0.0166548	0.122016	-3.70534
0	M33231BFF	0	1702022_BFF	13560	0.0176254	0.112684	-3.53176
0	M33231BFF	0	1702024_BFF	11475	0.0180392	0.106667	-3.21549
0	M33231BFF	0	1702026_BFF	13833	0.015904	0.116894	-3.64423
0	M33231BFF	0	1702027_BFF	12763	0.0166889	0.10977	-3.51087
0	M33231BFF	0	1702028_BFF	10803	0.0189762	0.0982135	-3.36164
0	M33231BFF	0	1702029_BFF	13043	0.018784	0.081883	-3.0977
0	M33231BFF	0	1702031_BFF	13360	0.0176647	0.116542	-3.47213
0	M33231BFF	0	DG02_BFF	13807	0.0168031	0.10922	-3.46216
0	M33231BFF	0	1703018_BFF	14096	0.0165295	0.113578	-3.5156
0	M33231BFF	0	1804002BFF	10880	0.0181066	0.0997243	-3.25301
0	M33231BFF	0	1804003BFF	13338	0.0183686	0.112536	-3.45739
0	M33231BFF	0	1804004BFF	12987	0.017479	0.10703	-3.4506
0	M33231BFF	0	1804005BFF	13287	0.0167081	0.109957	-3.37885
0	M33231BFF	0	1804006BFF	13484	0.0157965	0.112207	-3.55298
0	M33231BFF	0	1804007BFF	13257	0.0163687	0.109602	-3.46565
0	M33231BFF	0	1804008BFF	13471	0.0179645	0.112835	-3.48985
0	M33231BFF	0	1804009BFF	13337	0.0169453	0.10902	-3.43234
0	M33231BFF	0	1804010BFF	13613	0.0164549	0.114082	-3.52773
0	M33231BFF	0	1804011BFF	12951	0.0166782	0.109412	-3.42555
0	M33231BFF	0	1804013BFF	11940	0.0169179	0.107203	-3.27978
0	M33231BFF	0	1804014BFF	12402	0.016449	0.106031	-3.28993
0	M33231BFF	0	1804015BFF	12852	0.0187519	0.107843	-3.2554
0	M33231BFF	0	1804016BFF	13482	0.015873	0.114968	-3.59867
0	M33231BFF	0	1804017BFF	13320	0.0175676	0.109685	-3.44752
0	M33231BFF	0	1805001BFF	12546	0.0164993	0.104894	-3.44105
0	M33231BFF	0	1805002BFF	13296	0.0166215	0.108228	-3.44367
0	M33231BFF	0	1805003BFF	11576	0.0167588	0.10038	-3.1961
0	M33231BFF	0	1815076BFF_GHFF	12016	0.0178096	0.101615	-3.22347
0	M33231BFF	0	1815092SFF	13442	0.0146556	0.131974	-3.71094
0	M33231BFF	0	1815093BFF_SFF	13085	0.0158961	0.107222	-3.37228
0	M33231BFF	0	1815094SFF	9935	0.0179165	0.110015	-3.21266
0	M33231BFF	0	1815095SFF	13906	0.0142385	0.133683	-3.77305
0	M33231BFF	0	1815096SFF	12984	0.0160967	0.13016	-3.61915
0	M33231BFF	0	2411005_SFF	13345	0.0147621	0.124991	-3.58705
0	M33231BFF	0	2411007_SFF	11543	0.0151607	0.122672	-3.46686
0	M33231BFF	0	2811016_SFF	9435	0.018018	0.0930578	-3.15344
0	M33231BFF	0	2811017_SFF	12924	0.0123801	0.1303	-3.66709
0	M33231BFF	0	37685_SFF	14132	0.0143646	0.138692	-3.81483
0	M33231BFF	0	37686_SFF	13986	0.015301	0.135278	-3.78583
0	M33231BFF	0	37687_SFF	14118	0.0140955	0.141805	-3.89727
0	M33231BFF	0	37689_SFF	14131	0.0137994	0.140047	-3.89224
0	M33231BFF	0	37690_SFF	13643	0.0144396	0.13692	-3.79381
0	M33231BFF	0	37695_SFF	12523	0.0162102	0.133434	-3.6333
0	M33231BFF	0	37697_SFF	13931	0.0137104	0.139617	-3.8756
0	M33231BFF	0	37698_SFF	13734	0.0149265	0.139071	-3.87319
0	M33231BFF	0	37699_SFF	13712	0.0160443	0.136377	-3.80048
0	M33231BFF	0	37700_SFF	14152	0.0143443	0.142524	-3.95227
0	M33231BFF	0	37701_SFF	14084	0.0142715	0.141437	-3.94167
0	M33231BFF	0	37702_SFF	13848	0.0133593	0.136193	-3.78249
0	M33231BFF	0	37703_SFF	13887	0.0132498	0.139051	-3.79803
0	M33231BFF	0	37704_SFF	14041	0.0154547	0.138452	-3.83646
0	M33231BFF	0	37705_SFF	13856	0.0141455	0.141166	-3.85423
0	M33231BFF	0	37706_SFF	14059	0.01323	0.143822	-3.98967
0	M33231BFF	0	37707_SFF	11987	0.0174356	0.125219	-3.45312
0	M33231BFF	0	37708_SFF	10729	0.0165905	0.124243	-3.41766
0	M33231BFF	0	37710_SFF	13619	0.0151259	0.134738	-3.7496
0	M33231BFF	0	37717_SFF	13906	0.015389	0.138429	-3.80521
0	M33231BFF	0	37721_SFF	12891	0.0177643	0.0971996	-3.2557
0	M33231BFF	0	1412002_BFF	13440	0.0174851	0.102679	-3.29064
0	M33231BFF	0	DG05_BFF	8612	0.0205527	0.09719	-2.8507
0	M33231BFF	0	DG06_BFF	8056	0.0203575	0.0948361	-2.85261
0	M33231BFF	0	K17053010BFF	11471	0.0181327	0.103566	-3.10675
0	M33231BFF	0	K17053011BFF	12142	0.0167188	0.101137	-3.19671
0	M33231BFF	0	K1705302BFF	11886	0.0181726	0.106091	-3.35655
0	M33231BFF	0	K1705303BFF	11171	0.0185301	0.101244	-3.11106
0	M33231BFF	0	K1705304BFF	9156	0.0192224	0.0893403	-2.84663
0	M33231BFF	0	K1705305BFF	12393	0.0180747	0.102639	-3.13347
0	M33231BFF	0	K1705306BFF	12627	0.0189277	0.106201	-3.22066
0	M33231BFF	0	K1705307BFF	11304	0.0199929	0.0948337	-3.10956
0	M33231BFF	0	K1705308BFF	12704	0.018813	0.104613	-3.39851
0	M33231BFF	0	M30431BFF	13836	0.0193698	0.00462561	0.108677
0	M33231BFF	0	M30432BFF	12882	0.0189412	0.00395901	0.114151
0	M33231BFF	0	M30434BFF	13909	0.0181897	0.0052484	0.0708042
0	M33231BFF	0	M30435BFF	13979	0.0135203	0.145003	-3.95563
0	M33231BFF	0	M30436BFF	13580	0.0142857	0.143741	-3.91005
0	M33231BFF	0	M30437BFF	10997	0.0158225	0.136492	-3.69455
0	M33231BFF	0	M30464BFF	14086	0.0144115	0.148019	-4.04976
0	M33231BFF	0	M32949BFF	10168	0.0181943	0.135622	-3.3499
0	M33231BFF	0	M33226BFF	13550	0.0197786	0.00442804	0.113472
0	M33231BFF	0	M33228BFF	10518	0.0158775	0.131869	-3.43042
0	M33231BFF	0	M33229BFF	13920	0.0196839	0.00517241	0.0942982
0	M33232BFF	0	1304001_SFF	15343	0.0140781	0.132308	-3.77975
0	M33232BFF	0	1304004_SFF	15743	0.0136569	0.135044	-3.82932
0	M33232BFF	0	1304006_SFF	16083	0.0140521	0.136044	-3.73879
0	M33232BFF	0	1304010_SFF	9833	0.0152548	0.107088	-3.30923
0	M33232BFF	0	1304011_SFF	15842	0.0150865	0.132496	-3.66391
0	M33232BFF	0	1306009_SFF	16164	0.0150334	0.140064	-3.89325
0	M33232BFF	0	1306011_SFF	16224	0.0145464	0.133814	-3.80487
0	M33232BFF	0	1306014_SFF	14852	0.0172367	0.109413	-3.38062
0	M33232BFF	0	1306015_BFF	16093	0.0157211	0.118126	-3.62069
0	M33232BFF	0	1307003_SFF	16200	0.0130864	0.137037	-3.8526
0	M33232BFF	0	1307004_SFF	15998	0.0153769	0.136142	-3.81034
0	M33232BFF	0	1611011_BFF	16275	0.0144393	0.120307	-3.73273
0	M33232BFF	0	1409002_SFF	15437	0.0141219	0.134223	-3.83151
0	M33232BFF	0	1409007_SFF	15803	0.0137316	0.133709	-3.75904
0	M33232BFF	0	1409008_SFF	16074	0.0135001	0.135498	-3.82406
0	M33232BFF	0	1409009_SFF	15589	0.0140484	0.133748	-3.80237
0	M33232BFF	0	1409012_SFF	15172	0.0151595	0.130108	-3.63353
0	M33232BFF	0	1409013_SFF	15492	0.0142654	0.131616	-3.68812
0	M33232BFF	0	1409026_SFF	11952	0.0151439	0.116299	-3.36236
0	M33232BFF	0	1409027_SFF	14727	0.0144632	0.129015	-3.63058
0	M33232BFF	0	1409030_SFF	15541	0.0131909	0.128241	-3.6476
0	M33232BFF	0	1409031_SFF	14977	0.0144889	0.129866	-3.69645
0	M33232BFF	0	1409032_SFF	15886	0.0142893	0.135591	-3.82601
0	M33232BFF	0	1410001_SFF	14523	0.015355	0.129932	-3.61316
0	M33232BFF	0	1410002_SFF	15122	0.0149451	0.125182	-3.60328
0	M33232BFF	0	1412001_BFF	16259	0.0154376	0.117535	-3.61599
0	M33232BFF	0	1412006_BFF	16048	0.015516	0.118706	-3.62071
0	M33232BFF	0	1412010_BFF	14630	0.0158578	0.108681	-3.51414
0	M33232BFF	0	1412014_BFF	14747	0.0161389	0.109921	-3.54065
0	M33232BFF	0	1412024_BFF	15408	0.0166147	0.111955	-3.44275
0	M33232BFF	0	1510003_SFF	13062	0.0148522	0.121115	-3.53146
0	M33232BFF	0	1510004_SFF	16212	0.0151123	0.130644	-3.73444
0	M33232BFF	0	1610001_BFF	16052	0.0162597	0.115687	-3.56897
0	M33232BFF	0	1610002_BFF	16108	0.0148994	0.118885	-3.65742
0	M33232BFF	0	1610012_BFF	16271	0.0162866	0.117018	-3.57669
0	M33232BFF	0	1610013_BFF	15604	0.0165342	0.113689	-3.46774
0	M33232BFF	0	1610015_BFF	16187	0.015568	0.11571	-3.61549
0	M33232BFF	0	1610016_BFF	16357	0.0144892	0.120071	-3.69425
0	M33232BFF	0	1610017_BFF	16371	0.0151487	0.120457	-3.6841
0	M33232BFF	0	1409001_SFF	15960	0.0151003	0.134712	-3.84209
0	M33232BFF	0	1611012_BFF	14692	0.0166757	0.110536	-3.4408
0	M33232BFF	0	1611013_BFF	11518	0.0163223	0.104272	-3.19646
0	M33232BFF	0	1611032_BFF	15827	0.0160485	0.11354	-3.55412
0	M33232BFF	0	1702005_BFF	15305	0.0189481	0.0936949	-3.29558
0	M33232BFF	0	1702006_BFF	15379	0.0167761	0.10833	-3.43293
0	M33232BFF	0	1702007_BFF	15551	0.0163977	0.112597	-3.4961
0	M33232BFF	0	1702008_BFF	12941	0.0172321	0.104011	-3.35983
0	M33232BFF	0	1702009_BFF	16282	0.01603	0.11829	-3.64694
0	M33232BFF	0	1702012_BFF	11981	0.0174443	0.0967365	-3.23009
0	M33232BFF	0	1702013_BFF	16336	0.0164667	0.121878	-3.6756
0	M33232BFF	0	1702014_BFF	13070	0.017368	0.0975516	-3.24576
0	M33232BFF	0	1702016_BFF	15069	0.0152631	0.112416	-3.55339
0	M33232BFF	0	1702017_BFF	13876	0.0169357	0.104929	-3.388
0	M33232BFF	0	1702018_BFF	16367	0.0156412	0.11792	-3.64925
0	M33232BFF	0	1702019_BFF	15518	0.0140482	0.111161	-3.50856
0	M33232BFF	0	1702020_BFF	16205	0.0155508	0.120395	-3.67363
0	M33232BFF	0	1702022_BFF	15690	0.0171447	0.113639	-3.55367
0	M33232BFF	0	1702024_BFF	13106	0.0160995	0.107508	-3.38501
0	M33232BFF	0	1702026_BFF	16031	0.0150334	0.116899	-3.70014
0	M33232BFF	0	1702027_BFF	14753	0.0156578	0.110486	-3.5572
0	M33232BFF	0	1702028_BFF	12412	0.0178053	0.0952304	-3.20588
0	M33232BFF	0	1702029_BFF	15087	0.0193544	0.0805992	-3.08494
0	M33232BFF	0	1702031_BFF	15447	0.0159254	0.116333	-3.52632
0	M33232BFF	0	DG02_BFF	16011	0.0178003	0.1088	-3.46334
0	M33232BFF	0	1703018_BFF	16324	0.0163563	0.114126	-3.51514
0	M33232BFF	0	1804002BFF	12454	0.0180665	0.0992452	-3.18945
0	M33232BFF	0	1804003BFF	15395	0.0166288	0.111335	-3.50107
0	M33232BFF	0	1804004BFF	14994	0.0168734	0.105242	-3.3135
0	M33232BFF	0	1804005BFF	15339	0.0163635	0.11122	-3.4505
0	M33232BFF	0	1804006BFF	15590	0.0157793	0.110391	-3.48041
0	M33232BFF	0	1804007BFF	15241	0.0150253	0.108392	-3.45845
0	M33232BFF	0	1804008BFF	15572	0.0161829	0.111803	-3.46945
0	M33232BFF	0	1804009BFF	15390	0.0167641	0.109682	-3.4754
0	M33232BFF	0	1804010BFF	15698	0.0168174	0.112753	-3.52532
0	M33232BFF	0	1804011BFF	14862	0.0167541	0.110281	-3.37536
0	M33232BFF	0	1804013BFF	13698	0.0168638	0.107826	-3.23713
0	M33232BFF	0	1804014BFF	14201	0.0169706	0.105345	-3.26172
0	M33232BFF	0	1804015BFF	14772	0.0169916	0.108178	-3.28379
0	M33232BFF	0	1804016BFF	15536	0.0159629	0.114573	-3.55802
0	M33232BFF	0	1804017BFF	15352	0.0166102	0.107282	-3.37091
0	M33232BFF	0	1805001BFF	14445	0.0172378	0.104465	-3.35
0	M33232BFF	0	1805002BFF	15382	0.0156677	0.108178	-3.50507
0	M33232BFF	0	1805003BFF	13257	0.0168967	0.100023	-3.21798
0	M33232BFF	0	1815076BFF_GHFF	13752	0.017452	0.104203	-3.24064
0	M33232BFF	0	1815092SFF	15522	0.0137869	0.13265	-3.75322
0	M33232BFF	0	1815093BFF_SFF	15071	0.0165218	0.106363	-3.34147
0	M33232BFF	0	1815094SFF	11134	0.0166158	0.113526	-3.30475
0	M33232BFF	0	1815095SFF	16086	0.0124332	0.132848	-3.76515
0	M33232BFF	0	1815096SFF	14941	0.0145907	0.128171	-3.53777
0	M33232BFF	0	2411005_SFF	15464	0.0144206	0.126746	-3.63107
0	M33232BFF	0	2411007_SFF	13253	0.0146382	0.124576	-3.47431
0	M33232BFF	0	2811016_SFF	10763	0.0182105	0.09384	-3.05455
0	M33232BFF	0	2811017_SFF	14958	0.0126354	0.12856	-3.64985
0	M33232BFF	0	37685_SFF	16378	0.0123947	0.13854	-3.82597
0	M33232BFF	0	37686_SFF	16192	0.0140193	0.136549	-3.80299
0	M33232BFF	0	37687_SFF	16359	0.012837	0.142429	-3.93216
0	M33232BFF	0	37689_SFF	16376	0.01319	0.140572	-3.88784
0	M33232BFF	0	37690_SFF	15786	0.0145065	0.13721	-3.84809
0	M33232BFF	0	37695_SFF	14400	0.0140972	0.132083	-3.57159
0	M33232BFF	0	37697_SFF	16131	0.0132044	0.138677	-3.87621
0	M33232BFF	0	37698_SFF	15904	0.0137072	0.140028	-3.8653
0	M33232BFF	0	37699_SFF	15891	0.0142848	0.136115	-3.82889
0	M33232BFF	0	37700_SFF	16389	0.0125084	0.141924	-3.94283
0	M33232BFF	0	37701_SFF	16302	0.0123911	0.139737	-3.86499
0	M33232BFF	0	37702_SFF	16042	0.0130283	0.136517	-3.8434
0	M33232BFF	0	37703_SFF	16093	0.0128006	0.138321	-3.76599
0	M33232BFF	0	37704_SFF	16248	0.013971	0.137802	-3.84171
0	M33232BFF	0	37705_SFF	16021	0.0137944	0.140441	-3.82621
0	M33232BFF	0	37706_SFF	16297	0.0123336	0.142848	-3.9784
0	M33232BFF	0	37707_SFF	13777	0.0154606	0.123757	-3.5476
0	M33232BFF	0	37708_SFF	12298	0.0130102	0.123841	-3.62179
0	M33232BFF	0	37710_SFF	15736	0.0136629	0.133706	-3.74194
0	M33232BFF	0	37717_SFF	16110	0.0134699	0.139168	-3.80556
0	M33232BFF	0	37721_SFF	14933	0.0159379	0.0964977	-3.30231
0	M33232BFF	0	1412002_BFF	15527	0.0165518	0.100985	-3.29741
0	M33232BFF	0	DG05_BFF	9835	0.0187087	0.0972039	-3.01073
0	M33232BFF	0	DG06_BFF	9183	0.0186214	0.0956115	-3.07715
0	M33232BFF	0	K17053010BFF	13058	0.0170777	0.103002	-3.125
0	M33232BFF	0	K17053011BFF	13934	0.0156452	0.101765	-3.27913
0	M33232BFF	0	K1705302BFF	13556	0.0168191	0.104603	-3.30064
0	M33232BFF	0	K1705303BFF	12736	0.0166457	0.10011	-3.18452
0	M33232BFF	0	K1705304BFF	10428	0.0193709	0.0916763	-2.91617
0	M33232BFF	0	K1705305BFF	14236	0.0178421	0.103821	-3.16395
0	M33232BFF	0	K1705306BFF	14484	0.0169843	0.106669	-3.27582
0	M33232BFF	0	K1705307BFF	12925	0.0173308	0.094236	-3.10522
0	M33232BFF	0	K1705308BFF	14576	0.0173573	0.10435	-3.39225
0	M33232BFF	0	M30431BFF	15948	0.0180587	0.00614497	0.0654506
0	M33232BFF	0	M30432BFF	14706	0.0193118	0.00523596	0.0908397
0	M33232BFF	0	M30434BFF	16018	0.0178549	0.00574354	0.0678211
0	M33232BFF	0	M30435BFF	16191	0.0128466	0.143475	-3.89062
0	M33232BFF	0	M30436BFF	15668	0.0144881	0.140477	-3.83404
0	M33232BFF	0	M30437BFF	12443	0.0152696	0.134212	-3.48232
0	M33232BFF	0	M30464BFF	16328	0.0142087	0.145578	-3.94467
0	M33232BFF	0	M32949BFF	11406	0.0172716	0.134315	-3.50325
0	M33232BFF	0	M33226BFF	15524	0.0179722	0.00618397	0.0627737
0	M33232BFF	0	M33228BFF	11867	0.014831	0.130699	-3.36241
0	M33232BFF	0	M33229BFF	16020	0.0184769	0.00661673	0.0519006
0	M33232BFF	0	M33231BFF	13720	0.0190962	0.00575802	0.0745234
0	M33233BFF	0	1304001_SFF	14500	0.0146207	0.130828	-3.75576
0	M33233BFF	0	1304004_SFF	14918	0.014144	0.134602	-3.83084
0	M33233BFF	0	1304006_SFF	15222	0.0143214	0.135133	-3.79124
0	M33233BFF	0	1304010_SFF	9368	0.0169727	0.105465	-3.12788
0	M33233BFF	0	1304011_SFF	14980	0.01502	0.132911	-3.71151
0	M33233BFF	0	1306009_SFF	15280	0.014856	0.139921	-3.92878
0	M33233BFF	0	1306011_SFF	15348	0.0155069	0.135066	-3.8221
0	M33233BFF	0	1306014_SFF	14073	0.0185462	0.110566	-3.40429
0	M33233BFF	0	1306015_BFF	15223	0.0161598	0.118965	-3.67181
0	M33233BFF	0	1307003_SFF	15329	0.0133081	0.136669	-3.81304
0	M33233BFF	0	1307004_SFF	15146	0.0143272	0.136076	-3.80705
0	M33233BFF	0	1611011_BFF	15395	0.0160442	0.119779	-3.68968
0	M33233BFF	0	1409002_SFF	14618	0.014229	0.134355	-3.81891
0	M33233BFF	0	1409007_SFF	14959	0.0145732	0.13303	-3.72911
0	M33233BFF	0	1409008_SFF	15210	0.0131492	0.136489	-3.85457
0	M33233BFF	0	1409009_SFF	14758	0.0138908	0.134232	-3.79706
0	M33233BFF	0	1409012_SFF	14381	0.0146721	0.129129	-3.63859
0	M33233BFF	0	1409013_SFF	14660	0.0135744	0.131992	-3.74547
0	M33233BFF	0	1409026_SFF	11287	0.0159476	0.115531	-3.35817
0	M33233BFF	0	1409027_SFF	13959	0.0145426	0.128663	-3.65877
0	M33233BFF	0	1409030_SFF	14713	0.014409	0.127846	-3.65865
0	M33233BFF	0	1409031_SFF	14174	0.0159447	0.129956	-3.66783
0	M33233BFF	0	1409032_SFF	15037	0.0142981	0.134069	-3.81963
0	M33233BFF	0	1410001_SFF	13784	0.0142919	0.129135	-3.70421
0	M33233BFF	0	1410002_SFF	14326	0.0152171	0.124878	-3.58052
0	M33233BFF	0	1412001_BFF	15376	0.0169095	0.117131	-3.61328
0	M33233BFF	0	1412006_BFF	15186	0.0169893	0.117872	-3.6032
0	M33233BFF	0	1412010_BFF	13860	0.0176046	0.109668	-3.44471
0	M33233BFF	0	1412014_BFF	13941	0.0175741	0.108816	-3.4892
0	M33233BFF	0	1412024_BFF	14548	0.017047	0.110874	-3.46265
0	M33233BFF	0	1510003_SFF	12370	0.016249	0.120857	-3.44621
0	M33233BFF	0	1510004_SFF	15340	0.0159713	0.129791	-3.75904
0	M33233BFF	0	1610001_BFF	15181	0.0177854	0.117252	-3.56983
0	M33233BFF	0	1610002_BFF	15225	0.0160263	0.119737	-3.66118
0	M33233BFF	0	1610012_BFF	15384	0.0172257	0.118825	-3.63925
0	M33233BFF	0	1610013_BFF	14778	0.015902	0.112532	-3.51126
0	M33233BFF	0	1610015_BFF	15312	0.0157393	0.115073	-3.60386
0	M33233BFF	0	1610016_BFF	15477	0.0160238	0.120566	-3.68038
0	M33233BFF	0	1610017_BFF	15495	0.0173604	0.121652	-3.68026
0	M33233BFF	0	1409001_SFF	15103	0.0164868	0.133285	-3.79572
0	M33233BFF	0	1611012_BFF	13943	0.019006	0.110521	-3.3314
0	M33233BFF	0	1611013_BFF	10970	0.0174111	0.104284	-3.16942
0	M33233BFF	0	1611032_BFF	14978	0.0176259	0.114568	-3.64039
0	M33233BFF	0	1702005_BFF	14477	0.0197555	0.0926988	-3.36231
0	M33233BFF	0	1702006_BFF	14532	0.017341	0.108106	-3.45974
0	M33233BFF	0	1702007_BFF	14716	0.0184153	0.112802	-3.50415
0	M33233BFF	0	1702008_BFF	12259	0.0187617	0.102537	-3.2942
0	M33233BFF	0	1702009_BFF	15395	0.0169536	0.118285	-3.65058
0	M33233BFF	0	1702012_BFF	11328	0.0174788	0.0958686	-3.18641
0	M33233BFF	0	1702013_BFF	15445	0.0164455	0.12114	-3.7277
0	M33233BFF	0	1702014_BFF	12371	0.018511	0.0964352	-3.21595
0	M33233BFF	0	1702016_BFF	14254	0.0170478	0.110565	-3.46813
0	M33233BFF	0	1702017_BFF	13140	0.0196347	0.103349	-3.17552
0	M33233BFF	0	1702018_BFF	15482	0.0163416	0.118525	-3.64132
0	M33233BFF	0	1702019_BFF	14700	0.0155782	0.111701	-3.54476
0	M33233BFF	0	1702020_BFF	15332	0.0159144	0.121315	-3.73355
0	M33233BFF	0	1702022_BFF	14824	0.0163249	0.111576	-3.5512
0	M33233BFF	0	1702024_BFF	12467	0.0162028	0.106281	-3.42377
0	M33233BFF	0	1702026_BFF	15166	0.0169458	0.117104	-3.66741
0	M33233BFF	0	1702027_BFF	13975	0.0166011	0.109195	-3.53886
0	M33233BFF	0	1702028_BFF	11756	0.0193093	0.0963763	-3.31696
0	M33233BFF	0	1702029_BFF	14283	0.0193937	0.0804453	-3.15905
0	M33233BFF	0	1702031_BFF	14615	0.0171741	0.116456	-3.57889
0	M33233BFF	0	DG02_BFF	15126	0.0180484	0.108621	-3.43704
0	M33233BFF	0	1703018_BFF	15438	0.0163881	0.112903	-3.55043
0	M33233BFF	0	1804002BFF	11821	0.0170882	0.099061	-3.37356
0	M33233BFF	0	1804003BFF	14575	0.0178388	0.113482	-3.54825
0	M33233BFF	0	1804004BFF	14196	0.0174697	0.104818	-3.38793
0	M33233BFF	0	1804005BFF	14523	0.0177649	0.11079	-3.44759
0	M33233BFF	0	1804006BFF	14770	0.0168585	0.114489	-3.60008
0	M33233BFF	0	1804007BFF	14465	0.0170757	0.109506	-3.43505
0	M33233BFF	0	1804008BFF	14726	0.0187424	0.112115	-3.51657
0	M33233BFF	0	1804009BFF	14595	0.0167181	0.109969	-3.50115
0	M33233BFF	0	1804010BFF	14861	0.0167553	0.112307	-3.56541
0	M33233BFF	0	1804011BFF	14130	0.017339	0.109625	-3.39346
0	M33233BFF	0	1804013BFF	12992	0.0160868	0.106296	-3.37436
0	M33233BFF	0	1804014BFF	13480	0.018546	0.105786	-3.37974
0	M33233BFF	0	1804015BFF	14016	0.0185502	0.10859	-3.36403
0	M33233BFF	0	1804016BFF	14716	0.0152895	0.113278	-3.54834
0	M33233BFF	0	1804017BFF	14547	0.016567	0.107032	-3.43626
0	M33233BFF	0	1805001BFF	13712	0.0179405	0.106039	-3.44805
0	M33233BFF	0	1805002BFF	14547	0.0189042	0.108888	-3.38487
0	M33233BFF	0	1805003BFF	12620	0.0184628	0.101426	-3.26652
0	M33233BFF	0	1815076BFF_GHFF	13081	0.0191117	0.103891	-3.32728
0	M33233BFF	0	1815092SFF	14710	0.0144799	0.133583	-3.78983
0	M33233BFF	0	1815093BFF_SFF	14300	0.0157343	0.106923	-3.51358
0	M33233BFF	0	1815094SFF	10669	0.0168713	0.111257	-3.24647
0	M33233BFF	0	1815095SFF	15222	0.0140586	0.133425	-3.76161
0	M33233BFF	0	1815096SFF	14185	0.0155093	0.127882	-3.55687
0	M33233BFF	0	2411005_SFF	14617	0.0151194	0.127865	-3.66667
0	M33233BFF	0	2411007_SFF	12576	0.0160623	0.124125	-3.36955
0	M33233BFF	0	2811016_SFF	10207	0.0192025	0.0938572	-3.15208
0	M33233BFF	0	2811017_SFF	14144	0.0131505	0.127899	-3.58641
0	M33233BFF	0	37685_SFF	15491	0.0127171	0.138274	-3.83949
0	M33233BFF	0	37686_SFF	15315	0.0138426	0.136598	-3.81214
0	M33233BFF	0	37687_SFF	15481	0.0136296	0.14211	-3.92013
0	M33233BFF	0	37689_SFF	15494	0.0132955	0.140829	-3.89643
0	M33233BFF	0	37690_SFF	14949	0.0144491	0.136397	-3.88273
0	M33233BFF	0	37695_SFF	13688	0.015415	0.133109	-3.63259
0	M33233BFF	0	37697_SFF	15255	0.0123238	0.138774	-3.92526
0	M33233BFF	0	37698_SFF	15059	0.0131483	0.140448	-3.88636
0	M33233BFF	0	37699_SFF	15027	0.0141745	0.135623	-3.85112
0	M33233BFF	0	37700_SFF	15505	0.014189	0.142922	-3.97809
0	M33233BFF	0	37701_SFF	15417	0.0145294	0.140689	-3.91425
0	M33233BFF	0	37702_SFF	15167	0.0141755	0.137272	-3.85066
0	M33233BFF	0	37703_SFF	15222	0.0141243	0.139995	-3.84167
0	M33233BFF	0	37704_SFF	15367	0.0147068	0.138283	-3.87121
0	M33233BFF	0	37705_SFF	15164	0.0132551	0.139673	-3.82555
0	M33233BFF	0	37706_SFF	15420	0.0127756	0.142348	-3.91153
0	M33233BFF	0	37707_SFF	13045	0.0162514	0.123572	-3.50209
0	M33233BFF	0	37708_SFF	11676	0.0155019	0.122816	-3.33168
0	M33233BFF	0	37710_SFF	14887	0.015181	0.133942	-3.76866
0	M33233BFF	0	37717_SFF	15237	0.0148979	0.140316	-3.81932
0	M33233BFF	0	37721_SFF	14139	0.0171158	0.0958342	-3.30546
0	M33233BFF	0	1412002_BFF	14680	0.0164169	0.10252	-3.34513
0	M33233BFF	0	DG05_BFF	9370	0.0203842	0.0958378	-2.95899
0	M33233BFF	0	DG06_BFF	8742	0.0204759	0.0975749	-3.02976
0	M33233BFF	0	K17053010BFF	12441	0.0188088	0.103046	-3.1442
0	M33233BFF	0	K17053011BFF	13222	0.0180759	0.101724	-3.26997
0	M33233BFF	0	K1705302BFF	12931	0.0189467	0.104168	-3.22227
0	M33233BFF	0	K1705303BFF	12107	0.0188321	0.101346	-3.17736
0	M33233BFF	0	K1705304BFF	9929	0.020143	0.0899386	-2.8193
0	M33233BFF	0	K1705305BFF	13498	0.0173359	0.103793	-3.248
0	M33233BFF	0	K1705306BFF	13743	0.0171724	0.105508	-3.32407
0	M33233BFF	0	K1705307BFF	12304	0.0182867	0.093303	-3.15063
0	M33233BFF	0	K1705308BFF	13846	0.0190669	0.105518	-3.40751
0	M33233BFF	0	M30431BFF	15126	0.0191062	0.00495835	0.104167
0	M33233BFF	0	M30432BFF	13973	0.020969	0.00543906	0.113086
0	M33233BFF	0	M30434BFF	15203	0.0192725	0.00552523	0.0878067
0	M33233BFF	0	M30435BFF	15310	0.014631	0.144938	-3.95967
0	M33233BFF	0	M30436BFF	14856	0.0151454	0.142636	-3.85841
0	M33233BFF	0	M30437BFF	11869	0.0155026	0.133457	-3.59927
0	M33233BFF	0	M30464BFF	15434	0.014319	0.146171	-3.98245
0	M33233BFF	0	M32949BFF	10968	0.0166849	0.134117	-3.47989
0	M33233BFF	0	M33226BFF	14761	0.0197141	0.00562293	0.0951087
0	M33233BFF	0	M33228BFF	11335	0.0171151	0.130922	-3.38996
0	M33233BFF	0	M33229BFF	15216	0.0193875	0.00538906	0.0894777
0	M33233BFF	0	M33231BFF	13151	0.0193902	0.00364991	0.131103
0	M33233BFF	0	M33232BFF	14993	0.0184086	0.00540252	0.0812597
0	M35290BFF	0	1304001_SFF	15204	0.014141	0.130755	-3.81222
0	M35290BFF	0	1304004_SFF	15598	0.0137197	0.133992	-3.90264
0	M35290BFF	0	1304006_SFF	15949	0.0147972	0.134867	-3.81232
0	M35290BFF	0	1304010_SFF	9758	0.0168067	0.10412	-3.15935
0	M35290BFF	0	1304011_SFF	15693	0.0142739	0.13197	-3.79899
0	M35290BFF	0	1306009_SFF	16023	0.0154153	0.139362	-3.96484
0	M35290BFF	0	1306011_SFF	16088	0.0144828	0.133454	-3.86989
0	M35290BFF	0	1306014_SFF	14733	0.0178511	0.10826	-3.45714
0	M35290BFF	0	1306015_BFF	15963	0.0154106	0.117021	-3.69551
0	M35290BFF	0	1307003_SFF	16071	0.0135648	0.13515	-3.88729
0	M35290BFF	0	1307004_SFF	15863	0.0131123	0.133392	-3.92233
0	M35290BFF	0	1611011_BFF	16130	0.0154991	0.119715	-3.78232
0	M35290BFF	0	1409002_SFF	15317	0.0134491	0.132728	-3.87239
0	M35290BFF	0	1409007_SFF	15661	0.0148139	0.131154	-3.80519
0	M35290BFF	0	1409008_SFF	15918	0.0136952	0.133748	-3.89394
0	M35290BFF	0	1409009_SFF	15456	0.013587	0.132505	-3.82441
0	M35290BFF	0	1409012_SFF	15028	0.0136412	0.12876	-3.7319
0	M35290BFF	0	1409013_SFF	15347	0.0140744	0.131491	-3.83222
0	M35290BFF	0	1409026_SFF	11820	0.0164129	0.115651	-3.35321
0	M35290BFF	0	1409027_SFF	14577	0.0145435	0.127598	-3.68395
0	M35290BFF	0	1409030_SFF	15440	0.0150259	0.126749	-3.72026
0	M35290BFF	0	1409031_SFF	14865	0.0149344	0.129701	-3.77014
0	M35290BFF	0	1409032_SFF	15754	0.0147899	0.13349	-3.85438
0	M35290BFF	0	1410001_SFF	14401	0.0154156	0.129019	-3.6619
0	M35290BFF	0	1410002_SFF	14997	0.0160699	0.124758	-3.59652
0	M35290BFF	0	1412001_BFF	16115	0.016134	0.11691	-3.72624
0	M35290BFF	0	1412006_BFF	15913	0.0167159	0.116823	-3.66254
0	M35290BFF	0	1412010_BFF	14484	0.0172604	0.106531	-3.5145
0	M35290BFF	0	1412014_BFF	14588	0.0176172	0.109885	-3.55581
0	M35290BFF	0	1412024_BFF	15254	0.0148158	0.110397	-3.6
0	M35290BFF	0	1510003_SFF	12968	0.0158853	0.120296	-3.55165
0	M35290BFF	0	1510004_SFF	16074	0.0149932	0.130024	-3.87784
0	M35290BFF	0	1610001_BFF	15924	0.0163276	0.11467	-3.68094
0	M35290BFF	0	1610002_BFF	15970	0.0150282	0.119036	-3.74679
0	M35290BFF	0	1610012_BFF	16126	0.0165571	0.116458	-3.6309
0	M35290BFF	0	1610013_BFF	15472	0.0162875	0.112914	-3.59348
0	M35290BFF	0	1610015_BFF	16052	0.0160105	0.114191	-3.63562
0	M35290BFF	0	1610016_BFF	16218	0.0142434	0.119004	-3.72762
0	M35290BFF	0	1610017_BFF	16229	0.0165136	0.120279	-3.72772
0	M35290BFF	0	1409001_SFF	15823	0.015231	0.131391	-3.82199
0	M35290BFF	0	1611012_BFF	14549	0.0176644	0.10963	-3.4229
0	M35290BFF	0	1611013_BFF	11419	0.0164638	0.1043	-3.21739
0	M35290BFF	0	1611032_BFF	15675	0.0170335	0.113557	-3.66715
0	M35290BFF	0	1702005_BFF	15185	0.0184392	0.0925914	-3.4194
0	M35290BFF	0	1702006_BFF	15238	0.0169314	0.107494	-3.52198
0	M35290BFF	0	1702007_BFF	15413	0.0171933	0.111789	-3.56012
0	M35290BFF	0	1702008_BFF	12861	0.0188943	0.102714	-3.24115
0	M35290BFF	0	1702009_BFF	16147	0.0164736	0.117359	-3.73801
0	M35290BFF	0	1702012_BFF	11895	0.0179908	0.0937369	-3.27264
0	M35290BFF	0	1702013_BFF	16196	0.0158681	0.119597	-3.75662
0	M35290BFF	0	1702014_BFF	12927	0.017096	0.0953818	-3.3363
0	M35290BFF	0	1702016_BFF	14935	0.017074	0.111081	-3.4974
0	M35290BFF	0	1702017_BFF	13736	0.0187828	0.10265	-3.30908
0	M35290BFF	0	1702018_BFF	16232	0.0155865	0.117238	-3.72011
0	M35290BFF	0	1702019_BFF	15371	0.0157439	0.111248	-3.60847
0	M35290BFF	0	1702020_BFF	16077	0.016421	0.120731	-3.77443
0	M35290BFF	0	1702022_BFF	15533	0.0172536	0.112728	-3.60051
0	M35290BFF	0	1702024_BFF	12974	0.0171882	0.107137	-3.48892
0	M35290BFF	0	1702026_BFF	15887	0.0157991	0.116636	-3.71536
0	M35290BFF	0	1702027_BFF	14640	0.0165301	0.10929	-3.64055
0	M35290BFF	0	1702028_BFF	12304	0.0181242	0.0952536	-3.38066
0	M35290BFF	0	1702029_BFF	14959	0.0190521	0.0804198	-3.22278
0	M35290BFF	0	1702031_BFF	15321	0.0153384	0.114614	-3.60988
0	M35290BFF	0	DG02_BFF	15859	0.015827	0.107195	-3.51502
0	M35290BFF	0	1703018_BFF	16181	0.0161918	0.113343	-3.59749
0	M35290BFF	0	1804002BFF	12338	0.0171016	0.0983952	-3.35367
0	M35290BFF	0	1804003BFF	15276	0.0177402	0.111351	-3.5757
0	M35290BFF	0	1804004BFF	14866	0.0174223	0.104668	-3.41805
0	M35290BFF	0	1804005BFF	15206	0.0164409	0.110022	-3.56866
0	M35290BFF	0	1804006BFF	15456	0.0157867	0.111413	-3.56955
0	M35290BFF	0	1804007BFF	15138	0.0163166	0.107412	-3.49112
0	M35290BFF	0	1804008BFF	15427	0.0171129	0.111039	-3.55138
0	M35290BFF	0	1804009BFF	15253	0.0171114	0.110142	-3.52031
0	M35290BFF	0	1804010BFF	15568	0.0159301	0.110419	-3.60636
0	M35290BFF	0	1804011BFF	14727	0.0159571	0.107082	-3.40315
0	M35290BFF	0	1804013BFF	13587	0.0172959	0.105763	-3.35238
0	M35290BFF	0	1804014BFF	14102	0.0173734	0.105446	-3.41256
0	M35290BFF	0	1804015BFF	14609	0.0177288	0.108769	-3.40076
0	M35290BFF	0	1804016BFF	15393	0.0150718	0.112908	-3.61041
0	M35290BFF	0	1804017BFF	15242	0.0175174	0.108385	-3.44927
0	M35290BFF	0	1805001BFF	14306	0.0168461	0.104432	-3.53652
0	M35290BFF	0	1805002BFF	15246	0.0167913	0.107176	-3.52749
0	M35290BFF	0	1805003BFF	13139	0.0166679	0.101682	-3.2995
0	M35290BFF	0	1815076BFF_GHFF	13650	0.0180952	0.102857	-3.27003
0	M35290BFF	0	1815092SFF	15381	0.0139133	0.131916	-3.75618
0	M35290BFF	0	1815093BFF_SFF	14954	0.0172529	0.10539	-3.45129
0	M35290BFF	0	1815094SFF	11057	0.0169124	0.110066	-3.41512
0	M35290BFF	0	1815095SFF	15950	0.0146082	0.131724	-3.81863
0	M35290BFF	0	1815096SFF	14817	0.0151178	0.126611	-3.62593
0	M35290BFF	0	2411005_SFF	15322	0.0146195	0.124984	-3.72429
0	M35290BFF	0	2411007_SFF	13135	0.0152265	0.12303	-3.45889
0	M35290BFF	0	2811016_SFF	10653	0.0170844	0.0914296	-3.26042
0	M35290BFF	0	2811017_SFF	14837	0.0128732	0.129608	-3.72813
0	M35290BFF	0	37685_SFF	16240	0.0130542	0.138239	-3.92014
0	M35290BFF	0	37686_SFF	16043	0.0136508	0.136009	-3.91114
0	M35290BFF	0	37687_SFF	16221	0.0141792	0.141668	-3.99685
0	M35290BFF	0	37689_SFF	16239	0.0134861	0.13911	-3.91782
0	M35290BFF	0	37690_SFF	15670	0.0146139	0.136567	-3.93458
0	M35290BFF	0	37695_SFF	14261	0.0145151	0.130846	-3.6353
0	M35290BFF	0	37697_SFF	15991	0.0133825	0.13839	-3.94291
0	M35290BFF	0	37698_SFF	15756	0.0133283	0.138423	-3.92597
0	M35290BFF	0	37699_SFF	15748	0.0141605	0.134938	-3.86475
0	M35290BFF	0	37700_SFF	16249	0.0136624	0.140501	-3.99268
0	M35290BFF	0	37701_SFF	16161	0.0144174	0.139595	-3.96373
0	M35290BFF	0	37702_SFF	15899	0.0126423	0.135795	-3.89972
0	M35290BFF	0	37703_SFF	15944	0.0122303	0.137544	-3.83228
0	M35290BFF	0	37704_SFF	16115	0.0143345	0.136333	-3.93679
0	M35290BFF	0	37705_SFF	15880	0.0127834	0.137657	-3.83805
0	M35290BFF	0	37706_SFF	16162	0.012251	0.141072	-3.98775
0	M35290BFF	0	37707_SFF	13619	0.0157868	0.122476	-3.64256
0	M35290BFF	0	37708_SFF	12167	0.0145475	0.124846	-3.53571
0	M35290BFF	0	37710_SFF	15594	0.0141721	0.134026	-3.78107
0	M35290BFF	0	37717_SFF	15970	0.0139637	0.137007	-3.86571
0	M35290BFF	0	37721_SFF	14806	0.0181008	0.0955694	-3.26281
0	M35290BFF	0	1412002_BFF	15382	0.0165128	0.101222	-3.38951
0	M35290BFF	0	DG05_BFF	9729	0.020146	0.0982629	-3.1309
0	M35290BFF	0	DG06_BFF	9122	0.0217058	0.0960316	-3.02668
0	M35290BFF	0	K17053010BFF	12977	0.0170301	0.102874	-3.23077
0	M35290BFF	0	K17053011BFF	13806	0.0173837	0.100319	-3.27408
0	M35290BFF	0	K1705302BFF	13483	0.0167618	0.104947	-3.40008
0	M35290BFF	0	K1705303BFF	12641	0.0173246	0.100546	-3.2125
0	M35290BFF	0	K1705304BFF	10363	0.0181415	0.0892599	-3.01628
0	M35290BFF	0	K1705305BFF	14136	0.0188879	0.103212	-3.31573
0	M35290BFF	0	K1705306BFF	14378	0.0186396	0.106273	-3.30398
0	M35290BFF	0	K1705307BFF	12853	0.0181281	0.0935968	-3.2284
0	M35290BFF	0	K1705308BFF	14475	0.018791	0.103696	-3.3933
0	M35290BFF	0	M30431BFF	15804	0.0187294	0.00556821	0.0818519
0	M35290BFF	0	M30432BFF	14570	0.0194235	0.00590254	0.0773906
0	M35290BFF	0	M30434BFF	15881	0.0175682	0.00648574	0.0512445
0	M35290BFF	0	M30435BFF	16045	0.0132128	0.144219	-3.99194
0	M35290BFF	0	M30436BFF	15551	0.0137612	0.141148	-3.9561
0	M35290BFF	0	M30437BFF	12329	0.0158164	0.134966	-3.65381
0	M35290BFF	0	M30464BFF	16183	0.0138417	0.14404	-4.01604
0	M35290BFF	0	M32949BFF	11313	0.0162645	0.135154	-3.59476
0	M35290BFF	0	M33226BFF	15402	0.0190235	0.00538891	0.0909437
0	M35290BFF	0	M33228BFF	11796	0.0145812	0.129027	-3.38387
0	M35290BFF	0	M33229BFF	15889	0.0185663	0.00698597	0.0505997
0	M35290BFF	0	M33231BFF	13641	0.0176673	0.0035188	0.106818
0	M35290BFF	0	M33232BFF	15667	0.0183826	0.00644667	0.0622271
0	M35290BFF	0	M33233BFF	14872	0.0188946	0.00578268	0.0819033
0	M35291BFF	0	1304001_SFF	15852	0.0463664	0.108756	-0.44486
0	M35291BFF	0	1304004_SFF	16262	0.0458738	0.105522	-0.428778
0	M35291BFF	0	1304006_SFF	16612	0.0441849	0.113231	-0.462804
0	M35291BFF	0	1304010_SFF	10170	0.0481809	0.087414	-0.370393
0	M35291BFF	0	1304011_SFF	16363	0.0447351	0.107926	-0.439269
0	M35291BFF	0	1306009_SFF	16680	0.044964	0.11289	-0.47078
0	M35291BFF	0	1306011_SFF	16757	0.0427284	0.110163	-0.460682
0	M35291BFF	0	1306014_SFF	15339	0.060695	0.079601	-0.323257
0	M35291BFF	0	1306015_BFF	16632	0.0630111	0.0769	-0.290191
0	M35291BFF	0	1307003_SFF	16741	0.0475479	0.112239	-0.457484
0	M35291BFF	0	1307004_SFF	16523	0.0472069	0.109423	-0.444544
0	M35291BFF	0	1611011_BFF	16820	0.06522	0.0800238	-0.301471
0	M35291BFF	0	1409002_SFF	15942	0.0440346	0.109961	-0.449722
0	M35291BFF	0	1409007_SFF	16312	0.0449975	0.10998	-0.455233
0	M35291BFF	0	1409008_SFF	16589	0.0427392	0.108626	-0.445928
0	M35291BFF	0	1409009_SFF	16110	0.0463066	0.108628	-0.441226
0	M35291BFF	0	1409012_SFF	15667	0.0453182	0.107806	-0.434882
0	M35291BFF	0	1409013_SFF	15997	0.0471963	0.10652	-0.426227
0	M35291BFF	0	1409026_SFF	12322	0.0493426	0.091787	-0.364733
0	M35291BFF	0	1409027_SFF	15209	0.0446446	0.105267	-0.422598
0	M35291BFF	0	1409030_SFF	16044	0.043817	0.10278	-0.426639
0	M35291BFF	0	1409031_SFF	15481	0.0487695	0.105678	-0.420013
0	M35291BFF	0	1409032_SFF	16410	0.0451554	0.10975	-0.450736
0	M35291BFF	0	1410001_SFF	14999	0.0462031	0.103007	-0.411335
0	M35291BFF	0	1410002_SFF	15635	0.0482251	0.102398	-0.413489
0	M35291BFF	0	1412001_BFF	16794	0.0675837	0.0776468	-0.285284
0	M35291BFF	0	1412006_BFF	16585	0.0649382	0.0765752	-0.287798
0	M35291BFF	0	1412010_BFF	15092	0.0693745	0.0693745	-0.256172
0	M35291BFF	0	1412014_BFF	15233	0.0664347	0.0684041	-0.258165
0	M35291BFF	0	1412024_BFF	15893	0.0671994	0.073869	-0.265276
0	M35291BFF	0	1510003_SFF	13510	0.0472243	0.0978534	-0.398328
0	M35291BFF	0	1510004_SFF	16744	0.0475991	0.109353	-0.460142
0	M35291BFF	0	1610001_BFF	16590	0.0688969	0.070223	-0.248357
0	M35291BFF	0	1610002_BFF	16631	0.0692682	0.0692081	-0.234948
0	M35291BFF	0	1610012_BFF	16798	0.0699488	0.0672104	-0.229142
0	M35291BFF	0	1610013_BFF	16127	0.0695728	0.063248	-0.207193
0	M35291BFF	0	1610015_BFF	16727	0.0692892	0.0677946	-0.230434
0	M35291BFF	0	1610016_BFF	16896	0.0698982	0.071437	-0.243701
0	M35291BFF	0	1610017_BFF	16915	0.0691103	0.0724209	-0.248322
0	M35291BFF	0	1409001_SFF	16472	0.0456532	0.111037	-0.458719
0	M35291BFF	0	1611012_BFF	15193	0.0629895	0.0747713	-0.283693
0	M35291BFF	0	1611013_BFF	11923	0.0670972	0.0668456	-0.228814
0	M35291BFF	0	1611032_BFF	16347	0.0694929	0.0757326	-0.278171
0	M35291BFF	0	1702005_BFF	15824	0.0779196	0.0646486	-0.262644
0	M35291BFF	0	1702006_BFF	15881	0.067502	0.0700837	-0.256134
0	M35291BFF	0	1702007_BFF	16063	0.0627529	0.0709706	-0.27062
0	M35291BFF	0	1702008_BFF	13396	0.0704688	0.0650941	-0.233117
0	M35291BFF	0	1702009_BFF	16821	0.0649783	0.0777005	-0.298427
0	M35291BFF	0	1702012_BFF	12350	0.0691498	0.0622672	-0.227769
0	M35291BFF	0	1702013_BFF	16872	0.0657302	0.0762802	-0.288772
0	M35291BFF	0	1702014_BFF	13474	0.0674633	0.0635298	-0.233315
0	M35291BFF	0	1702016_BFF	15572	0.0668508	0.0734652	-0.277521
0	M35291BFF	0	1702017_BFF	14332	0.0705414	0.0697739	-0.251204
0	M35291BFF	0	1702018_BFF	16917	0.0634273	0.0791511	-0.301606
0	M35291BFF	0	1702019_BFF	16036	0.0654777	0.0727114	-0.270827
0	M35291BFF	0	1702020_BFF	16746	0.0643139	0.079422	-0.29595
0	M35291BFF	0	1702022_BFF	16186	0.0669715	0.0715433	-0.266845
0	M35291BFF	0	1702024_BFF	13523	0.0659617	0.068328	-0.238165
0	M35291BFF	0	1702026_BFF	16560	0.0650966	0.076087	-0.288697
0	M35291BFF	0	1702027_BFF	15248	0.0697141	0.0686647	-0.253831
0	M35291BFF	0	1702028_BFF	12807	0.0698056	0.0643398	-0.245873
0	M35291BFF	0	1702029_BFF	15582	0.0779746	0.063214	-0.255032
0	M35291BFF	0	1702031_BFF	15956	0.0695663	0.062923	-0.204347
0	M35291BFF	0	DG02_BFF	16516	0.0677525	0.0720513	-0.261015
0	M35291BFF	0	1703018_BFF	16866	0.0716827	0.0680066	-0.229173
0	M35291BFF	0	1804002BFF	12829	0.0743628	0.06041	-0.201551
0	M35291BFF	0	1804003BFF	15916	0.0685474	0.0713119	-0.264528
0	M35291BFF	0	1804004BFF	15491	0.0670712	0.0703634	-0.266189
0	M35291BFF	0	1804005BFF	15813	0.0687409	0.0722191	-0.259386
0	M35291BFF	0	1804006BFF	16093	0.0649351	0.0706518	-0.25968
0	M35291BFF	0	1804007BFF	15754	0.0688714	0.0665228	-0.241295
0	M35291BFF	0	1804008BFF	16078	0.06512	0.0688518	-0.252757
0	M35291BFF	0	1804009BFF	15889	0.0658946	0.0708037	-0.257576
0	M35291BFF	0	1804010BFF	16212	0.0636566	0.0753763	-0.296444
0	M35291BFF	0	1804011BFF	15356	0.0714379	0.0646002	-0.214377
0	M35291BFF	0	1804013BFF	14163	0.069265	0.0638989	-0.205261
0	M35291BFF	0	1804014BFF	14657	0.0716381	0.0606536	-0.198875
0	M35291BFF	0	1804015BFF	15266	0.0731691	0.0628193	-0.200649
0	M35291BFF	0	1804016BFF	16046	0.0704849	0.0684906	-0.233143
0	M35291BFF	0	1804017BFF	15867	0.0721623	0.0635911	-0.215757
0	M35291BFF	0	1805001BFF	14883	0.0708862	0.0671236	-0.244119
0	M35291BFF	0	1805002BFF	15881	0.0669353	0.0707134	-0.265746
0	M35291BFF	0	1805003BFF	13663	0.0695308	0.0644807	-0.227584
0	M35291BFF	0	1815076BFF_GHFF	14215	0.0697854	0.0654942	-0.226944
0	M35291BFF	0	1815092SFF	16020	0.0445069	0.108427	-0.439247
0	M35291BFF	0	1815093BFF_SFF	15570	0.0625562	0.0705845	-0.261924
0	M35291BFF	0	1815094SFF	11469	0.0506583	0.088761	-0.349553
0	M35291BFF	0	1815095SFF	16602	0.044332	0.10836	-0.447141
0	M35291BFF	0	1815096SFF	15405	0.0462837	0.10529	-0.430257
0	M35291BFF	0	2411005_SFF	15970	0.0482154	0.105949	-0.427846
0	M35291BFF	0	2411007_SFF	13699	0.0452588	0.101102	-0.411413
0	M35291BFF	0	2811016_SFF	11138	0.0574609	0.0735321	-0.301797
0	M35291BFF	0	2811017_SFF	15437	0.0449569	0.105331	-0.42457
0	M35291BFF	0	37685_SFF	16918	0.0412578	0.116089	-0.484972
0	M35291BFF	0	37686_SFF	16711	0.0430256	0.113458	-0.473214
0	M35291BFF	0	37687_SFF	16889	0.0419208	0.119545	-0.496701
0	M35291BFF	0	37689_SFF	16913	0.0409153	0.11772	-0.492903
0	M35291BFF	0	37690_SFF	16300	0.042454	0.118098	-0.494001
0	M35291BFF	0	37695_SFF	14837	0.042394	0.1104	-0.443844
0	M35291BFF	0	37697_SFF	16657	0.041364	0.116648	-0.483694
0	M35291BFF	0	37698_SFF	16439	0.0419125	0.11199	-0.466214
0	M35291BFF	0	37699_SFF	16410	0.0421694	0.113163	-0.471812
0	M35291BFF	0	37700_SFF	16928	0.0407018	0.118561	-0.499343
0	M35291BFF	0	37701_SFF	16848	0.0436254	0.117877	-0.484311
0	M35291BFF	0	37702_SFF	16559	0.0417296	0.112688	-0.469729
0	M35291BFF	0	37703_SFF	16610	0.0410596	0.114991	-0.468019
0	M35291BFF	0	37704_SFF	16780	0.0445769	0.113886	-0.472239
0	M35291BFF	0	37705_SFF	16536	0.0406991	0.117864	-0.481658
0	M35291BFF	0	37706_SFF	16833	0.0428919	0.116557	-0.475915
0	M35291BFF	0	37707_SFF	14201	0.0466869	0.101049	-0.408278
0	M35291BFF	0	37708_SFF	12650	0.0449012	0.0997628	-0.392995
0	M35291BFF	0	37710_SFF	16251	0.0448588	0.113039	-0.463711
0	M35291BFF	0	37717_SFF	16638	0.0438154	0.116	-0.477051
0	M35291BFF	0	37721_SFF	15437	0.0533782	0.0904321	-0.397716
0	M35291BFF	0	1412002_BFF	16026	0.0677025	0.0739423	-0.272036
0	M35291BFF	0	DG05_BFF	10221	0.0692692	0.0638881	-0.22694
0	M35291BFF	0	DG06_BFF	9525	0.0731759	0.0612073	-0.217312
0	M35291BFF	0	K17053010BFF	13489	0.073319	0.0609385	-0.198725
0	M35291BFF	0	K17053011BFF	14382	0.0738423	0.0566681	-0.181582
0	M35291BFF	0	K1705302BFF	14051	0.0768629	0.0621308	-0.19426
0	M35291BFF	0	K1705303BFF	13179	0.0729949	0.0600956	-0.198786
0	M35291BFF	0	K1705304BFF	10773	0.0748167	0.0553235	-0.187413
0	M35291BFF	0	K1705305BFF	14678	0.0765772	0.0584548	-0.178043
0	M35291BFF	0	K1705306BFF	15000	0.0672	0.0629333	-0.212016
0	M35291BFF	0	K1705307BFF	13389	0.0761073	0.0566883	-0.181252
0	M35291BFF	0	K1705308BFF	15094	0.0740029	0.0606864	-0.195511
0	M35291BFF	0	M30431BFF	16096	0.0143514	0.147987	-3.90587
0	M35291BFF	0	M30432BFF	14785	0.0168414	0.145959	-3.76796
0	M35291BFF	0	M30434BFF	16179	0.0143396	0.146363	-3.9773
0	M35291BFF	0	M30435BFF	16741	0.0758617	0.0460546	-0.0411243
0	M35291BFF	0	M30436BFF	16233	0.0758332	0.0443541	-0.0402157
0	M35291BFF	0	M30437BFF	12918	0.0836817	0.0262425	0.0630098
0	M35291BFF	0	M30464BFF	16883	0.0761713	0.0489842	-0.0574324
0	M35291BFF	0	M32949BFF	11834	0.0825587	0.0248437	0.067925
0	M35291BFF	0	M33226BFF	15645	0.0145094	0.14682	-3.93118
0	M35291BFF	0	M33228BFF	12278	0.0778628	0.0328229	0.0116903
0	M35291BFF	0	M33229BFF	16181	0.0138434	0.148384	-4.11325
0	M35291BFF	0	M33231BFF	13780	0.0148766	0.149202	-4.0008
0	M35291BFF	0	M33232BFF	15942	0.0149918	0.147096	-3.94813
0	M35291BFF	0	M33233BFF	15089	0.0146464	0.145802	-3.88059
0	M35291BFF	0	M35290BFF	15809	0.0147384	0.146372	-4.00283
0	M35292BFF	0	1304001_SFF	14154	0.0498799	0.0958033	-0.346468
0	M35292BFF	0	1304004_SFF	14550	0.0444674	0.0947079	-0.35796
0	M35292BFF	0	1304006_SFF	14834	0.046717	0.103276	-0.383875
0	M35292BFF	0	1304010_SFF	9193	0.0519961	0.073643	-0.265805
0	M35292BFF	0	1304011_SFF	14622	0.0481466	0.0990973	-0.364187
0	M35292BFF	0	1306009_SFF	14909	0.0474881	0.10269	-0.38798
0	M35292BFF	0	1306011_SFF	14976	0.0470753	0.0990251	-0.372747
0	M35292BFF	0	1306014_SFF	13736	0.0659581	0.0686517	-0.235702
0	M35292BFF	0	1306015_BFF	14870	0.0667115	0.0675857	-0.213202
0	M35292BFF	0	1307003_SFF	14964	0.0475809	0.0995723	-0.367889
0	M35292BFF	0	1307004_SFF	14779	0.0493944	0.0987212	-0.358188
0	M35292BFF	0	1611011_BFF	15023	0.0670971	0.0670971	-0.208609
0	M35292BFF	0	1409002_SFF	14274	0.0456074	0.0966092	-0.356223
0	M35292BFF	0	1409007_SFF	14598	0.0480888	0.0991917	-0.371672
0	M35292BFF	0	1409008_SFF	14836	0.047924	0.100701	-0.367544
0	M35292BFF	0	1409009_SFF	14379	0.0478476	0.0981988	-0.365035
0	M35292BFF	0	1409012_SFF	14016	0.0471604	0.0953196	-0.341574
0	M35292BFF	0	1409013_SFF	14313	0.0484874	0.0960665	-0.350445
0	M35292BFF	0	1409026_SFF	11075	0.0511964	0.0826185	-0.301156
0	M35292BFF	0	1409027_SFF	13586	0.0500515	0.0944354	-0.334503
0	M35292BFF	0	1409030_SFF	14339	0.0478416	0.0944975	-0.353588
0	M35292BFF	0	1409031_SFF	13829	0.0507629	0.0979825	-0.362113
0	M35292BFF	0	1409032_SFF	14671	0.0454638	0.0976757	-0.36851
0	M35292BFF	0	1410001_SFF	13429	0.0483282	0.0931566	-0.330803
0	M35292BFF	0	1410002_SFF	13989	0.0498963	0.0921438	-0.340183
0	M35292BFF	0	1412001_BFF	15016	0.0679941	0.0685935	-0.218977
0	M35292BFF	0	1412006_BFF	14829	0.0694585	0.0693911	-0.219099
0	M35292BFF	0	1412010_BFF	13535	0.0710011	0.0599926	-0.184505
0	M35292BFF	0	1412014_BFF	13626	0.0719213	0.0617202	-0.194659
0	M35292BFF	0	1412024_BFF	14227	0.069586	0.0651578	-0.198748
0	M35292BFF	0	1510003_SFF	12144	0.0487484	0.0872036	-0.32188
0	M35292BFF	0	1510004_SFF	14967	0.0493085	0.0982161	-0.374803
0	M35292BFF	0	1610001_BFF	14842	0.071958	0.0590217	-0.163231
0	M35292BFF	0	1610002_BFF	14867	0.0717697	0.0584516	-0.154135
0	M35292BFF	0	1610012_BFF	15016	0.0735882	0.0589371	-0.162179
0	M35292BFF	0	1610013_BFF	14432	0.0776746	0.0564024	-0.133788
0	M35292BFF	0	1610015_BFF	14951	0.0715671	0.0573875	-0.151984
0	M35292BFF	0	1610016_BFF	15104	0.0715042	0.0622352	-0.173524
0	M35292BFF	0	1610017_BFF	15116	0.0745568	0.0646997	-0.174898
0	M35292BFF	0	1409001_SFF	14730	0.0494229	0.100883	-0.376923
0	M35292BFF	0	1611012_BFF	13610	0.0670096	0.062748	-0.194337
0	M35292BFF	0	1611013_BFF	10752	0.0710565	0.0572917	-0.165917
0	M35292BFF	0	1611032_BFF	14611	0.0730956	0.0653617	-0.196838
0	M35292BFF	0	1702005_BFF	14147	0.0821376	0.052732	-0.173797
0	M35292BFF	0	1702006_BFF	14220	0.0683544	0.0605485	-0.18869
0	M35292BFF	0	1702007_BFF	14365	0.0650888	0.0613992	-0.19701
0	M35292BFF	0	1702008_BFF	11971	0.0713391	0.0556344	-0.167236
0	M35292BFF	0	1702009_BFF	15026	0.0678158	0.0659523	-0.212267
0	M35292BFF	0	1702012_BFF	11080	0.0726534	0.0524368	-0.150734
0	M35292BFF	0	1702013_BFF	15078	0.0671177	0.0651943	-0.206488
0	M35292BFF	0	1702014_BFF	12116	0.0746121	0.0578574	-0.173767
0	M35292BFF	0	1702016_BFF	13931	0.0689111	0.0640299	-0.203429
0	M35292BFF	0	1702017_BFF	12843	0.0710893	0.0587869	-0.177821
0	M35292BFF	0	1702018_BFF	15119	0.0683246	0.0693168	-0.219386
0	M35292BFF	0	1702019_BFF	14332	0.0687273	0.0634943	-0.196257
0	M35292BFF	0	1702020_BFF	14956	0.0659936	0.0688018	-0.215999
0	M35292BFF	0	1702022_BFF	14460	0.0710927	0.0614108	-0.19061
0	M35292BFF	0	1702024_BFF	12151	0.065509	0.0599128	-0.172083
0	M35292BFF	0	1702026_BFF	14811	0.0716359	0.0675174	-0.208666
0	M35292BFF	0	1702027_BFF	13627	0.0726499	0.0610553	-0.191218
0	M35292BFF	0	1702028_BFF	11488	0.0733809	0.0552751	-0.17138
0	M35292BFF	0	1702029_BFF	13928	0.0840752	0.0530586	-0.167348
0	M35292BFF	0	1702031_BFF	14293	0.0714336	0.0566711	-0.150067
0	M35292BFF	0	DG02_BFF	14760	0.0694444	0.0632114	-0.196141
0	M35292BFF	0	1703018_BFF	15071	0.0738504	0.0587884	-0.157845
0	M35292BFF	0	1804002BFF	11632	0.0734182	0.0534732	-0.160275
0	M35292BFF	0	1804003BFF	14264	0.0726304	0.0586792	-0.17387
0	M35292BFF	0	1804004BFF	13892	0.0694644	0.0591707	-0.183145
0	M35292BFF	0	1804005BFF	14182	0.073826	0.0627556	-0.185185
0	M35292BFF	0	1804006BFF	14423	0.0712057	0.063163	-0.185627
0	M35292BFF	0	1804007BFF	14140	0.0710042	0.0582744	-0.173804
0	M35292BFF	0	1804008BFF	14427	0.073404	0.0618285	-0.178349
0	M35292BFF	0	1804009BFF	14243	0.0715439	0.0632591	-0.191088
0	M35292BFF	0	1804010BFF	14514	0.0711038	0.0649029	-0.202915
0	M35292BFF	0	1804011BFF	13833	0.0741705	0.0540013	-0.148611
0	M35292BFF	0	1804013BFF	12782	0.0706462	0.0553122	-0.14934
0	M35292BFF	0	1804014BFF	13194	0.0749583	0.0507807	-0.125315
0	M35292BFF	0	1804015BFF	13702	0.0757554	0.0536418	-0.130891
0	M35292BFF	0	1804016BFF	14407	0.0742695	0.056778	-0.14584
0	M35292BFF	0	1804017BFF	14236	0.0767069	0.0541585	-0.135985
0	M35292BFF	0	1805001BFF	13379	0.0733986	0.0570297	-0.168547
0	M35292BFF	0	1805002BFF	14249	0.0710225	0.0619693	-0.19294
0	M35292BFF	0	1805003BFF	12356	0.0703302	0.056167	-0.16965
0	M35292BFF	0	1815076BFF_GHFF	12812	0.0714955	0.0574461	-0.170078
0	M35292BFF	0	1815092SFF	14356	0.0474366	0.0961967	-0.347177
0	M35292BFF	0	1815093BFF_SFF	14001	0.0689236	0.0621384	-0.184046
0	M35292BFF	0	1815094SFF	10429	0.0536005	0.0784351	-0.271162
0	M35292BFF	0	1815095SFF	14864	0.0468245	0.0968784	-0.358582
0	M35292BFF	0	1815096SFF	13843	0.0471719	0.0946327	-0.343507
0	M35292BFF	0	2411005_SFF	14286	0.0460591	0.0951981	-0.357403
0	M35292BFF	0	2411007_SFF	12288	0.0488281	0.0915527	-0.331755
0	M35292BFF	0	2811016_SFF	9998	0.0619124	0.0671134	-0.255319
0	M35292BFF	0	2811017_SFF	13828	0.0468614	0.0940845	-0.338745
0	M35292BFF	0	37685_SFF	15117	0.0447179	0.104452	-0.394195
0	M35292BFF	0	37686_SFF	14939	0.0451837	0.103153	-0.390098
0	M35292BFF	0	37687_SFF	15089	0.0445358	0.108357	-0.409591
0	M35292BFF	0	37689_SFF	15121	0.0459626	0.10945	-0.410619
0	M35292BFF	0	37690_SFF	14576	0.0461718	0.105585	-0.39813
0	M35292BFF	0	37695_SFF	13318	0.0438504	0.0970116	-0.371053
0	M35292BFF	0	37697_SFF	14875	0.0461176	0.104874	-0.389402
0	M35292BFF	0	37698_SFF	14683	0.0455629	0.100865	-0.374356
0	M35292BFF	0	37699_SFF	14668	0.0456777	0.103763	-0.390676
0	M35292BFF	0	37700_SFF	15130	0.045076	0.107138	-0.403311
0	M35292BFF	0	37701_SFF	15050	0.0485714	0.105714	-0.384646
0	M35292BFF	0	37702_SFF	14798	0.0474388	0.10319	-0.38286
0	M35292BFF	0	37703_SFF	14843	0.0443307	0.104089	-0.398559
0	M35292BFF	0	37704_SFF	14996	0.0480795	0.103628	-0.384748
0	M35292BFF	0	37705_SFF	14790	0.0435429	0.107776	-0.418919
0	M35292BFF	0	37706_SFF	15036	0.0456903	0.106079	-0.39536
0	M35292BFF	0	37707_SFF	12752	0.0493256	0.0901819	-0.32765
0	M35292BFF	0	37708_SFF	11403	0.0484083	0.0922564	-0.32749
0	M35292BFF	0	37710_SFF	14531	0.0468653	0.0987544	-0.360625
0	M35292BFF	0	37717_SFF	14869	0.0450602	0.106463	-0.398242
0	M35292BFF	0	37721_SFF	13805	0.0570808	0.0798261	-0.318761
0	M35292BFF	0	1412002_BFF	14358	0.0704137	0.0651205	-0.198517
0	M35292BFF	0	DG05_BFF	9260	0.0698704	0.0585313	-0.180954
0	M35292BFF	0	DG06_BFF	8622	0.0743447	0.0531199	-0.148823
0	M35292BFF	0	K17053010BFF	12234	0.0750368	0.0515776	-0.130294
0	M35292BFF	0	K17053011BFF	12970	0.0772552	0.0508867	-0.122751
0	M35292BFF	0	K1705302BFF	12682	0.0785365	0.0515692	-0.125565
0	M35292BFF	0	K1705303BFF	11943	0.0754417	0.0527506	-0.12971
0	M35292BFF	0	K1705304BFF	9776	0.0809124	0.0441899	-0.101348
0	M35292BFF	0	K1705305BFF	13253	0.081491	0.0491964	-0.100625
0	M35292BFF	0	K1705306BFF	13524	0.0712067	0.0534605	-0.137496
0	M35292BFF	0	K1705307BFF	12085	0.0778651	0.0478279	-0.118042
0	M35292BFF	0	K1705308BFF	13576	0.0760165	0.0520772	-0.131027
0	M35292BFF	0	M30431BFF	14393	0.0154936	0.133468	-3.62632
0	M35292BFF	0	M30432BFF	13299	0.015941	0.133694	-3.61974
0	M35292BFF	0	M30434BFF	14476	0.0138851	0.132081	-3.64992
0	M35292BFF	0	M30435BFF	14990	0.0768512	0.0396264	-0.0253759
0	M35292BFF	0	M30436BFF	14573	0.0804227	0.0366431	0.0064433
0	M35292BFF	0	M30437BFF	11761	0.0865573	0.0236374	0.0988116
0	M35292BFF	0	M30464BFF	15118	0.0802355	0.0422013	-0.0261531
0	M35292BFF	0	M32949BFF	10840	0.0839483	0.023155	0.0948853
0	M35292BFF	0	M33226BFF	14023	0.0146188	0.13321	-3.672
0	M35292BFF	0	M33228BFF	11226	0.0786567	0.0269018	0.0586477
0	M35292BFF	0	M33229BFF	14501	0.0136542	0.134198	-3.85329
0	M35292BFF	0	M33231BFF	12418	0.0157835	0.136979	-3.71722
0	M35292BFF	0	M33232BFF	14280	0.0152661	0.133824	-3.63011
0	M35292BFF	0	M33233BFF	13537	0.0156608	0.13585	-3.73377
0	M35292BFF	0	M35290BFF	14155	0.0142706	0.134369	-3.85611
0	M35292BFF	0	M35291BFF	14819	0.0850935	0.028477	0.0558345
0	M35293BFF	0	1304001_SFF	12150	0.0502881	0.0980247	-0.357915
0	M35293BFF	0	1304004_SFF	12472	0.046424	0.0943714	-0.347593
0	M35293BFF	0	1304006_SFF	12722	0.0489703	0.100456	-0.363294
0	M35293BFF	0	1304010_SFF	7951	0.0543328	0.071186	-0.237288
0	M35293BFF	0	1304011_SFF	12562	0.0503105	0.0972775	-0.343831
0	M35293BFF	0	1306009_SFF	12795	0.0486127	0.100664	-0.373585
0	M35293BFF	0	1306011_SFF	12870	0.0477855	0.0975136	-0.359913
0	M35293BFF	0	1306014_SFF	11809	0.0685918	0.0707088	-0.239362
0	M35293BFF	0	1306015_BFF	12757	0.0686682	0.0683546	-0.207675
0	M35293BFF	0	1307003_SFF	12849	0.0501206	0.0993852	-0.358339
0	M35293BFF	0	1307004_SFF	12679	0.0492152	0.0952757	-0.343087
0	M35293BFF	0	1611011_BFF	12901	0.0701496	0.0663514	-0.196416
0	M35293BFF	0	1409002_SFF	12262	0.0480346	0.0983526	-0.359495
0	M35293BFF	0	1409007_SFF	12543	0.04943	0.0987802	-0.365213
0	M35293BFF	0	1409008_SFF	12733	0.0482997	0.097856	-0.351428
0	M35293BFF	0	1409009_SFF	12354	0.0485673	0.0951918	-0.340659
0	M35293BFF	0	1409012_SFF	12021	0.0492472	0.0975792	-0.345543
0	M35293BFF	0	1409013_SFF	12260	0.0483687	0.0930669	-0.336473
0	M35293BFF	0	1409026_SFF	9523	0.0528195	0.0800168	-0.281742
0	M35293BFF	0	1409027_SFF	11685	0.0518614	0.0952503	-0.332153
0	M35293BFF	0	1409030_SFF	12317	0.0471706	0.0927174	-0.342952
0	M35293BFF	0	1409031_SFF	11849	0.0518187	0.0936788	-0.337115
0	M35293BFF	0	1409032_SFF	12585	0.0491061	0.0963846	-0.35
0	M35293BFF	0	1410001_SFF	11556	0.0495846	0.08991	-0.320195
0	M35293BFF	0	1410002_SFF	11986	0.0502253	0.090856	-0.330762
0	M35293BFF	0	1412001_BFF	12904	0.0690484	0.066026	-0.200417
0	M35293BFF	0	1412006_BFF	12732	0.0702953	0.0651901	-0.199558
0	M35293BFF	0	1412010_BFF	11614	0.0748235	0.0595833	-0.170887
0	M35293BFF	0	1412014_BFF	11725	0.0734328	0.0608955	-0.179459
0	M35293BFF	0	1412024_BFF	12221	0.0693888	0.0652974	-0.200346
0	M35293BFF	0	1510003_SFF	10434	0.0519456	0.0872149	-0.307012
0	M35293BFF	0	1510004_SFF	12854	0.0519683	0.0975572	-0.365971
0	M35293BFF	0	1610001_BFF	12745	0.0725775	0.0577481	-0.150883
0	M35293BFF	0	1610002_BFF	12768	0.070802	0.0573308	-0.143145
0	M35293BFF	0	1610012_BFF	12906	0.0751588	0.0571827	-0.146558
0	M35293BFF	0	1610013_BFF	12428	0.074992	0.0556807	-0.135066
0	M35293BFF	0	1610015_BFF	12839	0.0753174	0.0564686	-0.137796
0	M35293BFF	0	1610016_BFF	12962	0.0718253	0.0582472	-0.14788
0	M35293BFF	0	1610017_BFF	12987	0.0751521	0.0645261	-0.16945
0	M35293BFF	0	1409001_SFF	12652	0.0512172	0.0986405	-0.359967
0	M35293BFF	0	1611012_BFF	11764	0.0719993	0.0616287	-0.174125
0	M35293BFF	0	1611013_BFF	9255	0.0702323	0.0549973	-0.143955
0	M35293BFF	0	1611032_BFF	12552	0.0735341	0.0633365	-0.183725
0	M35293BFF	0	1702005_BFF	12167	0.0843265	0.0493959	-0.152526
0	M35293BFF	0	1702006_BFF	12210	0.072973	0.0583948	-0.16466
0	M35293BFF	0	1702007_BFF	12318	0.070466	0.0604806	-0.168886
0	M35293BFF	0	1702008_BFF	10337	0.0754571	0.0537874	-0.145283
0	M35293BFF	0	1702009_BFF	12912	0.0693928	0.0635068	-0.19385
0	M35293BFF	0	1702012_BFF	9592	0.0729775	0.0508757	-0.14268
0	M35293BFF	0	1702013_BFF	12951	0.0693383	0.06347	-0.191911
0	M35293BFF	0	1702014_BFF	10448	0.0761868	0.0532159	-0.139506
0	M35293BFF	0	1702016_BFF	11985	0.071506	0.0590738	-0.170729
0	M35293BFF	0	1702017_BFF	11010	0.0752044	0.059673	-0.17031
0	M35293BFF	0	1702018_BFF	12977	0.0699699	0.0688141	-0.208183
0	M35293BFF	0	1702019_BFF	12308	0.071417	0.0632109	-0.185725
0	M35293BFF	0	1702020_BFF	12862	0.0695071	0.0670191	-0.198235
0	M35293BFF	0	1702022_BFF	12410	0.0704271	0.0626108	-0.192234
0	M35293BFF	0	1702024_BFF	10513	0.0698183	0.0610673	-0.166143
0	M35293BFF	0	1702026_BFF	12701	0.0695221	0.0668451	-0.204168
0	M35293BFF	0	1702027_BFF	11732	0.0744971	0.0584726	-0.164843
0	M35293BFF	0	1702028_BFF	9922	0.0755896	0.0569442	-0.167813
0	M35293BFF	0	1702029_BFF	11954	0.0852434	0.0509453	-0.153569
0	M35293BFF	0	1702031_BFF	12287	0.0759339	0.0537153	-0.119188
0	M35293BFF	0	DG02_BFF	12687	0.0711752	0.0617167	-0.183278
0	M35293BFF	0	1703018_BFF	12940	0.0770479	0.0547141	-0.132198
0	M35293BFF	0	1804002BFF	10128	0.0764218	0.0489731	-0.128274
0	M35293BFF	0	1804003BFF	12280	0.0737785	0.0584691	-0.168293
0	M35293BFF	0	1804004BFF	12012	0.0691808	0.0572761	-0.170543
0	M35293BFF	0	1804005BFF	12253	0.0744308	0.0639843	-0.182268
0	M35293BFF	0	1804006BFF	12438	0.0714745	0.0609423	-0.172459
0	M35293BFF	0	1804007BFF	12233	0.0759421	0.0591024	-0.165199
0	M35293BFF	0	1804008BFF	12451	0.0717211	0.0595936	-0.173839
0	M35293BFF	0	1804009BFF	12295	0.0723871	0.0603497	-0.171559
0	M35293BFF	0	1804010BFF	12497	0.0713771	0.0627351	-0.189095
0	M35293BFF	0	1804011BFF	11953	0.0752949	0.053794	-0.13052
0	M35293BFF	0	1804013BFF	11102	0.0724194	0.054855	-0.136364
0	M35293BFF	0	1804014BFF	11472	0.0754881	0.049599	-0.11793
0	M35293BFF	0	1804015BFF	11881	0.0748254	0.0537834	-0.137661
0	M35293BFF	0	1804016BFF	12419	0.0727917	0.0562847	-0.140543
0	M35293BFF	0	1804017BFF	12261	0.0783786	0.0535845	-0.129373
0	M35293BFF	0	1805001BFF	11647	0.073667	0.057869	-0.1719
0	M35293BFF	0	1805002BFF	12270	0.0739201	0.0594132	-0.17521
0	M35293BFF	0	1805003BFF	10740	0.0769088	0.0554004	-0.149451
0	M35293BFF	0	1815076BFF_GHFF	11125	0.0737079	0.0555506	-0.148516
0	M35293BFF	0	1815092SFF	12382	0.048942	0.0984494	-0.353743
0	M35293BFF	0	1815093BFF_SFF	12062	0.070718	0.0615984	-0.182101
0	M35293BFF	0	1815094SFF	9168	0.0557373	0.0754799	-0.253158
0	M35293BFF	0	1815095SFF	12759	0.0466337	0.0966377	-0.356539
0	M35293BFF	0	1815096SFF	11967	0.0490516	0.0926715	-0.335223
0	M35293BFF	0	2411005_SFF	12269	0.0515934	0.0942212	-0.335828
0	M35293BFF	0	2411007_SFF	10575	0.0522931	0.0893617	-0.30558
0	M35293BFF	0	2811016_SFF	8652	0.0618354	0.0621822	-0.224223
0	M35293BFF	0	2811017_SFF	11898	0.0500925	0.0922004	-0.328009
0	M35293BFF	0	37685_SFF	12974	0.0440111	0.104594	-0.388539
0	M35293BFF	0	37686_SFF	12839	0.0472778	0.102422	-0.377485
0	M35293BFF	0	37687_SFF	12949	0.0445594	0.106881	-0.400743
0	M35293BFF	0	37689_SFF	12970	0.0459522	0.107864	-0.400631
0	M35293BFF	0	37690_SFF	12537	0.0492941	0.104012	-0.378808
0	M35293BFF	0	37695_SFF	11469	0.0478682	0.0993984	-0.357964
0	M35293BFF	0	37697_SFF	12778	0.0467209	0.103224	-0.377424
0	M35293BFF	0	37698_SFF	12612	0.0448779	0.100618	-0.373516
0	M35293BFF	0	37699_SFF	12602	0.0461038	0.101492	-0.378853
0	M35293BFF	0	37700_SFF	12985	0.0428956	0.106739	-0.404629
0	M35293BFF	0	37701_SFF	12911	0.046472	0.105956	-0.389352
0	M35293BFF	0	37702_SFF	12702	0.045111	0.101401	-0.378961
0	M35293BFF	0	37703_SFF	12746	0.0449553	0.103248	-0.388175
0	M35293BFF	0	37704_SFF	12871	0.0490249	0.101313	-0.370699
0	M35293BFF	0	37705_SFF	12692	0.0448314	0.105027	-0.398763
0	M35293BFF	0	37706_SFF	12906	0.0457927	0.104603	-0.382289
0	M35293BFF	0	37707_SFF	10945	0.0498858	0.0887163	-0.315795
0	M35293BFF	0	37708_SFF	9909	0.0476335	0.0880008	-0.308643
0	M35293BFF	0	37710_SFF	12497	0.0472113	0.0970633	-0.352294
0	M35293BFF	0	37717_SFF	12762	0.0463094	0.103745	-0.380252
0	M35293BFF	0	37721_SFF	11856	0.0598853	0.0769231	-0.296016
0	M35293BFF	0	1412002_BFF	12295	0.0701911	0.0617324	-0.18516
0	M35293BFF	0	DG05_BFF	7973	0.0747523	0.0526778	-0.140385
0	M35293BFF	0	DG06_BFF	7390	0.079161	0.0512855	-0.127373
0	M35293BFF	0	K17053010BFF	10615	0.0755535	0.0491757	-0.111693
0	M35293BFF	0	K17053011BFF	11258	0.0769231	0.0473441	-0.104428
0	M35293BFF	0	K1705302BFF	11033	0.0784012	0.050213	-0.111918
0	M35293BFF	0	K1705303BFF	10370	0.077242	0.0514947	-0.11995
0	M35293BFF	0	K1705304BFF	8632	0.0795876	0.0430955	-0.0961326
0	M35293BFF	0	K1705305BFF	11481	0.0824841	0.0471213	-0.0923534
0	M35293BFF	0	K1705306BFF	11700	0.0720513	0.0524786	-0.130024
0	M35293BFF	0	K1705307BFF	10525	0.0790499	0.0462708	-0.105215
0	M35293BFF	0	K1705308BFF	11736	0.0728528	0.0506987	-0.130562
0	M35293BFF	0	M30431BFF	12398	0.0154057	0.131634	-3.39611
0	M35293BFF	0	M30432BFF	11559	0.0179946	0.131672	-3.29549
0	M35293BFF	0	M30434BFF	12452	0.0149374	0.129778	-3.39975
0	M35293BFF	0	M30435BFF	12886	0.0794661	0.0321279	0.0147059
0	M35293BFF	0	M30436BFF	12579	0.08069	0.031163	0.0301132
0	M35293BFF	0	M30437BFF	10285	0.0860476	0.0199319	0.114398
0	M35293BFF	0	M30464BFF	12974	0.0773855	0.0355326	-0.00949241
0	M35293BFF	0	M32949BFF	9503	0.0826055	0.0193623	0.110257
0	M35293BFF	0	M33226BFF	12118	0.0158442	0.131622	-3.46244
0	M35293BFF	0	M33228BFF	9873	0.0795098	0.0234984	0.0804462
0	M35293BFF	0	M33229BFF	12491	0.0151309	0.134497	-3.69231
0	M35293BFF	0	M33231BFF	10821	0.0148785	0.133814	-3.52321
0	M35293BFF	0	M33232BFF	12319	0.0160727	0.132559	-3.49106
0	M35293BFF	0	M33233BFF	11682	0.0163499	0.133368	-3.5167
0	M35293BFF	0	M35290BFF	12195	0.0155802	0.131447	-3.58097
0	M35293BFF	0	M35291BFF	12742	0.0858578	0.0255062	0.0614292
0	M35293BFF	0	M35292BFF	11687	0.0885599	0.0194233	0.118731
0	M35294BFF	0	1304001_SFF	15779	0.0453768	0.107168	-0.441398
0	M35294BFF	0	1304004_SFF	16221	0.042969	0.105357	-0.430998
0	M35294BFF	0	1304006_SFF	16551	0.0436832	0.112319	-0.46108
0	M35294BFF	0	1304010_SFF	10161	0.0504872	0.086212	-0.349534
0	M35294BFF	0	1304011_SFF	16309	0.0439635	0.108713	-0.449029
0	M35294BFF	0	1306009_SFF	16635	0.0459273	0.113015	-0.46928
0	M35294BFF	0	1306011_SFF	16710	0.0458408	0.112448	-0.46734
0	M35294BFF	0	1306014_SFF	15287	0.0606398	0.0796101	-0.32655
0	M35294BFF	0	1306015_BFF	16568	0.0653066	0.0765934	-0.284945
0	M35294BFF	0	1307003_SFF	16688	0.0461409	0.111817	-0.459807
0	M35294BFF	0	1307004_SFF	16468	0.0448142	0.107056	-0.440947
0	M35294BFF	0	1611011_BFF	16752	0.0635148	0.0787966	-0.300918
0	M35294BFF	0	1409002_SFF	15890	0.0422907	0.106734	-0.437732
0	M35294BFF	0	1409007_SFF	16256	0.0463214	0.111344	-0.46632
0	M35294BFF	0	1409008_SFF	16537	0.0450505	0.110238	-0.449251
0	M35294BFF	0	1409009_SFF	16054	0.0460321	0.108633	-0.444539
0	M35294BFF	0	1409012_SFF	15602	0.0446738	0.106781	-0.433349
0	M35294BFF	0	1409013_SFF	15956	0.0446227	0.103472	-0.421114
0	M35294BFF	0	1409026_SFF	12297	0.0483045	0.0899406	-0.366882
0	M35294BFF	0	1409027_SFF	15156	0.0463183	0.105437	-0.425226
0	M35294BFF	0	1409030_SFF	15998	0.0446931	0.103513	-0.425116
0	M35294BFF	0	1409031_SFF	15422	0.0463623	0.105174	-0.430026
0	M35294BFF	0	1409032_SFF	16357	0.0428563	0.106927	-0.446775
0	M35294BFF	0	1410001_SFF	14971	0.0462227	0.102665	-0.4154
0	M35294BFF	0	1410002_SFF	15597	0.0468039	0.103481	-0.425151
0	M35294BFF	0	1412001_BFF	16734	0.0634038	0.076491	-0.29163
0	M35294BFF	0	1412006_BFF	16526	0.0659567	0.0753358	-0.281138
0	M35294BFF	0	1412010_BFF	15068	0.0686886	0.0702814	-0.262336
0	M35294BFF	0	1412014_BFF	15186	0.0677598	0.0698011	-0.261482
0	M35294BFF	0	1412024_BFF	15841	0.0672937	0.0786567	-0.295877
0	M35294BFF	0	1510003_SFF	13439	0.0444974	0.097924	-0.414949
0	M35294BFF	0	1510004_SFF	16685	0.04543	0.106623	-0.455018
0	M35294BFF	0	1610001_BFF	16540	0.0686215	0.0704353	-0.249326
0	M35294BFF	0	1610002_BFF	16586	0.068793	0.0694562	-0.237579
0	M35294BFF	0	1610012_BFF	16756	0.0669014	0.0682144	-0.245258
0	M35294BFF	0	1610013_BFF	16064	0.0725847	0.0677291	-0.225186
0	M35294BFF	0	1610015_BFF	16676	0.0720796	0.0687815	-0.232153
0	M35294BFF	0	1610016_BFF	16829	0.069404	0.0716026	-0.250222
0	M35294BFF	0	1610017_BFF	16863	0.0678408	0.0709245	-0.247574
0	M35294BFF	0	1409001_SFF	16432	0.0469815	0.112585	-0.470157
0	M35294BFF	0	1611012_BFF	15132	0.0650278	0.0723632	-0.267306
0	M35294BFF	0	1611013_BFF	11895	0.068264	0.0678436	-0.237139
0	M35294BFF	0	1611032_BFF	16290	0.0686924	0.0729282	-0.269739
0	M35294BFF	0	1702005_BFF	15775	0.0783518	0.0614263	-0.245636
0	M35294BFF	0	1702006_BFF	15820	0.0666877	0.0687105	-0.252803
0	M35294BFF	0	1702007_BFF	16011	0.0657048	0.0726376	-0.268916
0	M35294BFF	0	1702008_BFF	13359	0.0699154	0.0621304	-0.216556
0	M35294BFF	0	1702009_BFF	16761	0.064316	0.077024	-0.299377
0	M35294BFF	0	1702012_BFF	12305	0.069809	0.0629825	-0.22489
0	M35294BFF	0	1702013_BFF	16812	0.0657863	0.0752439	-0.287382
0	M35294BFF	0	1702014_BFF	13438	0.0709183	0.0635511	-0.229174
0	M35294BFF	0	1702016_BFF	15515	0.0645827	0.0743152	-0.287049
0	M35294BFF	0	1702017_BFF	14286	0.0686686	0.0697186	-0.262452
0	M35294BFF	0	1702018_BFF	16856	0.0636569	0.078963	-0.302574
0	M35294BFF	0	1702019_BFF	15985	0.067751	0.072005	-0.264246
0	M35294BFF	0	1702020_BFF	16687	0.0648409	0.0783244	-0.291481
0	M35294BFF	0	1702022_BFF	16133	0.0670675	0.0721503	-0.274676
0	M35294BFF	0	1702024_BFF	13510	0.065359	0.0672835	-0.236469
0	M35294BFF	0	1702026_BFF	16513	0.0663719	0.0731545	-0.27362
0	M35294BFF	0	1702027_BFF	15195	0.0701547	0.070023	-0.258475
0	M35294BFF	0	1702028_BFF	12763	0.0718483	0.0632296	-0.231983
0	M35294BFF	0	1702029_BFF	15532	0.0803502	0.0594901	-0.23037
0	M35294BFF	0	1702031_BFF	15889	0.0699855	0.0675939	-0.231929
0	M35294BFF	0	DG02_BFF	16463	0.0675454	0.0722833	-0.266127
0	M35294BFF	0	1703018_BFF	16808	0.0704426	0.065445	-0.222518
0	M35294BFF	0	1804002BFF	12777	0.0731784	0.0617516	-0.214687
0	M35294BFF	0	1804003BFF	15842	0.0671001	0.0698144	-0.261261
0	M35294BFF	0	1804004BFF	15432	0.0673276	0.0688828	-0.257395
0	M35294BFF	0	1804005BFF	15761	0.0676353	0.0721401	-0.263417
0	M35294BFF	0	1804006BFF	16043	0.0657608	0.0718694	-0.27034
0	M35294BFF	0	1804007BFF	15711	0.0673414	0.0681688	-0.259848
0	M35294BFF	0	1804008BFF	16007	0.0658462	0.0705316	-0.262152
0	M35294BFF	0	1804009BFF	15840	0.0685606	0.0712753	-0.255445
0	M35294BFF	0	1804010BFF	16168	0.0678501	0.0719941	-0.26813
0	M35294BFF	0	1804011BFF	15303	0.0709011	0.0630595	-0.21345
0	M35294BFF	0	1804013BFF	14100	0.0661702	0.0624823	-0.218393
0	M35294BFF	0	1804014BFF	14598	0.0701466	0.0624058	-0.214225
0	M35294BFF	0	1804015BFF	15184	0.0703372	0.0631586	-0.212124
0	M35294BFF	0	1804016BFF	15999	0.0690668	0.0676292	-0.235285
0	M35294BFF	0	1804017BFF	15809	0.0723638	0.0628756	-0.215308
0	M35294BFF	0	1805001BFF	14828	0.0719585	0.0653493	-0.235814
0	M35294BFF	0	1805002BFF	15824	0.0658493	0.0717265	-0.27845
0	M35294BFF	0	1805003BFF	13633	0.070344	0.0644759	-0.230076
0	M35294BFF	0	1815076BFF_GHFF	14160	0.0717514	0.0663842	-0.232149
0	M35294BFF	0	1815092SFF	15960	0.0442982	0.107895	-0.440366
0	M35294BFF	0	1815093BFF_SFF	15532	0.0647051	0.0690188	-0.253183
0	M35294BFF	0	1815094SFF	11478	0.0507928	0.0890399	-0.352365
0	M35294BFF	0	1815095SFF	16553	0.0445237	0.107533	-0.445226
0	M35294BFF	0	1815096SFF	15342	0.0471255	0.104484	-0.421745
0	M35294BFF	0	2411005_SFF	15904	0.0454603	0.10576	-0.434756
0	M35294BFF	0	2411007_SFF	13653	0.0454845	0.100344	-0.400828
0	M35294BFF	0	2811016_SFF	11082	0.0581123	0.0720989	-0.29517
0	M35294BFF	0	2811017_SFF	15377	0.0448722	0.103206	-0.420403
0	M35294BFF	0	37685_SFF	16860	0.0416963	0.115777	-0.484957
0	M35294BFF	0	37686_SFF	16662	0.0446525	0.115412	-0.479852
0	M35294BFF	0	37687_SFF	16824	0.0404184	0.117689	-0.494901
0	M35294BFF	0	37689_SFF	16859	0.0437748	0.11875	-0.494554
0	M35294BFF	0	37690_SFF	16245	0.0421053	0.116651	-0.486846
0	M35294BFF	0	37695_SFF	14796	0.0422411	0.109489	-0.43804
0	M35294BFF	0	37697_SFF	16600	0.0413253	0.115	-0.477185
0	M35294BFF	0	37698_SFF	16382	0.0432182	0.113539	-0.466943
0	M35294BFF	0	37699_SFF	16360	0.0423594	0.112408	-0.467842
0	M35294BFF	0	37700_SFF	16873	0.0413679	0.11954	-0.504704
0	M35294BFF	0	37701_SFF	16785	0.0433721	0.117009	-0.484366
0	M35294BFF	0	37702_SFF	16503	0.0425983	0.113555	-0.477026
0	M35294BFF	0	37703_SFF	16554	0.0411985	0.112903	-0.462451
0	M35294BFF	0	37704_SFF	16727	0.0459138	0.115263	-0.476842
0	M35294BFF	0	37705_SFF	16497	0.0415227	0.116142	-0.47238
0	M35294BFF	0	37706_SFF	16775	0.044769	0.117377	-0.479592
0	M35294BFF	0	37707_SFF	14145	0.0458819	0.100318	-0.410028
0	M35294BFF	0	37708_SFF	12652	0.0474233	0.100854	-0.395155
0	M35294BFF	0	37710_SFF	16200	0.0430864	0.108395	-0.447316
0	M35294BFF	0	37717_SFF	16582	0.0443252	0.116029	-0.477536
0	M35294BFF	0	37721_SFF	15381	0.0544828	0.0890059	-0.387528
0	M35294BFF	0	1412002_BFF	15983	0.0666333	0.0722017	-0.270898
0	M35294BFF	0	DG05_BFF	10146	0.068697	0.0628819	-0.232393
0	M35294BFF	0	DG06_BFF	9519	0.0731169	0.0570438	-0.194229
0	M35294BFF	0	K17053010BFF	13472	0.0707393	0.060867	-0.211069
0	M35294BFF	0	K17053011BFF	14336	0.0737305	0.0573382	-0.18432
0	M35294BFF	0	K1705302BFF	13997	0.074516	0.0596556	-0.192908
0	M35294BFF	0	K1705303BFF	13144	0.0728089	0.057745	-0.18376
0	M35294BFF	0	K1705304BFF	10738	0.0786925	0.0541069	-0.17815
0	M35294BFF	0	K1705305BFF	14649	0.0737934	0.0589801	-0.184757
0	M35294BFF	0	K1705306BFF	14938	0.0702905	0.0636631	-0.212362
0	M35294BFF	0	K1705307BFF	13330	0.0741185	0.055814	-0.184206
0	M35294BFF	0	K1705308BFF	15018	0.0746438	0.0613264	-0.1988
0	M35294BFF	0	M30431BFF	16041	0.0132161	0.145377	-3.87636
0	M35294BFF	0	M30432BFF	14732	0.0155444	0.146144	-3.7913
0	M35294BFF	0	M30434BFF	16130	0.0137012	0.145815	-3.95124
0	M35294BFF	0	M30435BFF	16690	0.0746555	0.0491312	-0.061121
0	M35294BFF	0	M30436BFF	16172	0.0725946	0.0429137	-0.0427377
0	M35294BFF	0	M30437BFF	12884	0.0810307	0.0302701	0.0331749
0	M35294BFF	0	M30464BFF	16829	0.0748708	0.0479529	-0.0604469
0	M35294BFF	0	M32949BFF	11793	0.0807259	0.0273891	0.0491152
0	M35294BFF	0	M33226BFF	15590	0.0145606	0.147146	-3.99073
0	M35294BFF	0	M33228BFF	12197	0.0761663	0.0341887	-0.00306212
0	M35294BFF	0	M33229BFF	16129	0.01364	0.147188	-4.08333
0	M35294BFF	0	M33231BFF	13762	0.0150414	0.149324	-3.94036
0	M35294BFF	0	M33232BFF	15890	0.0127753	0.145186	-3.89202
0	M35294BFF	0	M33233BFF	15044	0.0146902	0.147102	-3.94656
0	M35294BFF	0	M35290BFF	15760	0.014467	0.146637	-3.99221
0	M35294BFF	0	M35291BFF	16463	0.0831562	0.036992	0.0211568
0	M35294BFF	0	M35292BFF	14784	0.085836	0.0326028	0.0298614
0	M35294BFF	0	M35293BFF	12728	0.0831238	0.0267913	0.0522849
0	M35296BFF	0	1304001_SFF	15468	0.0476468	0.105443	-0.422632
0	M35296BFF	0	1304004_SFF	15880	0.0461587	0.105982	-0.431182
0	M35296BFF	0	1304006_SFF	16214	0.0457629	0.11083	-0.445159
0	M35296BFF	0	1304010_SFF	9951	0.0516531	0.079791	-0.305911
0	M35296BFF	0	1304011_SFF	15971	0.0456452	0.106693	-0.438937
0	M35296BFF	0	1306009_SFF	16278	0.0469345	0.110702	-0.452809
0	M35296BFF	0	1306011_SFF	16355	0.0434729	0.108713	-0.44979
0	M35296BFF	0	1306014_SFF	14966	0.0623413	0.0767072	-0.308901
0	M35296BFF	0	1306015_BFF	16247	0.0646273	0.0752139	-0.279327
0	M35296BFF	0	1307003_SFF	16349	0.0477705	0.107407	-0.430622
0	M35296BFF	0	1307004_SFF	16129	0.0460041	0.107508	-0.436473
0	M35296BFF	0	1611011_BFF	16417	0.0643236	0.074435	-0.276209
0	M35296BFF	0	1409002_SFF	15558	0.0455071	0.105798	-0.424898
0	M35296BFF	0	1409007_SFF	15933	0.0454403	0.109145	-0.44766
0	M35296BFF	0	1409008_SFF	16203	0.0443745	0.106647	-0.429678
0	M35296BFF	0	1409009_SFF	15722	0.0457321	0.106602	-0.431654
0	M35296BFF	0	1409012_SFF	15280	0.0448953	0.105105	-0.417975
0	M35296BFF	0	1409013_SFF	15612	0.0479119	0.10351	-0.410053
0	M35296BFF	0	1409026_SFF	12016	0.0507656	0.0912949	-0.360453
0	M35296BFF	0	1409027_SFF	14826	0.0451909	0.100701	-0.403101
0	M35296BFF	0	1409030_SFF	15658	0.0466215	0.102631	-0.413193
0	M35296BFF	0	1409031_SFF	15109	0.0483156	0.103448	-0.41297
0	M35296BFF	0	1409032_SFF	16016	0.0430195	0.106893	-0.443042
0	M35296BFF	0	1410001_SFF	14653	0.0470211	0.101344	-0.399181
0	M35296BFF	0	1410002_SFF	15265	0.0482804	0.0984605	-0.391493
0	M35296BFF	0	1412001_BFF	16388	0.0671223	0.0742006	-0.267648
0	M35296BFF	0	1412006_BFF	16186	0.0641913	0.073335	-0.272244
0	M35296BFF	0	1412010_BFF	14729	0.0691154	0.0657207	-0.235731
0	M35296BFF	0	1412014_BFF	14874	0.0667608	0.0661557	-0.243937
0	M35296BFF	0	1412024_BFF	15518	0.065279	0.0707565	-0.260457
0	M35296BFF	0	1510003_SFF	13162	0.0488528	0.0944385	-0.371317
0	M35296BFF	0	1510004_SFF	16344	0.0462555	0.103708	-0.433223
0	M35296BFF	0	1610001_BFF	16212	0.0687762	0.0663089	-0.227018
0	M35296BFF	0	1610002_BFF	16234	0.0679438	0.066527	-0.223876
0	M35296BFF	0	1610012_BFF	16399	0.067748	0.0658577	-0.226298
0	M35296BFF	0	1610013_BFF	15746	0.0707481	0.0635082	-0.207334
0	M35296BFF	0	1610015_BFF	16323	0.0715555	0.0644489	-0.20885
0	M35296BFF	0	1610016_BFF	16486	0.0681791	0.0677545	-0.22991
0	M35296BFF	0	1610017_BFF	16506	0.0680964	0.0696111	-0.237992
0	M35296BFF	0	1409001_SFF	16087	0.0462485	0.107478	-0.443126
0	M35296BFF	0	1611012_BFF	14838	0.0650357	0.0700229	-0.251162
0	M35296BFF	0	1611013_BFF	11696	0.0666895	0.0632695	-0.207363
0	M35296BFF	0	1611032_BFF	15952	0.0679539	0.0699599	-0.254167
0	M35296BFF	0	1702005_BFF	15435	0.0794299	0.0607062	-0.237001
0	M35296BFF	0	1702006_BFF	15495	0.0658277	0.066344	-0.244813
0	M35296BFF	0	1702007_BFF	15680	0.0640306	0.0714923	-0.267941
0	M35296BFF	0	1702008_BFF	13057	0.0720686	0.0631079	-0.217745
0	M35296BFF	0	1702009_BFF	16420	0.0677832	0.0736297	-0.271968
0	M35296BFF	0	1702012_BFF	12049	0.0711262	0.0629928	-0.226043
0	M35296BFF	0	1702013_BFF	16465	0.0645612	0.0736107	-0.278509
0	M35296BFF	0	1702014_BFF	13158	0.0690074	0.0611035	-0.219917
0	M35296BFF	0	1702016_BFF	15206	0.0672103	0.0722083	-0.268732
0	M35296BFF	0	1702017_BFF	13985	0.0667858	0.0672864	-0.246055
0	M35296BFF	0	1702018_BFF	16511	0.0654715	0.0770395	-0.284766
0	M35296BFF	0	1702019_BFF	15643	0.0666752	0.0705747	-0.25724
0	M35296BFF	0	1702020_BFF	16339	0.0636514	0.0757696	-0.279256
0	M35296BFF	0	1702022_BFF	15800	0.0665823	0.0682911	-0.250078
0	M35296BFF	0	1702024_BFF	13211	0.0649459	0.0657028	-0.227905
0	M35296BFF	0	1702026_BFF	16177	0.0666996	0.0722631	-0.267144
0	M35296BFF	0	1702027_BFF	14893	0.0684214	0.0681528	-0.254169
0	M35296BFF	0	1702028_BFF	12503	0.070703	0.0607854	-0.225338
0	M35296BFF	0	1702029_BFF	15203	0.0807735	0.0582122	-0.225566
0	M35296BFF	0	1702031_BFF	15587	0.0710207	0.0627446	-0.202556
0	M35296BFF	0	DG02_BFF	16125	0.0674729	0.071876	-0.264904
0	M35296BFF	0	1703018_BFF	16454	0.0683117	0.0646651	-0.22133
0	M35296BFF	0	1804002BFF	12607	0.0723408	0.0606806	-0.216931
0	M35296BFF	0	1804003BFF	15521	0.0686811	0.0708073	-0.262964
0	M35296BFF	0	1804004BFF	15149	0.066407	0.0652188	-0.239922
0	M35296BFF	0	1804005BFF	15456	0.0668349	0.0699405	-0.260253
0	M35296BFF	0	1804006BFF	15749	0.0669249	0.0689568	-0.248346
0	M35296BFF	0	1804007BFF	15393	0.0713311	0.0667186	-0.234385
0	M35296BFF	0	1804008BFF	15692	0.0661484	0.0691435	-0.256086
0	M35296BFF	0	1804009BFF	15524	0.0663489	0.0682814	-0.24588
0	M35296BFF	0	1804010BFF	15845	0.0688545	0.0701799	-0.255837
0	M35296BFF	0	1804011BFF	15010	0.0692205	0.0616922	-0.209062
0	M35296BFF	0	1804013BFF	13856	0.0684902	0.0623557	-0.210188
0	M35296BFF	0	1804014BFF	14357	0.0711151	0.0592742	-0.195423
0	M35296BFF	0	1804015BFF	14918	0.0710551	0.0608661	-0.195476
0	M35296BFF	0	1804016BFF	15687	0.0689106	0.0641933	-0.218393
0	M35296BFF	0	1804017BFF	15511	0.0707885	0.0601509	-0.199586
0	M35296BFF	0	1805001BFF	14552	0.0676883	0.0649395	-0.245465
0	M35296BFF	0	1805002BFF	15530	0.0647778	0.0684482	-0.257499
0	M35296BFF	0	1805003BFF	13401	0.0670845	0.059697	-0.214431
0	M35296BFF	0	1815076BFF_GHFF	13926	0.0681459	0.0641965	-0.227265
0	M35296BFF	0	1815092SFF	15653	0.0451032	0.104708	-0.419677
0	M35296BFF	0	1815093BFF_SFF	15218	0.0639374	0.069063	-0.252413
0	M35296BFF	0	1815094SFF	11220	0.0504456	0.086631	-0.344078
0	M35296BFF	0	1815095SFF	16217	0.0449528	0.105322	-0.427068
0	M35296BFF	0	1815096SFF	15065	0.0470627	0.102556	-0.409549
0	M35296BFF	0	2411005_SFF	15596	0.048474	0.102142	-0.406769
0	M35296BFF	0	2411007_SFF	13390	0.0471247	0.098581	-0.389123
0	M35296BFF	0	2811016_SFF	10865	0.0562356	0.0728946	-0.305112
0	M35296BFF	0	2811017_SFF	15060	0.0469456	0.102922	-0.403784
0	M35296BFF	0	37685_SFF	16512	0.0431202	0.11531	-0.473735
0	M35296BFF	0	37686_SFF	16311	0.0426706	0.112439	-0.466857
0	M35296BFF	0	37687_SFF	16480	0.0430218	0.116323	-0.476689
0	M35296BFF	0	37689_SFF	16510	0.0437916	0.116051	-0.47639
0	M35296BFF	0	37690_SFF	15931	0.0426213	0.113866	-0.471895
0	M35296BFF	0	37695_SFF	14509	0.0428699	0.104556	-0.410455
0	M35296BFF	0	37697_SFF	16260	0.0421894	0.111439	-0.456617
0	M35296BFF	0	37698_SFF	16045	0.0425055	0.112558	-0.463639
0	M35296BFF	0	37699_SFF	16010	0.0424735	0.109806	-0.452717
0	M35296BFF	0	37700_SFF	16519	0.0427387	0.116714	-0.485079
0	M35296BFF	0	37701_SFF	16439	0.0446499	0.115761	-0.46991
0	M35296BFF	0	37702_SFF	16166	0.0452184	0.112335	-0.458739
0	M35296BFF	0	37703_SFF	16210	0.0414559	0.111968	-0.454015
0	M35296BFF	0	37704_SFF	16371	0.0452019	0.110867	-0.455489
0	M35296BFF	0	37705_SFF	16146	0.0410628	0.113589	-0.457232
0	M35296BFF	0	37706_SFF	16433	0.0432666	0.113369	-0.460353
0	M35296BFF	0	37707_SFF	13867	0.045071	0.0985794	-0.398816
0	M35296BFF	0	37708_SFF	12352	0.0453368	0.0997409	-0.406641
0	M35296BFF	0	37710_SFF	15863	0.042741	0.106348	-0.432428
0	M35296BFF	0	37717_SFF	16237	0.0434809	0.113321	-0.465139
0	M35296BFF	0	37721_SFF	15064	0.0548327	0.0875597	-0.378211
0	M35296BFF	0	1412002_BFF	15652	0.0647202	0.0696397	-0.262804
0	M35296BFF	0	DG05_BFF	9966	0.068232	0.0604054	-0.205556
0	M35296BFF	0	DG06_BFF	9315	0.0756844	0.0585078	-0.188996
0	M35296BFF	0	K17053010BFF	13229	0.072719	0.0584322	-0.185811
0	M35296BFF	0	K17053011BFF	14073	0.0720529	0.0556385	-0.18457
0	M35296BFF	0	K1705302BFF	13761	0.0760119	0.0611874	-0.199764
0	M35296BFF	0	K1705303BFF	12875	0.0719223	0.0549903	-0.169309
0	M35296BFF	0	K1705304BFF	10540	0.0737192	0.0518027	-0.164026
0	M35296BFF	0	K1705305BFF	14359	0.0730552	0.0559231	-0.177891
0	M35296BFF	0	K1705306BFF	14649	0.0715407	0.0606867	-0.190138
0	M35296BFF	0	K1705307BFF	13124	0.0730722	0.0540994	-0.178395
0	M35296BFF	0	K1705308BFF	14764	0.074641	0.0594012	-0.187791
0	M35296BFF	0	M30431BFF	15712	0.0129201	0.139957	-3.80182
0	M35296BFF	0	M30432BFF	14436	0.0137157	0.140344	-3.66373
0	M35296BFF	0	M30434BFF	15780	0.0134347	0.139037	-3.7958
0	M35296BFF	0	M30435BFF	16337	0.0752892	0.0452347	-0.0387591
0	M35296BFF	0	M30436BFF	15846	0.0768017	0.0427868	-0.0283302
0	M35296BFF	0	M30437BFF	12642	0.0837684	0.0261826	0.062579
0	M35296BFF	0	M30464BFF	16478	0.0760408	0.0489744	-0.0573401
0	M35296BFF	0	M32949BFF	11606	0.0825435	0.0241255	0.0713632
0	M35296BFF	0	M33226BFF	15281	0.0139389	0.139454	-3.74075
0	M35296BFF	0	M33228BFF	12029	0.0750686	0.0321723	0.00658188
0	M35296BFF	0	M33229BFF	15817	0.0142884	0.142189	-3.93172
0	M35296BFF	0	M33231BFF	13506	0.0128832	0.1409	-3.83049
0	M35296BFF	0	M33232BFF	15563	0.0127225	0.139112	-3.76369
0	M35296BFF	0	M33233BFF	14758	0.0142296	0.140195	-3.75848
0	M35296BFF	0	M35290BFF	15429	0.0137404	0.139024	-3.83996
0	M35296BFF	0	M35291BFF	16126	0.079809	0.0343545	0.0254991
0	M35296BFF	0	M35292BFF	14487	0.0848347	0.0307172	0.0445922
0	M35296BFF	0	M35293BFF	12516	0.0854906	0.0239693	0.0763367
0	M35296BFF	0	M35294BFF	16075	0.0798134	0.0391913	-0.000629921
0	M35298BFF	0	1304001_SFF	15260	0.0480996	0.103014	-0.397286
0	M35298BFF	0	1304004_SFF	15692	0.0453097	0.101007	-0.394595
0	M35298BFF	0	1304006_SFF	16010	0.0439101	0.106371	-0.418835
0	M35298BFF	0	1304010_SFF	9831	0.051063	0.0798495	-0.301852
0	M35298BFF	0	1304011_SFF	15776	0.0449417	0.101547	-0.394733
0	M35298BFF	0	1306009_SFF	16089	0.0445025	0.106657	-0.426201
0	M35298BFF	0	1306011_SFF	16163	0.0471447	0.10654	-0.417912
0	M35298BFF	0	1306014_SFF	14818	0.0634364	0.074504	-0.280055
0	M35298BFF	0	1306015_BFF	16047	0.0654328	0.0715399	-0.246979
0	M35298BFF	0	1307003_SFF	16140	0.0453532	0.105204	-0.414416
0	M35298BFF	0	1307004_SFF	15939	0.0466152	0.102579	-0.398005
0	M35298BFF	0	1611011_BFF	16218	0.067086	0.0739302	-0.254242
0	M35298BFF	0	1409002_SFF	15380	0.0438882	0.102861	-0.405829
0	M35298BFF	0	1409007_SFF	15726	0.0476917	0.106829	-0.421109
0	M35298BFF	0	1409008_SFF	16008	0.0446027	0.103511	-0.401086
0	M35298BFF	0	1409009_SFF	15532	0.0448107	0.10121	-0.394749
0	M35298BFF	0	1409012_SFF	15103	0.0451566	0.103754	-0.400846
0	M35298BFF	0	1409013_SFF	15433	0.0474308	0.101017	-0.388603
0	M35298BFF	0	1409026_SFF	11909	0.0499622	0.0866572	-0.33313
0	M35298BFF	0	1409027_SFF	14682	0.048631	0.101008	-0.384873
0	M35298BFF	0	1409030_SFF	15479	0.0463208	0.0991666	-0.391018
0	M35298BFF	0	1409031_SFF	14937	0.0489389	0.102564	-0.396312
0	M35298BFF	0	1409032_SFF	15826	0.0428409	0.102174	-0.406193
0	M35298BFF	0	1410001_SFF	14519	0.0478683	0.0985605	-0.374046
0	M35298BFF	0	1410002_SFF	15087	0.0485849	0.0973686	-0.375719
0	M35298BFF	0	1412001_BFF	16190	0.0673255	0.0710315	-0.247074
0	M35298BFF	0	1412006_BFF	15998	0.0671334	0.0730091	-0.255229
0	M35298BFF	0	1412010_BFF	14582	0.0676862	0.0643259	-0.227167
0	M35298BFF	0	1412014_BFF	14690	0.0706603	0.0651464	-0.220268
0	M35298BFF	0	1412024_BFF	15333	0.0639797	0.0686754	-0.24119
0	M35298BFF	0	1510003_SFF	13038	0.0481669	0.0922688	-0.359715
0	M35298BFF	0	1510004_SFF	16146	0.0466989	0.101511	-0.40939
0	M35298BFF	0	1610001_BFF	16016	0.0716783	0.0658092	-0.206938
0	M35298BFF	0	1610002_BFF	16055	0.0688259	0.0654625	-0.206925
0	M35298BFF	0	1610012_BFF	16210	0.0695867	0.0631709	-0.202018
0	M35298BFF	0	1610013_BFF	15551	0.0727284	0.0607678	-0.182638
0	M35298BFF	0	1610015_BFF	16140	0.0714994	0.0627014	-0.190423
0	M35298BFF	0	1610016_BFF	16302	0.0695007	0.0666789	-0.211756
0	M35298BFF	0	1610017_BFF	16317	0.0709076	0.0679659	-0.214847
0	M35298BFF	0	1409001_SFF	15907	0.0458917	0.104294	-0.412629
0	M35298BFF	0	1611012_BFF	14692	0.0660223	0.0695617	-0.238595
0	M35298BFF	0	1611013_BFF	11560	0.06609	0.0603806	-0.199745
0	M35298BFF	0	1611032_BFF	15777	0.0690879	0.0687076	-0.235487
0	M35298BFF	0	1702005_BFF	15270	0.0766863	0.0586771	-0.228358
0	M35298BFF	0	1702006_BFF	15329	0.0667363	0.0646487	-0.225986
0	M35298BFF	0	1702007_BFF	15503	0.0654067	0.0691479	-0.243801
0	M35298BFF	0	1702008_BFF	12917	0.071224	0.058063	-0.183091
0	M35298BFF	0	1702009_BFF	16219	0.0678217	0.0717677	-0.252092
0	M35298BFF	0	1702012_BFF	11916	0.0683115	0.0569822	-0.193452
0	M35298BFF	0	1702013_BFF	16271	0.0664987	0.0717842	-0.251558
0	M35298BFF	0	1702014_BFF	13025	0.0720921	0.059501	-0.196775
0	M35298BFF	0	1702016_BFF	15022	0.0671016	0.068433	-0.243845
0	M35298BFF	0	1702017_BFF	13825	0.0694394	0.0645208	-0.222339
0	M35298BFF	0	1702018_BFF	16320	0.0650735	0.0773897	-0.27819
0	M35298BFF	0	1702019_BFF	15467	0.0672399	0.0691149	-0.239332
0	M35298BFF	0	1702020_BFF	16148	0.0658905	0.0749938	-0.259808
0	M35298BFF	0	1702022_BFF	15616	0.0692879	0.0679431	-0.233861
0	M35298BFF	0	1702024_BFF	13091	0.0645482	0.064319	-0.217412
0	M35298BFF	0	1702026_BFF	15977	0.0675346	0.0708518	-0.25
0	M35298BFF	0	1702027_BFF	14713	0.0698702	0.0662679	-0.230528
0	M35298BFF	0	1702028_BFF	12363	0.0704522	0.0588045	-0.20629
0	M35298BFF	0	1702029_BFF	15037	0.077143	0.0563277	-0.212516
0	M35298BFF	0	1702031_BFF	15421	0.0708774	0.0622528	-0.18699
0	M35298BFF	0	DG02_BFF	15944	0.0677998	0.0676744	-0.233146
0	M35298BFF	0	1703018_BFF	16259	0.0709761	0.0648256	-0.206606
0	M35298BFF	0	1804002BFF	12457	0.0700008	0.0582805	-0.199375
0	M35298BFF	0	1804003BFF	15362	0.0683505	0.0663325	-0.232551
0	M35298BFF	0	1804004BFF	14968	0.0689471	0.0642704	-0.22001
0	M35298BFF	0	1804005BFF	15298	0.0713165	0.069813	-0.234133
0	M35298BFF	0	1804006BFF	15555	0.0685953	0.066731	-0.222492
0	M35298BFF	0	1804007BFF	15245	0.0675631	0.0654641	-0.231194
0	M35298BFF	0	1804008BFF	15524	0.0680237	0.0651894	-0.221121
0	M35298BFF	0	1804009BFF	15349	0.0693856	0.066519	-0.222126
0	M35298BFF	0	1804010BFF	15642	0.0679581	0.0693006	-0.246483
0	M35298BFF	0	1804011BFF	14850	0.0722559	0.0614815	-0.190764
0	M35298BFF	0	1804013BFF	13702	0.0680193	0.061159	-0.200722
0	M35298BFF	0	1804014BFF	14197	0.0733958	0.0558569	-0.16165
0	M35298BFF	0	1804015BFF	14771	0.0719653	0.0599147	-0.18034
0	M35298BFF	0	1804016BFF	15520	0.0708119	0.0633376	-0.1976
0	M35298BFF	0	1804017BFF	15318	0.0744222	0.0608435	-0.18458
0	M35298BFF	0	1805001BFF	14416	0.070616	0.0618063	-0.210562
0	M35298BFF	0	1805002BFF	15324	0.0676716	0.0687157	-0.248571
0	M35298BFF	0	1805003BFF	13267	0.0684405	0.059697	-0.203482
0	M35298BFF	0	1815076BFF_GHFF	13762	0.0722279	0.0634355	-0.211593
0	M35298BFF	0	1815092SFF	15476	0.0462006	0.101706	-0.391101
0	M35298BFF	0	1815093BFF_SFF	15058	0.0678709	0.0668083	-0.22401
0	M35298BFF	0	1815094SFF	11190	0.051832	0.083378	-0.310622
0	M35298BFF	0	1815095SFF	16029	0.0440452	0.103562	-0.410402
0	M35298BFF	0	1815096SFF	14873	0.0480065	0.0991058	-0.384077
0	M35298BFF	0	2411005_SFF	15415	0.0487188	0.100941	-0.388811
0	M35298BFF	0	2411007_SFF	13221	0.0486347	0.0976477	-0.372987
0	M35298BFF	0	2811016_SFF	10760	0.0614312	0.0728625	-0.295287
0	M35298BFF	0	2811017_SFF	14875	0.0460504	0.098958	-0.386899
0	M35298BFF	0	37685_SFF	16313	0.0432784	0.1112	-0.440716
0	M35298BFF	0	37686_SFF	16122	0.0442873	0.109168	-0.432414
0	M35298BFF	0	37687_SFF	16289	0.0419915	0.112775	-0.447404
0	M35298BFF	0	37689_SFF	16318	0.0419782	0.113556	-0.455773
0	M35298BFF	0	37690_SFF	15730	0.0431024	0.109727	-0.434622
0	M35298BFF	0	37695_SFF	14345	0.0424538	0.102684	-0.398361
0	M35298BFF	0	37697_SFF	16063	0.0419598	0.109008	-0.430051
0	M35298BFF	0	37698_SFF	15859	0.0426887	0.108519	-0.429331
0	M35298BFF	0	37699_SFF	15842	0.0443126	0.106742	-0.422219
0	M35298BFF	0	37700_SFF	16322	0.040375	0.111506	-0.448123
0	M35298BFF	0	37701_SFF	16237	0.044959	0.111905	-0.437798
0	M35298BFF	0	37702_SFF	15964	0.0444751	0.108369	-0.428604
0	M35298BFF	0	37703_SFF	16020	0.0437578	0.108489	-0.41817
0	M35298BFF	0	37704_SFF	16180	0.0454265	0.10958	-0.437594
0	M35298BFF	0	37705_SFF	15965	0.042969	0.111431	-0.443925
0	M35298BFF	0	37706_SFF	16232	0.0423238	0.110646	-0.434485
0	M35298BFF	0	37707_SFF	13725	0.0460474	0.0952277	-0.372001
0	M35298BFF	0	37708_SFF	12248	0.0438439	0.0956891	-0.36854
0	M35298BFF	0	37710_SFF	15694	0.0454314	0.10692	-0.417308
0	M35298BFF	0	37717_SFF	16041	0.0447603	0.110155	-0.432481
0	M35298BFF	0	37721_SFF	14866	0.0571775	0.0838154	-0.337431
0	M35298BFF	0	1412002_BFF	15472	0.0653438	0.069545	-0.248515
0	M35298BFF	0	DG05_BFF	9830	0.0682604	0.060529	-0.204908
0	M35298BFF	0	DG06_BFF	9210	0.0762215	0.0575461	-0.175757
0	M35298BFF	0	K17053010BFF	13086	0.0725967	0.0560905	-0.168507
0	M35298BFF	0	K17053011BFF	13957	0.0739414	0.0568174	-0.17591
0	M35298BFF	0	K1705302BFF	13609	0.0732603	0.059152	-0.187523
0	M35298BFF	0	K1705303BFF	12759	0.074614	0.0536876	-0.156491
0	M35298BFF	0	K1705304BFF	10440	0.0750958	0.0495211	-0.15345
0	M35298BFF	0	K1705305BFF	14208	0.0753097	0.0555321	-0.162401
0	M35298BFF	0	K1705306BFF	14510	0.0700207	0.0583046	-0.178571
0	M35298BFF	0	K1705307BFF	12974	0.0744566	0.051873	-0.156167
0	M35298BFF	0	K1705308BFF	14577	0.0730603	0.0561844	-0.167996
0	M35298BFF	0	M30431BFF	15543	0.0138326	0.141865	-3.78125
0	M35298BFF	0	M30432BFF	14307	0.0148179	0.141958	-3.7155
0	M35298BFF	0	M30434BFF	15610	0.0138373	0.140167	-3.84596
0	M35298BFF	0	M30435BFF	16163	0.0756048	0.0439275	-0.034077
0	M35298BFF	0	M30436BFF	15670	0.0790683	0.0437141	-0.0246788
0	M35298BFF	0	M30437BFF	12596	0.0855033	0.0252461	0.0785714
0	M35298BFF	0	M30464BFF	16292	0.0773386	0.0489811	-0.0528455
0	M35298BFF	0	M32949BFF	11563	0.0850125	0.0239557	0.0811762
0	M35298BFF	0	M33226BFF	15125	0.013157	0.140694	-3.86477
0	M35298BFF	0	M33228BFF	11931	0.078954	0.0336099	0.0152012
0	M35298BFF	0	M33229BFF	15626	0.0135031	0.142839	-3.99747
0	M35298BFF	0	M33231BFF	13366	0.0141404	0.143424	-3.89491
0	M35298BFF	0	M33232BFF	15397	0.0128596	0.141001	-3.83868
0	M35298BFF	0	M33233BFF	14605	0.0147895	0.142759	-3.85254
0	M35298BFF	0	M35290BFF	15248	0.0129853	0.141396	-3.95599
0	M35298BFF	0	M35291BFF	15949	0.0830773	0.0349238	0.0273475
0	M35298BFF	0	M35292BFF	14393	0.084555	0.0284861	0.058479
0	M35298BFF	0	M35293BFF	12409	0.0864695	0.0262713	0.0686722
0	M35298BFF	0	M35294BFF	15911	0.0815159	0.0343159	0.0252221
0	M35298BFF	0	M35296BFF	15611	0.079239	0.0338223	0.0213682
0	M53754BFF	0	1304001_SFF	13303	0.0521687	0.0790047	-0.243264
0	M53754BFF	0	1304004_SFF	13649	0.0534105	0.0772218	-0.23938
0	M53754BFF	0	1304006_SFF	13951	0.0495305	0.0819296	-0.276637
0	M53754BFF	0	1304010_SFF	8676	0.057976	0.060627	-0.154034
0	M53754BFF	0	1304011_SFF	13743	0.0492614	0.0785855	-0.254764
0	M53754BFF	0	1306009_SFF	14009	0.0491827	0.0843029	-0.277506
0	M53754BFF	0	1306011_SFF	14072	0.0497442	0.0787379	-0.245504
0	M53754BFF	0	1306014_SFF	12884	0.0689227	0.0544086	-0.136561
0	M53754BFF	0	1306015_BFF	13981	0.0708104	0.0542164	-0.112432
0	M53754BFF	0	1307003_SFF	14069	0.0504656	0.0802474	-0.262981
0	M53754BFF	0	1307004_SFF	13866	0.0535122	0.0798356	-0.248104
0	M53754BFF	0	1611011_BFF	14114	0.0733314	0.0574607	-0.128863
0	M53754BFF	0	1409002_SFF	13402	0.0494702	0.0791673	-0.258502
0	M53754BFF	0	1409007_SFF	13700	0.0505109	0.0810219	-0.255537
0	M53754BFF	0	1409008_SFF	13933	0.0477284	0.0813177	-0.286905
0	M53754BFF	0	1409009_SFF	13490	0.0507784	0.0779837	-0.256135
0	M53754BFF	0	1409012_SFF	13171	0.0488953	0.0769873	-0.253899
0	M53754BFF	0	1409013_SFF	13425	0.0505028	0.0773184	-0.243714
0	M53754BFF	0	1409026_SFF	10382	0.0538432	0.0651127	-0.193041
0	M53754BFF	0	1409027_SFF	12729	0.0513787	0.0767539	-0.236195
0	M53754BFF	0	1409030_SFF	13477	0.0526823	0.0777621	-0.232543
0	M53754BFF	0	1409031_SFF	12989	0.0532758	0.078682	-0.237987
0	M53754BFF	0	1409032_SFF	13755	0.0500909	0.0796801	-0.254068
0	M53754BFF	0	1410001_SFF	12625	0.0526733	0.0750891	-0.226337
0	M53754BFF	0	1410002_SFF	13114	0.0523105	0.0748056	-0.219437
0	M53754BFF	0	1412001_BFF	14106	0.0734439	0.0553665	-0.123126
0	M53754BFF	0	1412006_BFF	13908	0.0757837	0.0545729	-0.112927
0	M53754BFF	0	1412010_BFF	12700	0.0732283	0.0488976	-0.103412
0	M53754BFF	0	1412014_BFF	12816	0.0771692	0.0496255	-0.0965929
0	M53754BFF	0	1412024_BFF	13405	0.0735546	0.0490116	-0.0878605
0	M53754BFF	0	1510003_SFF	11357	0.0509818	0.0724663	-0.220855
0	M53754BFF	0	1510004_SFF	14063	0.051767	0.0790016	-0.251198
0	M53754BFF	0	1610001_BFF	13923	0.0782877	0.0510666	-0.0896713
0	M53754BFF	0	1610002_BFF	13989	0.0786332	0.0506827	-0.0818313
0	M53754BFF	0	1610012_BFF	14124	0.0785188	0.0473662	-0.0752071
0	M53754BFF	0	1610013_BFF	13625	0.0802202	0.0469725	-0.065221
0	M53754BFF	0	1610015_BFF	14062	0.0787228	0.0476461	-0.0692713
0	M53754BFF	0	1610016_BFF	14197	0.0783264	0.0493062	-0.0782291
0	M53754BFF	0	1610017_BFF	14200	0.0748592	0.053169	-0.103429
0	M53754BFF	0	1409001_SFF	13826	0.0505569	0.0803559	-0.247491
0	M53754BFF	0	1611012_BFF	12838	0.0729864	0.0499299	-0.100229
0	M53754BFF	0	1611013_BFF	10085	0.0740704	0.0439266	-0.0608286
0	M53754BFF	0	1611032_BFF	13750	0.0737455	0.0529455	-0.115391
0	M53754BFF	0	1702005_BFF	13309	0.0883613	0.0433541	-0.0907109
0	M53754BFF	0	1702006_BFF	13345	0.077707	0.0474335	-0.0821046
0	M53754BFF	0	1702007_BFF	13479	0.0732992	0.050894	-0.100886
0	M53754BFF	0	1702008_BFF	11239	0.0786547	0.044132	-0.0728039
0	M53754BFF	0	1702009_BFF	14124	0.0736335	0.0528179	-0.110149
0	M53754BFF	0	1702012_BFF	10415	0.0779645	0.0429189	-0.0706687
0	M53754BFF	0	1702013_BFF	14174	0.0723155	0.0537604	-0.116714
0	M53754BFF	0	1702014_BFF	11377	0.0770853	0.0450031	-0.0765527
0	M53754BFF	0	1702016_BFF	13074	0.0741931	0.0526235	-0.110958
0	M53754BFF	0	1702017_BFF	11984	0.0771862	0.0464786	-0.0873268
0	M53754BFF	0	1702018_BFF	14203	0.0711821	0.0550588	-0.120537
0	M53754BFF	0	1702019_BFF	13491	0.0724186	0.0503298	-0.102853
0	M53754BFF	0	1702020_BFF	14063	0.0717486	0.0593046	-0.136168
0	M53754BFF	0	1702022_BFF	13597	0.0745753	0.0497904	-0.100711
0	M53754BFF	0	1702024_BFF	11440	0.0711538	0.0464161	-0.0857343
0	M53754BFF	0	1702026_BFF	13901	0.0727286	0.0540249	-0.119036
0	M53754BFF	0	1702027_BFF	12813	0.0798408	0.0468274	-0.0847757
0	M53754BFF	0	1702028_BFF	10789	0.0779498	0.0427287	-0.0782903
0	M53754BFF	0	1702029_BFF	13099	0.0895488	0.0418353	-0.0817507
0	M53754BFF	0	1702031_BFF	13425	0.0773184	0.0443203	-0.0582386
0	M53754BFF	0	DG02_BFF	13869	0.0752037	0.0527075	-0.114777
0	M53754BFF	0	1703018_BFF	14173	0.0781768	0.0478374	-0.0749921
0	M53754BFF	0	1804002BFF	11124	0.0797375	0.0409924	-0.0642155
0	M53754BFF	0	1804003BFF	13467	0.0733645	0.049974	-0.107311
0	M53754BFF	0	1804004BFF	13130	0.0698401	0.0492765	-0.112033
0	M53754BFF	0	1804005BFF	13385	0.0721703	0.0523721	-0.114286
0	M53754BFF	0	1804006BFF	13591	0.0714443	0.0536384	-0.12008
0	M53754BFF	0	1804007BFF	13371	0.0773315	0.048837	-0.0974619
0	M53754BFF	0	1804008BFF	13590	0.0732892	0.0523179	-0.111445
0	M53754BFF	0	1804009BFF	13454	0.0723948	0.0506169	-0.100731
0	M53754BFF	0	1804010BFF	13693	0.073103	0.0541152	-0.122565
0	M53754BFF	0	1804011BFF	13068	0.0799663	0.0459137	-0.0741259
0	M53754BFF	0	1804013BFF	12141	0.0773412	0.041677	-0.0503375
0	M53754BFF	0	1804014BFF	12523	0.0818494	0.0422423	-0.0541031
0	M53754BFF	0	1804015BFF	13001	0.0769172	0.0460734	-0.0725637
0	M53754BFF	0	1804016BFF	13624	0.0759689	0.0468291	-0.0745934
0	M53754BFF	0	1804017BFF	13431	0.0804854	0.0428114	-0.0548106
0	M53754BFF	0	1805001BFF	12689	0.0774687	0.0470486	-0.0928112
0	M53754BFF	0	1805002BFF	13415	0.0739471	0.049795	-0.106349
0	M53754BFF	0	1805003BFF	11716	0.0775009	0.0454933	-0.0808482
0	M53754BFF	0	1815076BFF_GHFF	12190	0.0772765	0.0438884	-0.0724463
0	M53754BFF	0	1815092SFF	13529	0.0507059	0.0782763	-0.250939
0	M53754BFF	0	1815093BFF_SFF	13230	0.0695389	0.0485261	-0.102764
0	M53754BFF	0	1815094SFF	9921	0.0557403	0.0613849	-0.161109
0	M53754BFF	0	1815095SFF	13963	0.0505622	0.0793526	-0.254763
0	M53754BFF	0	1815096SFF	13052	0.0520993	0.0771529	-0.233443
0	M53754BFF	0	2411005_SFF	13446	0.0536219	0.0756359	-0.220903
0	M53754BFF	0	2411007_SFF	11539	0.0523442	0.0733166	-0.218738
0	M53754BFF	0	2811016_SFF	9441	0.0631289	0.0468171	-0.123493
0	M53754BFF	0	2811017_SFF	13010	0.0506533	0.0770945	-0.250717
0	M53754BFF	0	37685_SFF	14203	0.0452017	0.0859678	-0.312209
0	M53754BFF	0	37686_SFF	14054	0.0464636	0.0843888	-0.28288
0	M53754BFF	0	37687_SFF	14174	0.045012	0.088613	-0.329641
0	M53754BFF	0	37689_SFF	14211	0.0475688	0.0873971	-0.309343
0	M53754BFF	0	37690_SFF	13730	0.0458849	0.0863802	-0.311342
0	M53754BFF	0	37695_SFF	12537	0.0483369	0.0812794	-0.298568
0	M53754BFF	0	37697_SFF	14000	0.0451429	0.0863571	-0.318552
0	M53754BFF	0	37698_SFF	13809	0.0482294	0.0829169	-0.287755
0	M53754BFF	0	37699_SFF	13787	0.0476536	0.083557	-0.2875
0	M53754BFF	0	37700_SFF	14217	0.0468453	0.088556	-0.31472
0	M53754BFF	0	37701_SFF	14153	0.0465626	0.0868367	-0.321707
0	M53754BFF	0	37702_SFF	13910	0.0490295	0.0850467	-0.290902
0	M53754BFF	0	37703_SFF	13967	0.0443188	0.0851292	-0.326314
0	M53754BFF	0	37704_SFF	14105	0.049486	0.0854307	-0.290776
0	M53754BFF	0	37705_SFF	13892	0.0462136	0.0879643	-0.342701
0	M53754BFF	0	37706_SFF	14129	0.0472786	0.0879043	-0.333362
0	M53754BFF	0	37707_SFF	12063	0.0506508	0.072453	-0.212635
0	M53754BFF	0	37708_SFF	10835	0.0503922	0.0749423	-0.238452
0	M53754BFF	0	37710_SFF	13684	0.0504239	0.0812628	-0.269596
0	M53754BFF	0	37717_SFF	13983	0.048559	0.0853894	-0.30152
0	M53754BFF	0	37721_SFF	12997	0.0604755	0.0636301	-0.196797
0	M53754BFF	0	1412002_BFF	13453	0.0734409	0.0510667	-0.109206
0	M53754BFF	0	DG05_BFF	8596	0.0749186	0.0429269	-0.0712017
0	M53754BFF	0	DG06_BFF	7976	0.0816199	0.037989	-0.0440845
0	M53754BFF	0	K17053010BFF	11582	0.0812468	0.0412709	-0.0465985
0	M53754BFF	0	K17053011BFF	12290	0.0803092	0.0391375	-0.0423966
0	M53754BFF	0	K1705302BFF	12034	0.0786937	0.0429616	-0.0616477
0	M53754BFF	0	K1705303BFF	11307	0.0781817	0.0386486	-0.0448353
0	M53754BFF	0	K1705304BFF	9311	0.0865643	0.0353346	-0.0292369
0	M53754BFF	0	K1705305BFF	12587	0.0818305	0.041233	-0.0478723
0	M53754BFF	0	K1705306BFF	12742	0.0754984	0.0433213	-0.0587504
0	M53754BFF	0	K1705307BFF	11516	0.0825808	0.0387287	-0.0473568
0	M53754BFF	0	K1705308BFF	12871	0.081501	0.0428094	-0.0600987
0	M53754BFF	0	M30431BFF	13551	0.0157922	0.122205	-3.37697
0	M53754BFF	0	M30432BFF	12515	0.0171794	0.123132	-3.356
0	M53754BFF	0	M30434BFF	13613	0.0154264	0.121428	-3.4754
0	M53754BFF	0	M30435BFF	14103	0.0831738	0.0313408	0.0206009
0	M53754BFF	0	M30436BFF	13737	0.084953	0.0302832	0.0405647
0	M53754BFF	0	M30437BFF	11107	0.0824705	0.0325921	0.0368797
0	M53754BFF	0	M30464BFF	14189	0.0847135	0.0347452	0.0145833
0	M53754BFF	0	M32949BFF	10222	0.0844257	0.0275876	0.0564317
0	M53754BFF	0	M33226BFF	13207	0.0152192	0.122814	-3.38304
0	M53754BFF	0	M33228BFF	10621	0.0845495	0.0236324	0.0853119
0	M53754BFF	0	M33229BFF	13633	0.0155505	0.122937	-3.50684
0	M53754BFF	0	M33231BFF	11728	0.0156889	0.125341	-3.53166
0	M53754BFF	0	M33232BFF	13434	0.0147387	0.122748	-3.48052
0	M53754BFF	0	M33233BFF	12796	0.0181307	0.122851	-3.45862
0	M53754BFF	0	M35290BFF	13330	0.0145536	0.121755	-3.51869
0	M53754BFF	0	M35291BFF	13902	0.0802762	0.0387714	-0.0225283
0	M53754BFF	0	M35292BFF	12619	0.0828116	0.0325699	0.0306742
0	M53754BFF	0	M35293BFF	10962	0.0863893	0.029283	0.0593861
0	M53754BFF	0	M35294BFF	13877	0.0791237	0.0407869	-0.0365138
0	M53754BFF	0	M35296BFF	13650	0.0782418	0.0379487	-0.0239611
0	M53754BFF	0	M35298BFF	13493	0.078411	0.0377233	-0.0155613
0	M54659BFF	0	1304001_SFF	14390	0.0476025	0.0851286	-0.294347
0	M54659BFF	0	1304004_SFF	14781	0.0468169	0.0851093	-0.292154
0	M54659BFF	0	1304006_SFF	15088	0.0467259	0.0888786	-0.309816
0	M54659BFF	0	1304010_SFF	9270	0.0541532	0.0658037	-0.220337
0	M54659BFF	0	1304011_SFF	14876	0.0457784	0.0836246	-0.287972
0	M54659BFF	0	1306009_SFF	15167	0.0455594	0.0902618	-0.323821
0	M54659BFF	0	1306011_SFF	15242	0.0473035	0.0898832	-0.317665
0	M54659BFF	0	1306014_SFF	13957	0.0639822	0.0608297	-0.198739
0	M54659BFF	0	1306015_BFF	15134	0.070107	0.060592	-0.166099
0	M54659BFF	0	1307003_SFF	15234	0.0488381	0.0878955	-0.302465
0	M54659BFF	0	1307004_SFF	15027	0.0459839	0.0855793	-0.298209
0	M54659BFF	0	1611011_BFF	15279	0.0687872	0.0623077	-0.177409
0	M54659BFF	0	1409002_SFF	14495	0.0458089	0.0863056	-0.302003
0	M54659BFF	0	1409007_SFF	14833	0.0495517	0.0895301	-0.312796
0	M54659BFF	0	1409008_SFF	15077	0.046362	0.0870863	-0.300312
0	M54659BFF	0	1409009_SFF	14624	0.0477981	0.0844502	-0.287444
0	M54659BFF	0	1409012_SFF	14237	0.0486057	0.0855517	-0.288778
0	M54659BFF	0	1409013_SFF	14517	0.0481504	0.0839016	-0.287867
0	M54659BFF	0	1409026_SFF	11192	0.051644	0.069782	-0.243866
0	M54659BFF	0	1409027_SFF	13833	0.0465553	0.0832068	-0.291878
0	M54659BFF	0	1409030_SFF	14600	0.0463014	0.0850685	-0.300565
0	M54659BFF	0	1409031_SFF	14081	0.0472268	0.084227	-0.295341
0	M54659BFF	0	1409032_SFF	14906	0.0468939	0.0860727	-0.301163
0	M54659BFF	0	1410001_SFF	13671	0.051057	0.0800234	-0.262247
0	M54659BFF	0	1410002_SFF	14228	0.0491988	0.0797723	-0.274324
0	M54659BFF	0	1412001_BFF	15272	0.0693426	0.0605029	-0.17456
0	M54659BFF	0	1412006_BFF	15073	0.070059	0.0633583	-0.187812
0	M54659BFF	0	1412010_BFF	13709	0.0692246	0.0524473	-0.14797
0	M54659BFF	0	1412014_BFF	13852	0.0713254	0.0519059	-0.137975
0	M54659BFF	0	1412024_BFF	14487	0.0712363	0.0593636	-0.162313
0	M54659BFF	0	1510003_SFF	12272	0.0516623	0.0773305	-0.258099
0	M54659BFF	0	1510004_SFF	15226	0.0483384	0.0853803	-0.30988
0	M54659BFF	0	1610001_BFF	15100	0.0725166	0.0549007	-0.137733
0	M54659BFF	0	1610002_BFF	15140	0.0711361	0.0534346	-0.129165
0	M54659BFF	0	1610012_BFF	15287	0.0749002	0.0534441	-0.12523
0	M54659BFF	0	1610013_BFF	14733	0.0730333	0.0518564	-0.120952
0	M54659BFF	0	1610015_BFF	15229	0.0756452	0.0520717	-0.117656
0	M54659BFF	0	1610016_BFF	15368	0.0726835	0.0544638	-0.131284
0	M54659BFF	0	1610017_BFF	15381	0.0734673	0.0582537	-0.146075
0	M54659BFF	0	1409001_SFF	14982	0.0487919	0.0859698	-0.303801
0	M54659BFF	0	1611012_BFF	13860	0.07114	0.0578644	-0.158228
0	M54659BFF	0	1611013_BFF	10867	0.0716849	0.0480353	-0.111099
0	M54659BFF	0	1611032_BFF	14889	0.0733427	0.0586339	-0.165297
0	M54659BFF	0	1702005_BFF	14406	0.0853811	0.0458837	-0.127233
0	M54659BFF	0	1702006_BFF	14446	0.068808	0.0544095	-0.15583
0	M54659BFF	0	1702007_BFF	14620	0.0679207	0.0541724	-0.148139
0	M54659BFF	0	1702008_BFF	12214	0.0741772	0.0481415	-0.118233
0	M54659BFF	0	1702009_BFF	15285	0.0696107	0.0587504	-0.168408
0	M54659BFF	0	1702012_BFF	11268	0.071175	0.0492545	-0.132272
0	M54659BFF	0	1702013_BFF	15352	0.069828	0.0596014	-0.169755
0	M54659BFF	0	1702014_BFF	12277	0.0783579	0.0486275	-0.106765
0	M54659BFF	0	1702016_BFF	14155	0.0704345	0.0572942	-0.163538
0	M54659BFF	0	1702017_BFF	13042	0.0742984	0.0544395	-0.146583
0	M54659BFF	0	1702018_BFF	15380	0.0682055	0.0628088	-0.184122
0	M54659BFF	0	1702019_BFF	14608	0.07181	0.0572974	-0.156472
0	M54659BFF	0	1702020_BFF	15245	0.0722204	0.0653329	-0.182435
0	M54659BFF	0	1702022_BFF	14724	0.0710405	0.0570497	-0.160629
0	M54659BFF	0	1702024_BFF	12349	0.0676978	0.0525549	-0.141406
0	M54659BFF	0	1702026_BFF	15056	0.0717986	0.0607067	-0.170728
0	M54659BFF	0	1702027_BFF	13865	0.0717634	0.0534439	-0.147848
0	M54659BFF	0	1702028_BFF	11686	0.0759028	0.0470649	-0.118565
0	M54659BFF	0	1702029_BFF	14163	0.0807738	0.0455412	-0.136841
0	M54659BFF	0	1702031_BFF	14532	0.0748004	0.0511285	-0.110985
0	M54659BFF	0	DG02_BFF	15037	0.0700938	0.0567267	-0.15975
0	M54659BFF	0	1703018_BFF	15339	0.0736684	0.0545668	-0.138334
0	M54659BFF	0	1804002BFF	11913	0.0764711	0.0454126	-0.104755
0	M54659BFF	0	1804003BFF	14516	0.0721273	0.0552494	-0.155271
0	M54659BFF	0	1804004BFF	14196	0.0714286	0.0546633	-0.156313
0	M54659BFF	0	1804005BFF	14472	0.0735904	0.0561774	-0.153677
0	M54659BFF	0	1804006BFF	14703	0.0701217	0.055975	-0.153481
0	M54659BFF	0	1804007BFF	14391	0.0721979	0.0555903	-0.163203
0	M54659BFF	0	1804008BFF	14682	0.0705626	0.0550334	-0.150787
0	M54659BFF	0	1804009BFF	14539	0.0724259	0.0560561	-0.147452
0	M54659BFF	0	1804010BFF	14808	0.0722582	0.0582118	-0.16348
0	M54659BFF	0	1804011BFF	14064	0.0759386	0.0495592	-0.112694
0	M54659BFF	0	1804013BFF	13040	0.0716258	0.0478528	-0.108163
0	M54659BFF	0	1804014BFF	13512	0.0756365	0.0473653	-0.10554
0	M54659BFF	0	1804015BFF	14028	0.0750642	0.0495438	-0.113281
0	M54659BFF	0	1804016BFF	14674	0.0759847	0.053973	-0.121848
0	M54659BFF	0	1804017BFF	14489	0.0774381	0.0494858	-0.111374
0	M54659BFF	0	1805001BFF	13666	0.07515	0.0521001	-0.141187
0	M54659BFF	0	1805002BFF	14513	0.0745538	0.055812	-0.149611
0	M54659BFF	0	1805003BFF	12635	0.071943	0.0498615	-0.132546
0	M54659BFF	0	1815076BFF_GHFF	13117	0.0724251	0.0503926	-0.128867
0	M54659BFF	0	1815092SFF	14609	0.0459306	0.0845369	-0.293639
0	M54659BFF	0	1815093BFF_SFF	14244	0.0692923	0.0546195	-0.1482
0	M54659BFF	0	1815094SFF	10628	0.0525028	0.0673692	-0.21918
0	M54659BFF	0	1815095SFF	15112	0.0456591	0.0847671	-0.299828
0	M54659BFF	0	1815096SFF	14098	0.0499362	0.082494	-0.278044
0	M54659BFF	0	2411005_SFF	14539	0.0486278	0.0829493	-0.289116
0	M54659BFF	0	2411007_SFF	12429	0.047711	0.0777215	-0.259117
0	M54659BFF	0	2811016_SFF	10188	0.0600707	0.0540832	-0.183474
0	M54659BFF	0	2811017_SFF	14063	0.0467183	0.082486	-0.28502
0	M54659BFF	0	37685_SFF	15375	0.0430569	0.0939837	-0.340278
0	M54659BFF	0	37686_SFF	15195	0.0442909	0.0896347	-0.320058
0	M54659BFF	0	37687_SFF	15357	0.0428469	0.0962428	-0.361388
0	M54659BFF	0	37689_SFF	15380	0.0435631	0.0942133	-0.342638
0	M54659BFF	0	37690_SFF	14864	0.0450753	0.0923036	-0.327755
0	M54659BFF	0	37695_SFF	13531	0.0461163	0.0861725	-0.310628
0	M54659BFF	0	37697_SFF	15152	0.0421727	0.0907471	-0.335663
0	M54659BFF	0	37698_SFF	14938	0.0463248	0.0894363	-0.311852
0	M54659BFF	0	37699_SFF	14938	0.0463918	0.0893694	-0.315989
0	M54659BFF	0	37700_SFF	15399	0.0439639	0.0948763	-0.343378
0	M54659BFF	0	37701_SFF	15315	0.044858	0.093046	-0.343281
0	M54659BFF	0	37702_SFF	15058	0.0458892	0.0906495	-0.320184
0	M54659BFF	0	37703_SFF	15115	0.041085	0.0898445	-0.34564
0	M54659BFF	0	37704_SFF	15264	0.0480215	0.0912605	-0.320245
0	M54659BFF	0	37705_SFF	15045	0.0461283	0.0970422	-0.377295
0	M54659BFF	0	37706_SFF	15307	0.0457307	0.092768	-0.340034
0	M54659BFF	0	37707_SFF	12984	0.0489063	0.0788663	-0.273883
0	M54659BFF	0	37708_SFF	11680	0.0480308	0.0803082	-0.268976
0	M54659BFF	0	37710_SFF	14802	0.0471558	0.0887042	-0.307899
0	M54659BFF	0	37717_SFF	15139	0.0463042	0.0941277	-0.333127
0	M54659BFF	0	37721_SFF	14087	0.056293	0.0682189	-0.247322
0	M54659BFF	0	1412002_BFF	14584	0.0704882	0.059243	-0.17185
0	M54659BFF	0	DG05_BFF	9259	0.07193	0.0488174	-0.125389
0	M54659BFF	0	DG06_BFF	8562	0.0782527	0.0470684	-0.106155
0	M54659BFF	0	K17053010BFF	12414	0.0770098	0.0471242	-0.0944656
0	M54659BFF	0	K17053011BFF	13228	0.0786211	0.0464923	-0.100163
0	M54659BFF	0	K1705302BFF	12913	0.0781383	0.0453806	-0.0884924
0	M54659BFF	0	K1705303BFF	12139	0.0787544	0.0426724	-0.0757428
0	M54659BFF	0	K1705304BFF	9860	0.0803245	0.0401623	-0.0765777
0	M54659BFF	0	K1705305BFF	13518	0.0792277	0.0457908	-0.0915021
0	M54659BFF	0	K1705306BFF	13753	0.0746019	0.0496619	-0.113834
0	M54659BFF	0	K1705307BFF	12323	0.0771728	0.0448754	-0.105109
0	M54659BFF	0	K1705308BFF	13822	0.0758935	0.0462306	-0.104567
0	M54659BFF	0	M30431BFF	14659	0.0155536	0.127635	-3.49815
0	M54659BFF	0	M30432BFF	13496	0.0156343	0.129372	-3.51715
0	M54659BFF	0	M30434BFF	14737	0.0147248	0.128181	-3.62727
0	M54659BFF	0	M30435BFF	15256	0.082656	0.0348715	0.0195744
0	M54659BFF	0	M30436BFF	14856	0.0836026	0.0353393	0.0266974
0	M54659BFF	0	M30437BFF	11930	0.0800503	0.031601	0.0416319
0	M54659BFF	0	M30464BFF	15371	0.0860061	0.0369527	0.0198438
0	M54659BFF	0	M32949BFF	10977	0.0798032	0.0325225	0.0357143
0	M54659BFF	0	M33226BFF	14305	0.0150297	0.129815	-3.62211
0	M54659BFF	0	M33228BFF	11406	0.0834648	0.0284938	0.0584704
0	M54659BFF	0	M33229BFF	14736	0.0137079	0.129411	-3.77093
0	M54659BFF	0	M33231BFF	12680	0.0160095	0.130994	-3.62413
0	M54659BFF	0	M33232BFF	14538	0.0145825	0.128904	-3.56719
0	M54659BFF	0	M33233BFF	13783	0.015744	0.129217	-3.54692
0	M54659BFF	0	M35290BFF	14411	0.0138783	0.128374	-3.75916
0	M54659BFF	0	M35291BFF	15055	0.0775158	0.041913	-0.0293583
0	M54659BFF	0	M35292BFF	13571	0.0823079	0.0362538	0.0206767
0	M54659BFF	0	M35293BFF	11755	0.0809017	0.0321565	0.0333333
0	M54659BFF	0	M35294BFF	15005	0.077974	0.0441186	-0.0446549
0	M54659BFF	0	M35296BFF	14748	0.0786547	0.0428533	-0.0343053
0	M54659BFF	0	M35298BFF	14597	0.0783038	0.0421319	-0.0251021
0	M54659BFF	0	M53754BFF	12902	0.0867307	0.0296078	0.0539955
0	M54660BFF	0	1304001_SFF	14191	0.0489747	0.0814601	-0.263598
0	M54660BFF	0	1304004_SFF	14592	0.0496162	0.080455	-0.256583
0	M54660BFF	0	1304006_SFF	14891	0.0484185	0.0877711	-0.305573
0	M54660BFF	0	1304010_SFF	9275	0.0560647	0.0623181	-0.177207
0	M54660BFF	0	1304011_SFF	14678	0.0501431	0.0811418	-0.260107
0	M54660BFF	0	1306009_SFF	14953	0.0516284	0.0868053	-0.283354
0	M54660BFF	0	1306011_SFF	15010	0.0502332	0.0838108	-0.269951
0	M54660BFF	0	1306014_SFF	13783	0.0674744	0.0555757	-0.155486
0	M54660BFF	0	1306015_BFF	14905	0.069574	0.0587722	-0.15162
0	M54660BFF	0	1307003_SFF	15009	0.0506363	0.0837498	-0.274228
0	M54660BFF	0	1307004_SFF	14827	0.0492345	0.0832265	-0.268615
0	M54660BFF	0	1611011_BFF	15069	0.0696795	0.0583317	-0.149315
0	M54660BFF	0	1409002_SFF	14312	0.0482812	0.0844746	-0.286411
0	M54660BFF	0	1409007_SFF	14622	0.0491725	0.0853508	-0.281897
0	M54660BFF	0	1409008_SFF	14876	0.0500807	0.0855069	-0.288994
0	M54660BFF	0	1409009_SFF	14423	0.0501976	0.0834778	-0.270223
0	M54660BFF	0	1409012_SFF	14054	0.0472463	0.0806176	-0.270432
0	M54660BFF	0	1409013_SFF	14338	0.0484726	0.0802762	-0.257915
0	M54660BFF	0	1409026_SFF	11140	0.0529623	0.0649013	-0.195238
0	M54660BFF	0	1409027_SFF	13645	0.0496152	0.0790033	-0.25
0	M54660BFF	0	1409030_SFF	14396	0.0500139	0.0800917	-0.258909
0	M54660BFF	0	1409031_SFF	13870	0.048522	0.0778659	-0.247531
0	M54660BFF	0	1409032_SFF	14705	0.0448827	0.0811969	-0.269034
0	M54660BFF	0	1410001_SFF	13480	0.0498516	0.0772997	-0.239488
0	M54660BFF	0	1410002_SFF	14042	0.0493519	0.078194	-0.252704
0	M54660BFF	0	1412001_BFF	15056	0.0696068	0.0577179	-0.148839
0	M54660BFF	0	1412006_BFF	14866	0.0719763	0.0580519	-0.143353
0	M54660BFF	0	1412010_BFF	13567	0.0747402	0.049016	-0.107683
0	M54660BFF	0	1412014_BFF	13664	0.0758197	0.0501317	-0.111959
0	M54660BFF	0	1412024_BFF	14264	0.0708777	0.055945	-0.138325
0	M54660BFF	0	1510003_SFF	12145	0.0510498	0.0729518	-0.229175
0	M54660BFF	0	1510004_SFF	15007	0.0493103	0.0812954	-0.274398
0	M54660BFF	0	1610001_BFF	14899	0.0769179	0.05148	-0.10291
0	M54660BFF	0	1610002_BFF	14910	0.0763917	0.0504359	-0.094926
0	M54660BFF	0	1610012_BFF	15061	0.0765553	0.0480048	-0.0883608
0	M54660BFF	0	1610013_BFF	14480	0.0766575	0.0473066	-0.0830943
0	M54660BFF	0	1610015_BFF	15000	0.0741333	0.0504	-0.10171
0	M54660BFF	0	1610016_BFF	15145	0.0769891	0.0529548	-0.104249
0	M54660BFF	0	1610017_BFF	15157	0.0731675	0.0541664	-0.116465
0	M54660BFF	0	1409001_SFF	14790	0.0473969	0.084787	-0.287407
0	M54660BFF	0	1611012_BFF	13697	0.0699423	0.050814	-0.11398
0	M54660BFF	0	1611013_BFF	10822	0.0726298	0.0467566	-0.0850461
0	M54660BFF	0	1611032_BFF	14649	0.0735886	0.0564544	-0.14643
0	M54660BFF	0	1702005_BFF	14226	0.0864614	0.0425981	-0.0991974
0	M54660BFF	0	1702006_BFF	14257	0.0723855	0.0512029	-0.122138
0	M54660BFF	0	1702007_BFF	14408	0.0694059	0.0507357	-0.120208
0	M54660BFF	0	1702008_BFF	12065	0.0768338	0.0441774	-0.0787491
0	M54660BFF	0	1702009_BFF	15081	0.0730058	0.0581526	-0.146106
0	M54660BFF	0	1702012_BFF	11138	0.0771234	0.0433651	-0.0794431
0	M54660BFF	0	1702013_BFF	15125	0.0709421	0.0554711	-0.137712
0	M54660BFF	0	1702014_BFF	12154	0.0752839	0.042126	-0.0748603
0	M54660BFF	0	1702016_BFF	13962	0.0725541	0.053574	-0.127772
0	M54660BFF	0	1702017_BFF	12913	0.0736467	0.0513436	-0.124333
0	M54660BFF	0	1702018_BFF	15151	0.0687083	0.057422	-0.146231
0	M54660BFF	0	1702019_BFF	14394	0.0703071	0.0536335	-0.131428
0	M54660BFF	0	1702020_BFF	14998	0.0706761	0.0604081	-0.151298
0	M54660BFF	0	1702022_BFF	14522	0.0745765	0.0521278	-0.12028
0	M54660BFF	0	1702024_BFF	12230	0.0690106	0.0487326	-0.0981308
0	M54660BFF	0	1702026_BFF	14841	0.0722997	0.0557914	-0.135298
0	M54660BFF	0	1702027_BFF	13682	0.0761585	0.0505043	-0.114223
0	M54660BFF	0	1702028_BFF	11538	0.0773964	0.0423817	-0.0852433
0	M54660BFF	0	1702029_BFF	13967	0.0863464	0.043746	-0.106671
0	M54660BFF	0	1702031_BFF	14327	0.0785231	0.0469044	-0.0755777
0	M54660BFF	0	DG02_BFF	14819	0.0737567	0.0525002	-0.122377
0	M54660BFF	0	1703018_BFF	15126	0.0769536	0.0493852	-0.0942325
0	M54660BFF	0	1804002BFF	11665	0.0776682	0.04012	-0.0702783
0	M54660BFF	0	1804003BFF	14290	0.0725682	0.0515745	-0.12262
0	M54660BFF	0	1804004BFF	13960	0.0700573	0.0506447	-0.125413
0	M54660BFF	0	1804005BFF	14242	0.0733043	0.0546974	-0.131298
0	M54660BFF	0	1804006BFF	14481	0.071473	0.0535875	-0.129706
0	M54660BFF	0	1804007BFF	14207	0.0741184	0.0506089	-0.120673
0	M54660BFF	0	1804008BFF	14487	0.0733071	0.0530821	-0.128383
0	M54660BFF	0	1804009BFF	14317	0.0750856	0.0526647	-0.114217
0	M54660BFF	0	1804010BFF	14593	0.0715411	0.0531762	-0.132975
0	M54660BFF	0	1804011BFF	13862	0.0761795	0.0468908	-0.0904149
0	M54660BFF	0	1804013BFF	12842	0.0712506	0.047111	-0.0966956
0	M54660BFF	0	1804014BFF	13230	0.0769463	0.0459562	-0.0902362
0	M54660BFF	0	1804015BFF	13779	0.0756949	0.0452137	-0.0817049
0	M54660BFF	0	1804016BFF	14455	0.074853	0.0491871	-0.0956869
0	M54660BFF	0	1804017BFF	14279	0.0777365	0.0464318	-0.0893437
0	M54660BFF	0	1805001BFF	13438	0.0766483	0.0497098	-0.115683
0	M54660BFF	0	1805002BFF	14289	0.0733431	0.0512982	-0.123304
0	M54660BFF	0	1805003BFF	12405	0.07368	0.0448206	-0.0993795
0	M54660BFF	0	1815076BFF_GHFF	12919	0.0755476	0.0477591	-0.100552
0	M54660BFF	0	1815092SFF	14407	0.0474769	0.0800305	-0.261832
0	M54660BFF	0	1815093BFF_SFF	14021	0.0686827	0.0515655	-0.127145
0	M54660BFF	0	1815094SFF	10533	0.0544005	0.0675971	-0.201806
0	M54660BFF	0	1815095SFF	14897	0.0498758	0.0818957	-0.263122
0	M54660BFF	0	1815096SFF	13882	0.0502809	0.0795274	-0.254795
0	M54660BFF	0	2411005_SFF	14314	0.0510689	0.079293	-0.252402
0	M54660BFF	0	2411007_SFF	12370	0.0477769	0.0765562	-0.245343
0	M54660BFF	0	2811016_SFF	10093	0.0606361	0.0499356	-0.149403
0	M54660BFF	0	2811017_SFF	13888	0.0486031	0.077765	-0.246355
0	M54660BFF	0	37685_SFF	15164	0.044843	0.0887629	-0.311907
0	M54660BFF	0	37686_SFF	14994	0.0462185	0.0864346	-0.290916
0	M54660BFF	0	37687_SFF	15130	0.0435558	0.0905486	-0.339415
0	M54660BFF	0	37689_SFF	15158	0.0471038	0.0920966	-0.336454
0	M54660BFF	0	37690_SFF	14616	0.0450192	0.0892857	-0.312738
0	M54660BFF	0	37695_SFF	13377	0.047619	0.0839501	-0.308979
0	M54660BFF	0	37697_SFF	14928	0.0422696	0.0871517	-0.325847
0	M54660BFF	0	37698_SFF	14744	0.04707	0.0862724	-0.299825
0	M54660BFF	0	37699_SFF	14723	0.0474767	0.0863275	-0.294601
0	M54660BFF	0	37700_SFF	15167	0.0462188	0.0913167	-0.322715
0	M54660BFF	0	37701_SFF	15088	0.0452678	0.089939	-0.324703
0	M54660BFF	0	37702_SFF	14838	0.0458283	0.0870737	-0.303785
0	M54660BFF	0	37703_SFF	14896	0.0448443	0.0875403	-0.325936
0	M54660BFF	0	37704_SFF	15047	0.0475178	0.0867947	-0.289353
0	M54660BFF	0	37705_SFF	14829	0.0435633	0.0911053	-0.362658
0	M54660BFF	0	37706_SFF	15077	0.0473569	0.0890097	-0.333199
0	M54660BFF	0	37707_SFF	12800	0.0520312	0.0776562	-0.241613
0	M54660BFF	0	37708_SFF	11439	0.0489553	0.0779788	-0.248891
0	M54660BFF	0	37710_SFF	14561	0.0486917	0.0841975	-0.279444
0	M54660BFF	0	37717_SFF	14914	0.0451924	0.0876358	-0.308492
0	M54660BFF	0	37721_SFF	13837	0.0582496	0.0643926	-0.219659
0	M54660BFF	0	1412002_BFF	14381	0.0714832	0.0524998	-0.125716
0	M54660BFF	0	DG05_BFF	9300	0.073871	0.0465591	-0.0971944
0	M54660BFF	0	DG06_BFF	8634	0.0773685	0.0423905	-0.0831994
0	M54660BFF	0	K17053010BFF	12308	0.0758856	0.0418427	-0.0696286
0	M54660BFF	0	K17053011BFF	13043	0.0815763	0.0425516	-0.0649431
0	M54660BFF	0	K1705302BFF	12739	0.0800691	0.0447445	-0.0743562
0	M54660BFF	0	K1705303BFF	12011	0.0814254	0.0413787	-0.0593105
0	M54660BFF	0	K1705304BFF	9834	0.081147	0.0362009	-0.0497636
0	M54660BFF	0	K1705305BFF	13305	0.0806464	0.0433672	-0.0669148
0	M54660BFF	0	K1705306BFF	13569	0.072813	0.0460609	-0.089574
0	M54660BFF	0	K1705307BFF	12140	0.0805601	0.0372323	-0.0483346
0	M54660BFF	0	K1705308BFF	13663	0.0765571	0.0447193	-0.0834461
0	M54660BFF	0	M30431BFF	14453	0.0166747	0.126202	-3.47127
0	M54660BFF	0	M30432BFF	13309	0.0172815	0.127433	-3.45513
0	M54660BFF	0	M30434BFF	14510	0.0155755	0.124604	-3.5068
0	M54660BFF	0	M30435BFF	15029	0.0843037	0.0360636	0.0105272
0	M54660BFF	0	M30436BFF	14597	0.0863876	0.0321299	0.0431582
0	M54660BFF	0	M30437BFF	11756	0.0825111	0.0317285	0.0403055
0	M54660BFF	0	M30464BFF	15132	0.0849194	0.0334391	0.0272727
0	M54660BFF	0	M32949BFF	10794	0.080415	0.0301093	0.047806
0	M54660BFF	0	M33226BFF	14065	0.0146463	0.124067	-3.48259
0	M54660BFF	0	M33228BFF	11204	0.0826491	0.0251696	0.0755788
0	M54660BFF	0	M33229BFF	14524	0.01439	0.126411	-3.62136
0	M54660BFF	0	M33231BFF	12503	0.0149564	0.128689	-3.62412
0	M54660BFF	0	M33232BFF	14341	0.0147131	0.125305	-3.46466
0	M54660BFF	0	M33233BFF	13587	0.0171487	0.124825	-3.44246
0	M54660BFF	0	M35290BFF	14209	0.0142867	0.125062	-3.59155
0	M54660BFF	0	M35291BFF	14842	0.0811211	0.042245	-0.030654
0	M54660BFF	0	M35292BFF	13409	0.0807666	0.0330375	0.0298521
0	M54660BFF	0	M35293BFF	11626	0.0828316	0.0295028	0.0528565
0	M54660BFF	0	M35294BFF	14788	0.0804707	0.0412497	-0.0285592
0	M54660BFF	0	M35296BFF	14533	0.0814698	0.0394963	-0.0163025
0	M54660BFF	0	M35298BFF	14377	0.0779718	0.0377687	-0.0115211
0	M54660BFF	0	M53754BFF	12702	0.0881751	0.0255865	0.0805388
0	M54660BFF	0	M54659BFF	13664	0.0853337	0.029274	0.0593672
