	SFF	GHFF	LRFF	BFF	IBFF
SFF		0.170504	0.169922	0.0577595	0.125999
GHFF			0.247684	0.14316	0.410184
LRFF				0.143779	0.332467
BFF					0.0795414
