	SFF	GHFF	LRFF	BFF	IBFF
SFF		0.166134	0.162469	0.0630604	0.116414
GHFF			0.191957	0.140288	0.32338
LRFF				0.139154	0.283814
BFF					0.0713569
